event_id,mag,depth,sig,latitude,longitude,tsunami,place,economic_loss
us7000q9hh,5.2,10.0,416,29.3819,129.4814,0,"103 km N of Tatsugō, Japan",
us7000q9hc,5.3,10.0,432,-3.3008,146.5308,0,"162 km SSW of Lorengau, Papua New Guinea",
us7000q9h4,5.1,10.0,400,3.864,-82.6341,0,south of Panama,
us7000q9fs,5.4,10.0,449,29.3062,129.3422,0,"98 km NNW of Tatsugō, Japan",0.0
us7000q9f3,5.2,10.0,419,30.3495,69.7968,0,"56 km NNE of Barkhan, Pakistan",68378.0
us7000q9e7,5.0,66.31,391,13.7159,-90.8717,0,"24 km SSW of Puerto San José, Guatemala",
us7000q9dv,5.2,35.0,416,-55.7567,-27.092,0,South Sandwich Islands region,
us7000q9d1,5.3,53.159,432,2.7565,127.3287,0,"136 km NNW of Tobelo, Indonesia",
us7000q9cb,5.1,10.0,400,72.414,142.0095,0,"288 km NW of Chokurdakh, Russia",
us7000q9b5,6.6,10.0,670,-60.9793,-38.9672,1,Scotia Sea,0.0
us7000q9an,5.2,10.0,416,51.4887,-168.5835,0,"162 km S of Nikolski, Alaska",
us7000q99p,5.5,229.0,465,-19.8818,-176.0335,0,"161 km NNW of Houma, Tonga",0.0
us7000q97d,6.0,99.77,594,5.2888,126.0425,0,"65 km E of Sarangani, Philippines",0.0
us7000q938,5.1,10.0,400,9.5357,93.8546,0,"265 km SSE of Port Blair, India",
us7000q91k,5.1,10.0,400,34.4403,98.9489,0,"200 km W of Oula Xiuma, China",
us7000q8vy,5.0,135.478,385,-5.6392,154.3387,0,"147 km WNW of Panguna, Papua New Guinea",
us7000q8tw,6.2,10.0,591,-35.7221,-17.0441,0,southern Mid-Atlantic Ridge,0.0
us7000q8mr,5.3,196.89,432,-22.8203,-177.2155,0,"269 km SW of Houma, Tonga",
us7000q8l7,5.4,10.0,449,9.4363,93.8934,0,"276 km SSE of Port Blair, India",0.0
us7000q8kv,5.2,10.0,416,-41.4874,80.4508,0,Mid-Indian Ridge,
us7000q8dd,5.1,10.0,400,29.3177,129.3656,0,"98 km NNW of Tatsugō, Japan",
us7000q8d2,5.0,58.242,385,4.4147,126.7057,0,"175 km SE of Sarangani, Philippines",
us7000q8c4,5.0,557.71,385,-18.0225,-178.2053,0,"262 km E of Levuka, Fiji",
pr2025175000,5.7,68.0,1100,19.2245,-68.1103,0,"77 km NNE of Punta Cana, Dominican Republic",0.0
us7000q8be,5.5,39.859,465,-10.9655,162.6253,0,"95 km SE of Kirakira, Solomon Islands",0.0
us7000q8bd,6.2,10.0,596,7.9765,129.9606,0,east of the Philippine Islands,0.0
us7000q89a,5.4,146.154,453,13.7816,144.6729,0,"34 km NNW of Dededo Village, Guam",0.0
us7000q88k,5.0,10.0,385,29.3425,129.3401,0,"102 km NNW of Tatsugō, Japan",
us6000qlyq,5.1,10.0,400,29.3027,129.5391,0,"94 km N of Tatsugō, Japan",
us6000qlwa,5.3,67.624,432,-5.9266,150.7454,0,"79 km ESE of Kimbe, Papua New Guinea",
us6000qlr7,5.0,10.0,385,29.2979,129.4444,0,"95 km N of Tatsugō, Japan",
us6000qlqy,5.3,10.0,432,-26.3825,-177.3807,0,south of the Fiji Islands,
us6000qlqv,5.0,10.0,385,-26.2189,-177.4518,0,south of the Fiji Islands,
us7000qahy,5.3,39.188,432,42.8989,146.573,0,"93 km ESE of Nemuro, Japan",
us6000qlnz,6.0,18.0,554,42.8951,146.4037,0,"82 km SE of Nemuro, Japan",0.0
us6000qlnk,5.2,49.966,434,-2.6158,-79.6742,0,"8 km NW of Naranjal, Ecuador",
us6000qlev,5.0,10.0,385,2.8774,-31.3365,0,central Mid-Atlantic Ridge,
us6000qlej,5.1,10.0,400,-60.6184,-19.8862,0,east of the South Sandwich Islands,
us6000qlca,5.0,10.0,385,3.0098,-31.4978,0,central Mid-Atlantic Ridge,
us6000ql8u,5.5,37.0,465,-6.171,147.856,0,"42 km N of Finschhafen, Papua New Guinea",0.0
us6000ql8j,5.0,10.0,385,2.9684,-31.4072,0,central Mid-Atlantic Ridge,
us6000ql8f,5.1,10.0,400,0.8027,-28.9079,0,central Mid-Atlantic Ridge,
us6000ql87,5.3,10.0,432,2.9504,-31.3093,0,central Mid-Atlantic Ridge,
us6000ql7w,5.1,31.67,400,17.156,147.2637,0,"268 km NE of Saipan, Northern Mariana Islands",
us6000ql7v,5.1,10.0,400,3.0444,-31.2991,0,central Mid-Atlantic Ridge,
us6000ql4i,5.9,19.0,536,42.9403,146.4787,0,"84 km ESE of Nemuro, Japan",0.0
us6000ql15,5.4,10.0,449,-47.5843,165.542,0,"232 km SW of Riverton, New Zealand",0.0
us6000ql02,5.4,79.464,458,13.0775,-88.5694,0,"22 km S of Puerto El Triunfo, El Salvador",0.0
us6000qkzh,5.8,9.0,518,14.7728,-94.0883,0,"123 km SW of El Palmarcito, Mexico",0.0
us6000qkw9,5.0,68.264,385,-57.9144,-25.4478,0,South Sandwich Islands region,
us7000q9t4,5.1,10.0,400,-36.3897,-98.1644,0,southeast of Easter Island,
us6000qks2,5.3,53.724,432,8.2198,126.7159,0,"31 km ENE of Barcelona, Philippines",
us6000qks0,5.0,10.0,385,-33.0595,-13.3452,0,southern Mid-Atlantic Ridge,
us6000qkrl,5.1,64.54,400,2.193,126.583,0,"166 km WNW of Tobelo, Indonesia",
us6000qkr0,5.0,10.0,393,-0.9126,-78.2111,0,"44 km ENE of San Miguel de Salcedo, Ecuador",
us6000qkj7,5.0,96.721,385,-17.084,-174.0827,0,"128 km SSW of Hihifo, Tonga",
us6000qkge,5.2,170.88,416,-24.4489,-66.8963,0,"63 km WSW of San Antonio de los Cobres, Argentina",
us6000qkg7,5.6,40.0,755,-12.1764,-77.4434,0,"37 km WSW of Callao, Peru",1143778.0
us6000qkek,5.1,10.0,400,-56.2114,-143.8027,0,Pacific-Antarctic Ridge,
us6000qkdl,5.3,10.0,432,-56.0172,-26.6096,0,South Sandwich Islands region,
us6000qkc5,5.0,10.0,385,-36.5332,-110.6034,0,southern East Pacific Rise,
us6000qkbr,5.0,8.117,385,-19.9141,-173.6124,0,"76 km ESE of Fangale’ounga, Tonga",
us6000qka3,5.3,10.0,432,2.2015,66.8265,0,Carlsberg Ridge,0.0
us6000qk9r,5.0,58.365,385,38.5813,142.0012,0,"50 km ENE of Onagawa Chō, Japan",
us6000qk9m,5.0,10.0,385,-35.6874,-18.7212,0,southern Mid-Atlantic Ridge,
us6000qk9a,5.4,10.0,449,-36.5405,-110.6876,0,southern East Pacific Rise,
us6000qk90,5.6,10.0,482,-36.5978,-110.5689,0,southern East Pacific Rise,0.0
us6000qk7h,5.7,10.0,500,-36.397,-110.8137,0,southern East Pacific Rise,0.0
us6000qk6i,5.0,157.959,385,-17.8763,168.501,0,"25 km SE of Port-Vila, Vanuatu",
us6000qk4v,6.0,35.0,554,46.1842,153.426,0,Kuril Islands,0.0
us6000qk2b,5.0,72.673,385,-5.9694,149.5578,0,"26 km N of Kandrian, Papua New Guinea",
us6000qk1c,5.3,365.848,432,-15.2932,-176.2693,0,"222 km S of Mata-Utu, Wallis and Futuna",
us6000qk0w,5.3,10.0,432,-62.0394,162.1379,0,Balleny Islands region,
us6000qjtq,5.0,30.268,385,5.2363,125.3653,0,"21 km SSW of Sarangani, Philippines",
us6000qjs8,5.0,10.0,385,-62.9489,-162.833,0,Pacific-Antarctic Ridge,
us6000qjrq,5.5,10.0,465,-63.2081,-164.4234,0,Pacific-Antarctic Ridge,0.0
us6000qjrc,5.1,10.0,400,-63.5582,-163.5379,0,Pacific-Antarctic Ridge,
us6000qjr3,5.7,10.0,500,-63.2412,-163.7581,0,Pacific-Antarctic Ridge,0.0
us6000qjqv,5.0,67.657,386,-6.3254,-79.9277,0,"13 km WNW of Jayanca, Peru",
us6000qjn7,5.2,60.423,416,-20.6781,169.6347,0,"131 km SSE of Isangel, Vanuatu",
us6000qjj5,5.9,29.331,565,23.3659,121.6239,0,"67 km S of Hualien City, Taiwan",0.0
us6000qjil,5.2,214.417,416,-13.3339,167.1963,0,"71 km NNW of Sola, Vanuatu",
us6000qjb8,5.1,32.45,400,-55.3994,-28.5302,0,South Sandwich Islands region,
us6000qja6,5.6,11.592,482,-55.3523,-28.0375,0,South Sandwich Islands region,0.0
us6000qj9w,5.4,15.227,449,-55.4483,-28.168,0,South Sandwich Islands region,0.0
us6000qj67,5.1,167.515,400,13.6999,120.7166,0,"16 km S of Hukay, Philippines",
us6000qj0l,5.5,10.0,465,-47.8884,115.9579,0,western Indian-Antarctic Ridge,0.0
us6000qj0h,5.9,9.0,536,-47.8029,116.0489,0,western Indian-Antarctic Ridge,0.0
us6000qiye,5.1,10.0,400,-59.858,-150.4824,0,Pacific-Antarctic Ridge,
us6000qixr,6.3,9.0,972,4.4852,-73.1248,0,"15 km NE of Paratebueno, Colombia",18604051.0
us6000qiw6,5.2,10.0,416,-47.8412,116.1315,0,western Indian-Antarctic Ridge,
us6000qiw2,5.2,10.0,416,87.0815,48.4406,0,north of Franz Josef Land,
us6000qiv6,5.3,10.0,432,14.6129,144.2012,0,"137 km NNW of Piti Village, Guam",
us6000qisj,6.2,10.0,591,-47.8272,115.9955,0,western Indian-Antarctic Ridge,0.0
us6000qiq1,5.4,10.093,491,40.2717,24.1669,0,"6 km WNW of Karyes, Greece",269.0
us6000qipm,5.3,10.0,432,-57.2756,-66.8962,0,"288 km SSE of Ushuaia, Argentina",0.0
us6000qlsz,5.1,10.0,400,-14.9452,66.9026,0,Mid-Indian Ridge,
us6000qinr,5.5,10.0,465,-14.9216,66.7948,0,Mid-Indian Ridge,0.0
us6000qilr,5.0,197.913,385,-5.5494,147.3749,0,"123 km NNW of Finschhafen, Papua New Guinea",
us6000qilg,5.1,10.0,400,13.1213,-81.1784,0,"33 km SE of Mountain, Colombia",
us6000qiig,5.9,359.0,536,-22.0335,-178.0449,0,"299 km WSW of Houma, Tonga",0.0
us6000qigd,6.4,75.0,684,-26.639,-70.4039,1,"45 km SW of Diego de Almagro, Chile",4824051.0
us6000qi0w,5.6,10.0,482,5.3502,-82.6724,0,"297 km S of Burica, Panama",0.0
us6000qhzg,5.0,10.0,387,26.3717,100.0201,0,"21 km SSE of Jinhua, China",
us6000qhxk,5.0,70.99,385,-11.9603,166.1371,0,"141 km SSE of Lata, Solomon Islands",
us6000qhub,5.2,10.0,416,-3.447,131.0108,0,"154 km WSW of Fakfak, Indonesia",
us6000qhnr,5.1,42.826,400,41.7865,143.4834,0,"57 km SSE of Hiroo, Japan",
us6000qhma,5.1,26.858,405,34.9737,25.8273,0,"8 km ESE of Ierápetra, Greece",
us6000qhly,5.0,518.468,385,-4.6824,155.2729,0,"174 km NNW of Kieta, Papua New Guinea",
us6000qhjx,5.1,58.863,400,-7.3196,147.8867,0,"84 km S of Finschhafen, Papua New Guinea",
us6000qhiq,5.8,72.0,745,36.7258,28.1891,0,"8 km SSW of İçmeler, Turkey",2.0
us6000qhba,5.2,10.0,416,-27.6794,-178.1079,0,Kermadec Islands region,
us6000qhaf,5.8,27.0,518,41.7431,143.6866,0,"68 km SSE of Hiroo, Japan",0.0
us6000qh6m,5.2,10.0,416,-16.6866,-172.1765,0,"191 km ESE of Hihifo, Tonga",
us6000qh5j,6.2,10.0,591,-27.8491,-178.1234,0,Kermadec Islands region,0.0
us6000qh59,6.0,10.0,554,-28.1865,-178.5389,0,Kermadec Islands region,0.0
us6000qh35,6.1,10.0,572,-27.7396,-177.9502,0,Kermadec Islands region,0.0
us6000qh2d,5.2,10.0,416,-22.7948,-173.8276,0,"198 km SE of ‘Ohonua, Tonga",
us6000qh1r,6.0,21.0,554,42.2705,144.4895,0,"78 km S of Kushiro, Japan",0.0
us6000qh1e,5.3,35.0,432,-55.7478,-27.1303,0,South Sandwich Islands region,
us6000qgxv,5.2,78.794,416,-22.2178,-175.8971,0,"131 km SSW of Houma, Tonga",
us6000qgts,6.2,10.0,591,-53.2836,9.1051,0,southwest of Africa,0.0
us6000qgsq,5.0,46.748,385,47.9122,154.2723,0,Kuril Islands,
us6000qgsb,5.4,60.428,449,43.8477,147.3295,0,"49 km E of Shikotan, Russia",0.0
us6000qgn1,5.0,47.853,385,44.4754,149.4194,0,"147 km SE of Kuril’sk, Russia",
us6000qgju,5.2,41.31,416,-30.6072,-178.0686,0,"Kermadec Islands, New Zealand",
us6000qgic,5.0,10.0,386,28.2544,57.3601,0,"125 km SSE of Kūh Sefīd, Iran",
us6000qgib,5.0,10.0,385,-15.8553,167.0117,0,"40 km SSW of Luganville, Vanuatu",
us6000qgf5,5.1,37.337,401,-14.8801,-75.7267,0,"59 km WSW of Changuillo, Peru",
us6000qgeq,5.8,28.0,573,12.7347,144.957,0,"63 km SSE of Inarajan Village, Guam",0.0
us6000qgdb,5.4,10.0,449,19.7156,-109.3426,0,Revilla Gigedo Islands region,0.0
us6000qgd9,5.9,190.0,536,-14.1835,167.3309,0,"41 km SW of Sola, Vanuatu",0.0
us6000qgb9,5.1,35.0,400,-14.9242,-75.7626,0,"64 km WSW of Changuillo, Peru",
us6000qgb5,5.8,10.0,518,19.5611,-109.1593,0,Revilla Gigedo Islands region,0.0
us6000qga6,5.8,10.0,518,19.688,-109.194,0,Revilla Gigedo Islands region,0.0
us6000qg9r,5.1,49.996,424,24.4467,93.8427,0,"8 km SE of Moirāng, India",
us6000qg94,5.0,545.272,385,-23.4224,178.8889,0,south of the Fiji Islands,
us7000q1pq,5.0,10.0,390,12.8969,145.2843,0,"71 km SE of Inarajan Village, Guam",
us7000q1pg,5.2,10.0,416,84.9845,96.8306,0,north of Severnaya Zemlya,
us7000q1ni,5.3,10.0,433,-10.2116,110.3,0,"249 km S of Pundong, Indonesia",0.0
us7000q1nh,5.1,10.0,405,30.8218,50.4361,0,"12 km WNW of Dehdasht, Iran",
us7000q1nc,5.0,23.24,398,38.2597,22.6511,0,"13 km S of Antikyra, Greece",
us7000q1ik,5.0,10.0,385,85.0316,97.0053,0,north of Severnaya Zemlya,
us7000q1ig,5.2,10.0,416,85.0331,96.2358,0,north of Severnaya Zemlya,
us7000q1ib,5.3,65.431,433,42.2681,143.1149,0,"15 km W of Hiroo, Japan",
us7000q1hq,5.0,10.0,387,11.972,143.8864,0,"166 km SSW of Merizo Village, Guam",
us7000q1h3,5.7,105.0,521,-19.6168,-69.4505,0,"33 km S of Camiña, Chile",0.0
us7000q1e7,6.0,48.0,555,-22.8374,-175.8016,0,"187 km SSW of ‘Ohonua, Tonga",0.0
us7000q1c6,5.0,10.0,385,50.2314,88.1222,0,"28 km ESE of Aktash, Russia",
us7000q19u,5.1,10.0,400,-57.2189,-67.2903,0,"275 km SSE of Ushuaia, Argentina",
us7000q19r,5.0,10.0,385,-57.2527,-67.3642,0,"278 km SSE of Ushuaia, Argentina",
us7000q18v,5.0,10.0,385,-56.8159,-68.4705,0,"223 km S of Ushuaia, Argentina",
us7000q18d,5.2,35.0,427,16.6932,120.2389,0,"11 km NW of San Fernando, Philippines",
us7000q16a,5.0,41.21,385,2.0968,126.6767,0,"153 km WNW of Tobelo, Indonesia",
us7000q14k,6.1,10.0,572,-56.5536,147.6655,0,west of Macquarie Island,0.0
us7000q103,5.2,10.0,416,53.2659,-164.4101,0,"132 km SE of Akutan, Alaska",
us7000q0yk,5.4,48.0,449,41.9147,142.532,0,"33 km SW of Urakawa, Japan",0.0
us7000q0wc,5.1,10.0,400,-9.4965,-74.8584,0,"19 km NE of Yuyapichis, Peru",
us7000q0w7,5.7,47.0,507,-3.9908,102.2539,0,"21 km S of Bengkulu, Indonesia",1380.0
us7000q0vi,5.0,67.918,386,12.9288,-88.5923,0,"39 km S of Puerto El Triunfo, El Salvador",
us7000q0sq,5.0,10.0,385,-48.9463,123.5713,0,western Indian-Antarctic Ridge,
us7000q0re,5.7,10.0,500,-37.4859,51.3609,0,South Indian Ocean,0.0
us7000q0r8,5.2,10.0,416,-37.4056,51.5058,0,South Indian Ocean,
us7000q0pq,6.2,64.0,1223,35.8915,25.9159,0,"66 km SE of Emporeío, Greece",39154855.0
us7000q0p1,5.2,38.15,416,-56.0306,-26.7365,0,South Sandwich Islands region,
us7000q0m0,5.2,35.0,416,-56.7605,-25.6669,0,South Sandwich Islands region,
us7000q0gl,5.2,10.0,418,-56.9634,-67.0983,0,"251 km SSE of Ushuaia, Argentina",0.0
us6000qhq8,5.3,10.0,432,-3.3547,144.9897,0,"129 km NE of Angoram, Papua New Guinea",
us7000q0bm,6.5,16.819,662,-3.7575,144.8116,1,"89 km ENE of Angoram, Papua New Guinea",151052.0
us7000q09z,5.6,10.0,482,35.3444,-36.01,0,northern Mid-Atlantic Ridge,0.0
us7000q08z,5.0,95.468,385,-31.0643,-178.4757,0,Kermadec Islands region,
us7000q08l,5.0,10.0,385,-11.0787,111.1236,0,"south of Java, Indonesia",
us7000q05q,5.0,10.0,385,-24.4031,-175.0876,0,south of Tonga,
us7000q05b,5.0,10.0,385,-7.1735,-13.0571,0,"171 km ENE of Georgetown, Saint Helena",
us7000q053,5.4,10.0,449,-35.7217,-102.9882,0,southeast of Easter Island,0.0
us7000q040,5.3,10.0,432,-30.1757,-177.3091,0,"Kermadec Islands, New Zealand",
us7000pzv3,5.1,10.0,404,21.4196,96.0564,0,"22 km SSW of Kyaukse, Burma (Myanmar)",
us7000pztw,5.9,101.0,554,-14.7608,-74.1437,0,"5 km W of San Pedro, Peru",78.0
us7000pzt7,5.0,10.0,385,-35.0762,-107.1542,0,southern East Pacific Rise,
us7000pzrm,5.3,10.0,432,-3.5259,145.3231,0,"151 km ENE of Angoram, Papua New Guinea",
us7000pzrk,5.1,10.0,403,9.867,122.182,0,"24 km W of Bulata, Philippines",
us7000pzg9,5.0,57.073,385,-55.8687,-27.8024,0,South Sandwich Islands region,
us7000pzcp,5.5,10.0,465,-54.5498,-135.3414,0,Pacific-Antarctic Ridge,0.0
us7000pzcl,5.0,10.0,406,39.1296,33.238,0,"14 km ENE of Kulu, Turkey",
us7000pzaa,5.9,476.627,536,-7.136,126.1331,0,"152 km NNW of Baukau, Timor Leste",0.0
us7000pz8t,5.2,10.0,416,-5.8972,-81.1057,0,"49 km SW of Sechura, Peru",
us7000pz7y,5.2,10.0,416,-56.9481,-140.8832,0,Pacific-Antarctic Ridge,
us7000pz4c,5.0,10.0,385,-49.5429,117.2451,0,western Indian-Antarctic Ridge,
us7000pz41,6.4,260.0,632,-18.7126,-175.3343,0,"142 km W of Neiafu, Tonga",0.0
us7000pz2p,6.0,76.202,1122,35.237,26.9951,0,"20 km SSE of Fry, Greece",2418.0
us7000pz23,5.9,11.902,537,18.6822,-107.2678,0,"240 km SW of La Cruz de Loreto, Mexico",0.0
us7000pyzs,5.6,445.198,482,27.2228,140.058,0,"Bonin Islands, Japan region",0.0
us7000pyzd,5.2,10.0,416,-13.407,-111.3525,0,central East Pacific Rise,
us7000pyxf,5.2,10.0,421,-51.3717,-71.8409,0,"35 km NE of 28 de Noviembre, Argentina",
us7000pyvj,5.0,55.538,385,2.1092,126.686,0,"153 km WNW of Tobelo, Indonesia",
us7000pytn,5.0,137.81,385,-18.299,-69.2257,0,"96 km WSW of Curahuara de Carangas, Bolivia",
us7000pytm,5.3,60.667,433,41.5868,142.0431,0,"76 km ENE of Mutsu, Japan",
us7000pyqv,5.0,89.172,404,10.8661,-62.3886,0,"33 km NNW of Güiria, Venezuela",
us7000pyqf,5.4,10.0,449,-20.4984,-174.1371,0,"79 km SSE of Pangai, Tonga",0.0
us7000pyqc,5.3,10.0,432,62.6809,178.5191,1,"59 km SW of Beringovskiy, Russia",
us7000pyq7,5.5,9.0,663,29.0536,87.6068,0,"126 km W of Rikaze, China",36129754.0
us7000pyn1,5.9,60.0,567,-17.6883,168.3085,0,"5 km N of Port-Vila, Vanuatu",213.0
us7000pyjn,5.7,85.754,535,3.7925,97.0065,0,"19 km ENE of Blangpidie, Indonesia",0.0
us7000pydf,5.1,19.118,400,-15.9025,-74.4726,0,"16 km SW of Atiquipa, Peru",
us7000pyc9,5.3,162.043,434,-7.1391,129.1951,0,"286 km ENE of Lospalos, Timor Leste",
us7000pyba,5.0,35.0,385,-33.1025,-178.8044,0,south of the Kermadec Islands,
us7000py8y,5.2,224.913,417,-12.3764,166.9716,0,"177 km NNW of Sola, Vanuatu",
us7000py39,5.7,10.0,500,-60.5475,160.0246,0,Macquarie Island region,0.0
us7000pxx7,5.4,45.0,453,-3.8399,-80.7011,0,"12 km NNW of Cañaveral, Peru",0.0
us7000pxwq,5.4,10.0,449,-35.4083,-103.7898,0,southeast of Easter Island,0.0
us7000pxul,5.0,10.0,385,-22.586,69.2985,0,Mid-Indian Ridge,
us7000pxne,5.3,10.0,432,0.8917,97.386,0,"50 km SSW of Gunungsitoli, Indonesia",
us7000pxjh,5.7,10.0,500,-4.0452,-104.1959,0,central East Pacific Rise,0.0
us7000pxj7,5.5,102.0,466,-19.9606,169.4788,0,"50 km SSE of Isangel, Vanuatu",0.0
us7000pxgl,5.0,10.0,385,-21.101,-174.3386,0,"69 km ENE of ‘Ohonua, Tonga",
us7000pxfh,5.1,133.215,400,-4.4241,144.3302,0,"49 km SE of Angoram, Papua New Guinea",
us7000pxd6,5.3,10.0,432,64.6302,-17.4981,0,"117 km WNW of Höfn, Iceland",
us7000px8u,5.0,12.659,385,-28.2867,-176.5617,0,Kermadec Islands region,
us7000px8h,5.6,27.0,488,23.909,121.9671,0,"37 km ESE of Hualien City, Taiwan",0.0
us7000px8b,5.1,10.0,403,23.9405,122.0201,0,"42 km E of Hualien City, Taiwan",
us7000px85,5.1,22.933,402,-29.4675,-71.9242,0,"78 km NW of Coquimbo, Chile",
us7000px7i,5.8,261.0,520,16.5292,-92.5534,0,"5 km NNE of Nuevo León, Mexico",0.0
us7000px6v,6.0,10.0,554,-35.1429,-107.4203,0,southern East Pacific Rise,0.0
us7000px2i,5.0,34.909,386,-10.0316,160.266,0,"70 km ESE of Malango, Solomon Islands",
pr2025124000,5.63,20.0,666,18.9858,-64.316,0,"88 km NE of Cruz Bay, U.S. Virgin Islands",
us7000px11,5.0,10.0,385,-57.1167,-67.1627,0,"266 km SSE of Ushuaia, Argentina",
us7000px0y,5.3,10.0,432,-57.5433,-67.6987,0,Drake Passage,
us7000px0q,5.2,10.0,417,29.2375,142.0838,0,"Izu Islands, Japan region",
tx2025iqwk,5.4,7.5354,979,31.647,-104.458,0,"59 km S of Whites City, New Mexico",4.0
us7000pwxj,5.1,32.353,401,-3.2806,141.0731,0,"70 km SSW of Vanimo, Papua New Guinea",
us7000pwxb,5.0,10.0,386,-3.3431,143.5962,0,"23 km N of Wewak, Papua New Guinea",
us7000pwvy,5.9,92.0,541,0.5053,121.636,0,"158 km W of Gorontalo, Indonesia",0.0
us7000pwvb,5.0,10.0,385,-57.0716,-67.7127,0,"254 km S of Ushuaia, Argentina",
us7000pwu9,5.2,10.0,421,-3.1894,141.0465,0,"62 km SSW of Vanimo, Papua New Guinea",0.0
us7000pwti,5.0,10.0,385,-54.3373,-48.7448,0,South Atlantic Ocean,
us7000pwrl,5.3,10.0,432,-57.1328,-67.2677,0,"266 km SSE of Ushuaia, Argentina",0.0
us7000pwr3,5.0,10.0,385,-57.3753,-66.863,0,"299 km SSE of Ushuaia, Argentina",
us7000pwqr,5.1,10.0,400,-57.3958,-67.2137,0,"295 km SSE of Ushuaia, Argentina",
us7000pwq4,5.1,10.0,400,-57.3925,-67.1308,0,"296 km SSE of Ushuaia, Argentina",
us7000px5q,5.0,10.0,385,-57.418,-67.0406,0,Drake Passage,
us7000pwpu,6.4,8.0,634,-57.304,-67.0168,1,"289 km SSE of Ushuaia, Argentina",0.0
us7000pwp8,5.3,10.0,432,-57.3577,-67.2414,0,"291 km SSE of Ushuaia, Argentina",
us7000pwl9,5.1,10.0,400,-57.065,-67.6032,0,"254 km S of Ushuaia, Argentina",
us7000pwl6,5.3,10.0,432,-57.2793,-67.5325,0,"279 km S of Ushuaia, Argentina",0.0
us7000pwl0,5.6,10.0,482,-57.121,-67.4986,0,"262 km SSE of Ushuaia, Argentina",0.0
us7000pwkz,5.7,10.0,500,-57.2358,-67.2023,0,"278 km SSE of Ushuaia, Argentina",0.0
us7000pwl1,5.4,10.0,449,-56.8541,-68.5794,0,"228 km S of Ushuaia, Argentina",0.0
us7000pwt4,5.5,10.0,465,-57.0575,-67.3954,0,"256 km SSE of Ushuaia, Argentina",0.0
us7000pwkn,7.4,10.0,890,-56.8094,-68.1019,1,2025 Drake Passage Earthquake,0.0
us7000pwjw,5.8,43.0,518,-7.164,156.1376,0,"118 km SE of Panguna, Papua New Guinea",0.0
us7000pwjg,5.0,38.584,385,-58.0483,-25.0982,0,South Sandwich Islands region,
us7000pwi4,5.1,10.0,400,31.7558,-40.9258,0,northern Mid-Atlantic Ridge,
us7000pwfl,5.1,10.0,400,-6.1776,151.4559,0,"161 km ESE of Kimbe, Papua New Guinea",
us7000pwdx,5.2,35.0,416,15.0451,-94.156,0,"104 km SW of Manuel Ávila Camacho (Ponte Duro), Mexico",
us7000pwdl,5.4,11.0,456,-28.5676,-67.4699,0,"56 km S of Tinogasta, Argentina",216.0
us7000pwc8,5.1,10.0,400,-6.5292,150.6475,0,"122 km SSE of Kimbe, Papua New Guinea",
us7000pwb3,5.2,33.065,419,-9.517,159.5202,0,"29 km NW of Malango, Solomon Islands",
us7000pw2m,5.4,74.502,449,-5.6091,151.0556,0,"101 km E of Kimbe, Papua New Guinea",0.0
us7000pw1p,5.2,10.0,416,10.0455,-104.5639,0,northern East Pacific Rise,
us7000pvxz,5.1,10.0,400,-20.8743,-173.9039,0,"120 km ENE of ‘Ohonua, Tonga",
us7000pvxu,5.0,10.0,385,-54.29,155.777,0,Macquarie Island region,
us7000pvtr,6.8,18.957,711,-54.2616,155.6446,1,Macquarie Island region,0.0
us7000pvtg,5.3,77.681,432,-12.9215,166.4602,0,"158 km NW of Sola, Vanuatu",
us7000pvtd,5.2,10.0,416,-27.8016,-176.5263,0,Kermadec Islands region,
us7000pvta,5.6,10.0,482,-28.1396,-175.2966,0,Kermadec Islands region,0.0
us7000pvt7,6.2,10.595,591,-48.1824,165.3571,0,"285 km SW of Bluff, New Zealand",0.0
us7000pvry,5.0,10.0,385,33.4369,81.8287,0,western Xizang,
us7000pvqh,5.4,35.0,449,-6.2542,149.8973,0,"39 km E of Kandrian, Papua New Guinea",0.0
us7000pvhf,5.0,10.786,385,52.2281,-168.5126,0,"82 km SSE of Nikolski, Alaska",
us7000pvfd,5.6,18.0,484,19.2068,121.1565,0,"65 km N of Namuac, Philippines",0.0
us7000pvfb,5.5,20.0,465,19.2094,121.0904,0,"66 km N of Claveria, Philippines",0.0
us7000pvdp,5.1,10.0,400,-56.2791,147.1152,0,west of Macquarie Island,
us7000pvd8,5.9,10.0,536,-56.1563,147.0791,0,west of Macquarie Island,0.0
us7000pvax,5.1,10.0,400,-28.8614,-176.2021,0,Kermadec Islands region,
us7000pv9q,5.0,10.0,385,-57.7797,-17.8943,0,east of the South Sandwich Islands,
us7000pv6f,5.1,10.0,400,31.09,98.982,0,"171 km E of Qamdo, China",
us7000pv5c,5.1,10.0,400,-22.1785,170.5915,0,"288 km ESE of Tadine, New Caledonia",
us7000pv4w,5.1,44.774,400,-6.748,147.4341,0,"48 km E of Lae, Papua New Guinea",
us7000pv09,5.2,10.0,416,-23.4844,-175.3988,0,"241 km S of ‘Ohonua, Tonga",
us7000pv06,6.3,18.0,695,1.0835,-79.5319,0,"19 km NE of Esmeraldas, Ecuador",3368425.0
us7000pux2,5.7,10.0,500,-46.3555,95.9761,0,southeast Indian Ridge,0.0
us7000puqf,5.0,10.0,385,48.628,157.6197,0,"251 km SSE of Severo-Kuril’sk, Russia",
us7000pun2,5.1,28.582,401,-30.7311,-71.8782,0,"66 km WSW of Ovalle, Chile",
us7000pulm,5.0,130.697,385,-19.6606,-175.3341,0,"104 km W of Pangai, Tonga",
us7000puqk,5.2,10.0,416,-35.4064,-105.1749,0,southern East Pacific Rise,
us7000pufz,5.1,10.0,400,-6.0355,151.6565,0,"176 km ESE of Kimbe, Papua New Guinea",
us7000pufy,5.0,10.0,396,40.8888,28.4829,0,"14 km S of Kumburgaz, Turkey",
us7000pufs,6.2,12.736,1684,40.8342,28.1897,0,"24 km SE of Marmara Ereğlisi, Turkey",484277066.0
us7000puc7,5.0,10.0,385,-20.7193,-173.4314,0,"139 km SE of Pangai, Tonga",
us7000pua3,5.7,197.0,500,-13.1236,167.1763,0,"92 km NNW of Sola, Vanuatu",0.0
us7000pua2,5.1,10.0,612,-32.7,151.0543,0,"18 km SW of Singleton, Australia",
us7000pu7q,5.7,199.0,501,-5.498,146.9905,0,"135 km N of Lae, Papua New Guinea",0.0
us7000pu62,6.2,104.0,594,4.5538,127.831,0,"271 km SE of Pondaguitan, Philippines",0.0
us7000pu5z,5.2,41.502,418,-8.1895,106.94,0,"122 km SSW of Banjar, Indonesia",0.0
us7000pu0x,5.1,119.055,400,-56.0805,-27.8773,0,South Sandwich Islands region,
us6000q7ix,5.2,10.0,416,-1.2715,-15.862,0,north of Ascension Island,
us6000q7ex,5.4,10.0,449,-3.3667,130.9957,0,"152 km WSW of Fakfak, Indonesia",0.0
us6000q78s,5.3,14.473,434,5.8269,124.1032,0,"42 km SW of Malisbeng, Philippines",
us6000q78n,5.5,36.899,467,-15.1316,-173.5079,0,"96 km NNE of Hihifo, Tonga",0.0
us6000q78m,5.1,10.0,401,5.8558,124.2299,0,"32 km SSW of Malisbeng, Philippines",
us6000q78l,5.9,12.0,561,5.8328,124.1463,0,"39 km SW of Malisbeng, Philippines",0.0
us6000q787,5.6,10.0,482,7.2218,-34.3576,0,central Mid-Atlantic Ridge,0.0
us6000q76g,5.7,98.0,509,36.2223,71.2246,0,"58 km SSW of Ashkāsham, Afghanistan",0.0
us6000q73u,5.0,68.103,385,-28.5387,-177.257,0,Kermadec Islands region,
us6000q72m,5.4,10.0,449,55.3765,164.4654,0,"156 km SE of Ust’-Kamchatsk Staryy, Russia",0.0
us6000q6zb,5.1,10.0,400,-6.2175,151.5387,0,"171 km ESE of Kimbe, Papua New Guinea",
us6000q6xh,5.6,137.0,484,-23.4826,-67.9999,0,"66 km SSE of San Pedro de Atacama, Chile",0.0
us6000q6q4,5.2,10.0,416,2.1626,-96.5398,0,west of the Galapagos Islands,
us7000pwmg,5.4,10.0,449,-10.9801,115.5206,0,"243 km S of Nusa Dua, Indonesia",0.0
us6000q6ne,5.1,10.0,400,-11.2696,115.7634,0,"279 km SSE of Nusa Dua, Indonesia",
us6000q6n2,5.5,21.676,465,0.3501,124.8572,0,"48 km ESE of Modisi, Indonesia",0.0
us6000q6kv,5.0,10.0,385,11.7613,141.566,0,"248 km NNE of Fais, Micronesia",
us6000q6kn,5.4,58.661,449,-33.8625,-179.3438,0,south of the Kermadec Islands,0.0
us6000q6kl,5.3,48.87,432,-33.874,-179.5991,0,south of the Kermadec Islands,
us6000q6fi,5.6,10.0,482,-32.4828,-14.2721,0,southern Mid-Atlantic Ridge,0.0
us6000q6e3,5.0,10.0,385,-19.022,-172.9932,0,"112 km ESE of Neiafu, Tonga",
us6000q6d9,5.2,35.0,417,51.1962,-178.4701,1,"148 km WSW of Adak, Alaska",
us6000q6d3,5.2,10.0,416,-47.9451,99.8259,0,southeast Indian Ridge,
us6000q6cs,6.6,10.0,670,-47.8089,99.613,0,southeast Indian Ridge,0.0
us6000q6c3,5.6,99.0,540,35.9493,70.5792,0,"66 km NNW of Pārūn, Afghanistan",0.0
us6000q6c1,5.0,10.0,385,-59.8674,-58.4442,0,Scotia Sea,
us6000q6br,5.6,10.0,487,5.8038,124.2362,0,"37 km SSW of Maguling, Philippines",0.0
us6000q65u,5.2,72.847,416,-6.5123,154.9779,0,"60 km WSW of Panguna, Papua New Guinea",
us6000q64r,5.1,10.0,400,-16.6788,-23.4941,0,South Atlantic Ocean,
ci40925991,5.21,14.29,1028,33.0358333,-116.5948333,1,"5 km S of Julian, CA",9544.0
us6000q5vw,5.2,20.648,416,0.4878,126.109,0,"145 km WSW of Ternate, Indonesia",
us6000q5ue,5.1,10.0,406,10.4185,-86.1985,0,"41 km WNW of Tamarindo, Costa Rica",
us7000pvkh,5.0,10.0,385,-32.9274,-178.2863,0,south of the Kermadec Islands,
us6000q5tp,6.5,271.0,650,-25.9815,-178.3309,1,south of the Fiji Islands,0.0
us6000q5t8,5.1,10.0,400,-44.1216,-82.0566,0,West Chile Rise,
us6000q5sv,5.1,75.829,400,-31.4859,-178.606,0,Kermadec Islands region,
us6000q5s5,5.0,10.0,385,-6.1482,151.9165,0,"203 km S of Kokopo, Papua New Guinea",
us7000pvk4,5.1,10.0,400,-6.1668,151.8221,0,"198 km ESE of Kimbe, Papua New Guinea",
us6000q5re,5.9,369.0,536,48.7331,149.7932,0,northwest of the Kuril Islands,0.0
us6000q5q8,5.8,8.0,673,38.8992,70.8325,0,"42 km ESE of Rasht, Tajikistan",3965198.0
us6000q5q7,5.2,10.0,416,-60.1411,-28.7264,0,South Sandwich Islands region,
us6000q5q0,5.4,63.058,450,-6.7172,147.414,0,"46 km E of Lae, Papua New Guinea",0.0
us6000q5ps,5.3,10.0,1023,21.2292,96.0897,0,"41 km S of Kyaukse, Burma (Myanmar)",200903241.0
us6000q5mb,5.0,98.408,385,-56.053,-27.7684,0,South Sandwich Islands region,
us6000q5ly,5.0,10.0,385,-49.2063,123.1867,0,western Indian-Antarctic Ridge,
us6000q5ka,6.1,52.0,574,-4.7074,153.1423,0,"104 km ESE of Kokopo, Papua New Guinea",0.0
usd0012wfk,5.2,73.089,416,-16.5918,-173.9187,0,"71 km S of Hihifo, Tonga",
us6000q5b8,5.0,26.067,385,29.163,130.4454,0,"114 km NE of Tatsugō, Japan",
us6000q5ax,5.1,10.0,400,-6.1909,151.8167,0,"198 km ESE of Kimbe, Papua New Guinea",
us6000q5aq,5.1,279.727,401,18.8878,145.3744,0,"Pagan region, Northern Mariana Islands",
us6000q52w,5.2,10.0,416,-6.2936,151.442,0,"166 km ESE of Kimbe, Papua New Guinea",
us6000q52k,5.3,35.0,433,-5.9218,138.6803,0,"73 km SE of Agats, Indonesia",10.0
us6000q526,5.4,10.0,449,-29.4766,-112.2139,0,Easter Island region,0.0
us6000q519,5.3,10.0,432,-6.1735,151.4633,0,"162 km ESE of Kimbe, Papua New Guinea",0.0
us6000q4zx,5.1,10.0,400,-21.9683,69.0555,0,Mid-Indian Ridge,
us6000q4x6,5.0,31.63,385,3.5137,127.3729,0,"209 km NNW of Tobelo, Indonesia",
us6000q4w1,5.0,10.0,385,-6.1441,151.5254,0,"167 km ESE of Kimbe, Papua New Guinea",
us6000q4vv,5.4,10.0,449,8.0867,-38.0993,0,central Mid-Atlantic Ridge,0.0
us6000q4v3,5.0,68.993,404,24.5689,121.8518,0,"23 km SSE of Yilan, Taiwan",
us6000q4ui,5.0,120.995,385,-21.0931,-68.3874,0,"20 km NW of Ollagüe, Chile",
us6000q4sw,5.1,12.773,400,4.6687,125.0956,0,"90 km SSW of Sarangani, Philippines",
us6000q4rh,5.3,123.918,448,24.8643,123.1405,0,"46 km NNE of Yonakuni, Japan",0.0
us6000q4ql,5.2,10.0,416,-20.3357,-105.2462,0,southeast central Pacific Ocean,
us6000q4pc,5.2,10.0,416,0.7458,-29.6564,0,central Mid-Atlantic Ridge,
us6000q4lv,5.8,18.0,518,2.0388,96.7622,0,"64 km SE of Sinabang, Indonesia",0.0
us6000q4iy,5.0,10.0,385,-6.3247,151.4832,0,"171 km ESE of Kimbe, Papua New Guinea",
us6000q4ii,5.1,10.0,400,-11.6527,164.9647,0,"137 km SW of Lata, Solomon Islands",
us6000q4ig,5.1,10.0,400,-6.2664,151.484,0,"168 km ESE of Kimbe, Papua New Guinea",
us6000q4hk,5.2,10.0,421,14.5882,145.5507,0,"42 km S of San Jose Village, Northern Mariana Islands",
us6000q4gt,5.3,59.051,432,49.321,155.5222,0,"156 km SSW of Severo-Kuril’sk, Russia",0.0
us6000q4di,5.0,10.0,385,83.5411,113.5862,0,north of Severnaya Zemlya,0.0
us6000q4b0,5.0,216.007,385,-22.3641,-176.8938,0,"211 km SW of Houma, Tonga",
us6000q4a5,5.1,10.0,400,-6.1785,151.6141,0,"177 km ESE of Kimbe, Papua New Guinea",
us6000q49r,5.0,10.0,385,-6.3046,151.743,0,"196 km ESE of Kimbe, Papua New Guinea",
us6000q493,5.0,10.0,385,-6.2629,151.6009,0,"180 km ESE of Kimbe, Papua New Guinea",
us6000q48f,5.0,10.0,385,21.645,144.1145,0,Mariana Islands region,
us6000q48h,5.6,24.567,482,-57.2438,-25.508,0,South Sandwich Islands region,0.0
us6000q48g,5.0,10.0,385,-6.3742,151.5362,0,"179 km ESE of Kimbe, Papua New Guinea",
us6000q48d,5.5,27.985,465,-57.2671,-25.624,0,South Sandwich Islands region,0.0
us6000q48c,5.1,10.0,400,-6.2918,151.6058,0,"182 km ESE of Kimbe, Papua New Guinea",
us6000q47z,5.1,10.0,400,-20.0684,-173.5042,0,"92 km ESE of Fangale’ounga, Tonga",
us6000q47u,5.4,10.0,449,-6.4253,151.5526,0,"184 km ESE of Kimbe, Papua New Guinea",0.0
us6000q47k,5.5,10.0,465,52.488,-32.0879,0,Reykjanes Ridge,0.0
us6000q46u,5.1,10.0,400,-6.2787,151.4807,0,"169 km ESE of Kimbe, Papua New Guinea",
us6000q6gp,5.0,10.0,385,-6.1248,151.7275,0,"187 km ESE of Kimbe, Papua New Guinea",
us6000q460,5.1,10.0,400,-6.2313,151.6212,0,"180 km ESE of Kimbe, Papua New Guinea",
us6000q45z,5.1,10.0,400,-6.2979,151.759,0,"197 km ESE of Kimbe, Papua New Guinea",
us6000q44n,5.1,10.0,400,-6.3578,151.6085,0,"185 km ESE of Kimbe, Papua New Guinea",
us6000q446,5.2,10.0,416,-6.156,151.6982,0,"185 km ESE of Kimbe, Papua New Guinea",
us6000q447,5.0,10.0,385,-6.211,151.5777,0,"175 km ESE of Kimbe, Papua New Guinea",
us6000q443,5.1,10.0,400,-6.1862,151.6346,0,"180 km ESE of Kimbe, Papua New Guinea",
us6000q43z,5.0,10.0,385,-6.331,151.5316,0,"176 km ESE of Kimbe, Papua New Guinea",
us6000q43j,5.0,10.0,385,-6.2406,151.4977,0,"168 km ESE of Kimbe, Papua New Guinea",
us6000q42k,5.2,10.0,416,-6.4231,151.546,0,"183 km ESE of Kimbe, Papua New Guinea",
us6000q66z,5.0,10.0,385,-6.1937,151.4339,0,"160 km ESE of Kimbe, Papua New Guinea",
us6000q66u,5.4,10.0,449,-6.1528,151.6096,0,"176 km ESE of Kimbe, Papua New Guinea",0.0
us6000q68w,5.1,10.0,400,-6.0272,150.9452,0,"103 km ESE of Kimbe, Papua New Guinea",
us6000q41n,6.9,9.0,739,-6.3025,151.6257,1,"184 km ESE of Kimbe, Papua New Guinea",1.0
us6000q3wx,5.0,107.702,386,-5.8592,145.7379,0,"46 km ENE of Goroka, Papua New Guinea",
us6000q68b,5.3,177.798,432,-15.4796,-174.5199,0,"93 km NW of Hihifo, Tonga",
us6000q3w4,5.6,201.0,482,-15.6272,-174.4737,0,"81 km WNW of Hihifo, Tonga",0.0
us6000q3ti,5.1,10.0,400,-28.4127,-177.8313,0,Kermadec Islands region,
us6000q3sh,5.1,10.0,400,14.1984,146.8857,0,"160 km ESE of San Jose Village, Northern Mariana Islands",
us6000q3qi,5.4,10.0,449,52.7835,-34.8664,0,Reykjanes Ridge,0.0
us6000q3nw,6.9,10.0,732,52.4538,-32.1071,1,Reykjanes Ridge,0.0
us6000q3l2,5.5,10.0,465,-65.1723,179.3367,0,Balleny Islands region,0.0
us6000q3iv,5.1,46.603,400,-16.6391,-173.5451,0,"80 km SSE of Hihifo, Tonga",
us6000q3iu,5.8,44.0,518,2.1324,126.7258,0,"149 km WNW of Tobelo, Indonesia",0.0
us7000ppga,5.5,14.015,465,53.2407,172.961,1,"46 km NNW of Attu Station, Alaska",0.0
us7000ppfy,6.1,29.0,581,30.9792,131.522,0,"56 km ENE of Nishinoomote, Japan",0.0
us7000ppfs,5.3,10.0,432,0.6813,-29.6712,0,central Mid-Atlantic Ridge,
us7000ppd9,6.3,10.0,611,-57.0079,-142.2862,0,Pacific-Antarctic Ridge,0.0
us7000ppcu,5.0,10.0,385,26.0188,128.5894,0,"79 km ESE of Katsuren-haebaru, Japan",
us7000ppa0,5.2,10.0,422,63.8879,-22.5141,0,"6 km NW of Grindavík, Iceland",
us7000pp8j,5.0,594.504,385,-25.2577,178.3266,0,south of the Fiji Islands,
us7000pp7n,5.7,143.585,504,-7.4362,128.5286,0,"207 km NE of Lospalos, Timor Leste",0.0
us7000pp6u,5.1,10.0,400,-46.049,-14.1633,0,southern Mid-Atlantic Ridge,
ak02546kb91j,5.1,12.7,428,58.1204,-156.3782,1,"59 km E of Egegik, Alaska",
us7000pp13,5.6,11.867,483,-10.0069,119.0489,0,"67 km SSW of Tambolaka, Indonesia",0.0
us7000pp0s,5.2,10.0,416,0.7628,-29.6505,0,central Mid-Atlantic Ridge,
us7000pnxn,5.2,10.0,416,-20.267,-173.978,0,"63 km SE of Pangai, Tonga",
us7000pnvv,5.9,27.136,536,-20.2249,-174.0813,0,"53 km SSE of Pangai, Tonga",0.0
us7000pnvu,5.0,10.0,385,-20.5078,-173.7698,0,"98 km SE of Pangai, Tonga",
us7000pnvp,6.2,17.0,591,-20.3816,-174.0115,0,"72 km SSE of Pangai, Tonga",0.0
us7000pntq,7.0,29.0,773,-20.3036,-174.0718,1,"61 km SSE of Pangai, Tonga",23.0
us7000pnri,5.1,10.0,402,5.5006,95.3597,0,"5 km SSE of Banda Aceh, Indonesia",
us7000pnkj,5.1,10.0,405,19.6858,96.0761,0,"8 km SW of Nay Pyi Taw, Burma (Myanmar)",
us7000pnig,5.2,10.0,416,12.5449,147.8694,0,Mariana Islands region,
us7000pnf2,6.6,12.323,671,0.7561,-29.7635,0,central Mid-Atlantic Ridge,0.0
us7000pn9z,6.7,10.0,2105,21.6975,95.969,0,Burma (Myanmar),1083286491.0
us7000pn9s,7.7,10.0,2910,22.011,95.9363,0,"2025 Mandalay, Burma (Myanmar) Earthquake",52991751137.0
us7000pn8t,5.0,167.556,385,-15.9497,168.139,0,"79 km ENE of Lakatoro, Vanuatu",
us7000pn8m,5.7,37.0,500,-19.2093,168.8176,0,"61 km NW of Isangel, Vanuatu",0.0
us7000pn7g,6.1,10.0,572,0.7055,-29.665,0,central Mid-Atlantic Ridge,0.0
us7000pn66,5.0,10.0,385,-22.9829,-113.1135,0,Easter Island region,
us7000pn5l,5.2,23.128,417,-6.413,149.9623,0,"51 km ESE of Kandrian, Papua New Guinea",
us7000pmxp,5.7,123.592,500,-56.1929,-27.4264,0,South Sandwich Islands region,0.0
us7000pmwp,5.0,35.0,385,-30.1648,-177.7488,0,"Kermadec Islands, New Zealand",
us7000pmpg,5.3,35.0,432,-58.9779,-25.461,0,South Sandwich Islands region,
us7000pmp9,5.1,10.0,400,-7.1161,155.6966,0,"91 km SSE of Panguna, Papua New Guinea",
us7000pmng,5.0,10.0,385,-9.9302,160.5823,0,"88 km SE of Honiara, Solomon Islands",
us7000pmm9,5.3,99.584,448,-20.2166,-69.1246,0,"57 km ENE of La Tirana, Chile",0.0
us7000pmgz,5.0,128.431,385,-6.3052,130.3559,0,"275 km WSW of Tual, Indonesia",
us7000pmfb,5.4,10.0,449,-46.6837,165.7542,0,"177 km W of Riverton, New Zealand",0.0
us7000pmem,6.7,21.0,728,-46.7305,165.8632,1,"170 km WSW of Riverton, New Zealand",0.0
us6000q3pb,5.0,10.0,385,-64.3844,176.2577,0,Balleny Islands region,
us7000pm7w,5.0,10.0,385,28.1045,105.3353,0,"12 km SW of Xuyong, China",
us7000pm7v,5.1,10.0,400,30.7301,57.3603,0,"56 km NNE of Kerman, Iran",
us7000pm5f,5.1,79.842,407,-29.7106,-71.3044,0,"22 km NNW of La Serena, Chile",
us7000pm5g,5.1,10.0,400,10.1202,93.7118,0,"200 km SSE of Port Blair, India",
us7000pm4g,5.1,10.0,400,-19.3707,-172.4924,0,"176 km ESE of Neiafu, Tonga",
us7000plxa,5.1,126.885,400,25.6669,124.7579,0,"110 km NNW of Hirara, Japan",
us7000pluz,5.3,119.662,432,-14.0776,166.9915,0,"64 km WSW of Sola, Vanuatu",
us7000plu1,5.6,20.0,482,51.1545,-176.1067,1,"88 km SSE of Adak, Alaska",0.0
us7000plrn,5.5,347.281,465,-26.0219,-178.7644,0,south of the Fiji Islands,0.0
us7000plq1,5.0,10.0,385,-8.6014,159.3407,0,"57 km SSW of Buala, Solomon Islands",
us7000plp9,5.0,83.04,385,-7.0879,155.6813,0,"88 km SSE of Panguna, Papua New Guinea",
us7000pllz,5.0,35.0,385,51.1928,-176.0662,0,"85 km SSE of Adak, Alaska",
us7000pllx,5.9,26.674,536,51.1563,-176.1097,0,"87 km SSE of Adak, Alaska",0.0
us7000pllu,6.2,17.0,594,51.1558,-176.0703,1,"88 km SSE of Adak, Alaska",0.0
us7000pllt,6.2,10.0,641,6.9863,-82.4666,1,"124 km SSE of Burica, Panama",0.0
us7000pljf,5.0,10.0,385,43.3639,104.065,0,"37 km SW of Dalandzadgad, Mongolia",
us7000plg4,5.0,10.0,385,-46.6991,102.3219,0,southeast Indian Ridge,
us7000plf7,5.4,10.0,449,-16.4872,66.6054,0,Mid-Indian Ridge,0.0
us7000pled,5.2,10.0,416,-22.8507,172.4777,0,southeast of the Loyalty Islands,
us6000q001,5.3,117.923,432,-56.2513,-27.0028,0,South Sandwich Islands region,
us6000pzy8,5.0,68.651,386,13.0126,-88.8131,0,"41 km SW of Puerto El Triunfo, El Salvador",
us6000pzxi,5.7,24.071,500,-60.4288,-27.2551,0,South Sandwich Islands region,0.0
us6000pzxa,5.2,20.0,417,51.1529,-176.1211,0,"87 km SSE of Adak, Alaska",
us6000pzwx,5.4,35.0,449,51.0945,-176.0968,1,"94 km SSE of Adak, Alaska",0.0
us6000pzwb,5.6,17.0,484,51.1094,-176.0641,1,"93 km SSE of Adak, Alaska",0.0
us6000pzw2,5.2,10.0,416,12.7672,48.7853,0,"169 km NNW of Bosaso, Somalia",
us6000pzqt,5.1,10.0,400,-60.5361,-26.6432,0,South Sandwich Islands region,
us6000pzqc,5.0,13.018,385,51.0428,-176.1399,0,"98 km SSE of Adak, Alaska",
us6000pznk,5.6,36.839,482,-55.378,-28.9052,0,South Sandwich Islands region,0.0
us6000pzn5,5.3,68.436,440,-30.0662,-71.283,0,"13 km SSE of Coquimbo, Chile",
us6000pzix,5.1,118.337,401,24.3088,94.8302,0,"83 km ESE of Wāngjing, India",
us6000pzhi,5.0,10.0,385,-55.7425,-34.3458,0,South Georgia Island region,
us6000pzf4,5.4,46.856,464,1.8751,99.1323,0,"41 km ENE of Sibolga, Indonesia",0.0
us6000pzf1,5.1,65.417,401,-5.9036,145.8589,0,"42 km N of Kainantu, Papua New Guinea",
us6000pzdr,5.1,97.152,400,-9.0952,124.1633,0,"26 km WNW of Pante Makasar, Timor Leste",
us6000pzdn,5.8,18.0,518,-2.831,130.1617,0,"142 km ENE of Masohi, Indonesia",0.0
us6000pzb3,5.0,80.278,385,-26.9916,-176.9563,0,south of the Fiji Islands,
us6000pzam,5.5,10.0,466,19.4443,-109.0828,0,Revilla Gigedo Islands region,0.0
us6000pza2,5.1,10.0,400,19.6989,-109.1753,0,Revilla Gigedo Islands region,
us6000pz7g,5.4,10.0,471,9.379,40.0784,0,"44 km NNW of Āwash, Ethiopia",231.0
us6000pz1v,5.0,56.75,385,-6.0962,147.5529,0,"60 km NNW of Finschhafen, Papua New Guinea",
us6000pyyq,5.6,62.0,508,17.3361,-97.4253,0,"5 km W of San Pedro Tidaá, Mexico",0.0
us6000pyxv,5.9,13.0,536,-55.8177,-27.07,0,South Sandwich Islands region,0.0
us6000pywp,5.0,9.637,389,41.9796,15.4373,0,"14 km NNE of Lesina, Italy",
us6000pysg,5.4,27.644,449,1.1243,120.2572,0,"228 km N of Palu, Indonesia",0.0
us6000pyp3,5.1,10.0,431,33.0503,76.6596,0,"50 km SSW of Padam, India",
us6000pykl,5.0,176.888,385,-7.5368,127.7226,0,"135 km NE of Lospalos, Timor Leste",
us6000pyi3,5.2,14.692,420,23.0969,121.5318,0,"97 km S of Hualien City, Taiwan",
us6000pybu,5.5,9.0,466,8.3112,127.3806,0,"105 km E of Barcelona, Philippines",0.0
us6000py97,6.0,23.0,554,6.9701,92.5548,0,"Nicobar Islands, India region",0.0
us6000py4l,5.6,648.298,482,-10.479,-70.6352,0,"126 km WNW of Iñapari, Peru",0.0
us6000py3p,5.4,10.0,450,11.4145,-81.6185,0,Western Caribbean Sea,0.0
us6000py3k,5.1,10.0,412,37.4939,-25.1323,0,"30 km SSE of Povoação, Portugal",
us6000py2d,5.1,28.76,400,28.7976,130.2951,0,"78 km ENE of Tatsugō, Japan",
us6000py1g,5.0,10.0,385,-11.6139,-13.1369,0,Ascension Island region,
us6000pxvx,6.5,10.0,656,71.176,-8.1733,1,"34 km NE of Olonkinbyen, Svalbard and Jan Mayen",0.0
us6000pxrm,5.2,35.668,416,28.7107,130.1682,0,"62 km ENE of Tatsugō, Japan",
us6000pxxd,5.4,10.0,449,-61.4813,153.9598,0,Balleny Islands region,0.0
us6000pxrf,5.0,35.0,385,28.7208,130.0465,0,"52 km NE of Tatsugō, Japan",
us6000pxpv,5.7,26.0,500,28.7303,130.2922,0,"74 km ENE of Tatsugō, Japan",0.0
us6000pxnp,5.7,24.0,500,28.6865,130.192,0,"63 km ENE of Tatsugō, Japan",0.0
us6000pxlv,5.0,10.0,386,28.5719,87.5508,0,"100 km NE of Lobuche, Nepal",
us6000pxln,5.2,57.12,416,40.2125,142.2891,0,"41 km ENE of Noda, Japan",
us6000pxlb,5.3,191.941,433,-1.3443,-77.5464,0,"48 km SE of Tena, Ecuador",
us6000pxht,5.2,10.0,416,-46.5453,96.2623,0,southeast Indian Ridge,
us6000pxef,5.0,65.385,385,5.4937,94.6405,0,"76 km W of Banda Aceh, Indonesia",0.0
us6000pxeb,5.4,114.325,450,-14.5617,-72.0456,0,"12 km NNW of Cayarani, Peru",0.0
us6000pxdf,5.0,10.0,386,-2.4858,121.0319,0,"78 km E of Masamba, Indonesia",
us6000px89,6.0,96.0,582,-23.3399,-69.0636,0,"98 km S of Calama, Chile",0.0
us6000px4p,5.1,10.0,400,-5.0872,68.5939,0,Chagos Archipelago region,
us6000px3f,5.3,10.0,432,2.3317,-98.7959,0,west of the Galapagos Islands,
us6000px2p,5.0,109.509,385,-12.8503,166.7919,0,"140 km NW of Sola, Vanuatu",
us6000px0a,5.5,28.681,467,15.6001,-95.0945,0,"60 km SSE of Santa Gertrudis Miramar, Mexico",0.0
us6000pwz6,5.4,88.157,459,24.5491,94.6954,0,"64 km E of Wāngjing, India",0.0
us6000pwx1,5.1,10.0,414,16.9032,95.623,0,"15 km S of Nyaungdon, Burma (Myanmar)",
us6000pwrb,5.1,10.0,401,-9.878,160.7833,0,"103 km ESE of Honiara, Solomon Islands",
us6000pwqe,5.0,17.179,398,6.7213,125.1352,0,"7 km SW of Magsaysay, Philippines",
us6000pwn3,5.1,10.0,400,12.6846,146.2399,0,"174 km ESE of Yigo Village, Guam",
us6000pwky,5.4,413.683,449,-16.7565,-177.364,0,"282 km SSE of Alo, Wallis and Futuna",
us6000pwk7,5.2,32.943,416,27.3373,61.0748,0,"41 km ENE of Iranshahr, Iran",
us6000pwh1,5.2,28.891,416,-3.5151,129.4579,0,"59 km ESE of Masohi, Indonesia",
us6000pwg6,5.3,10.0,432,-10.2343,66.062,0,Mid-Indian Ridge,
us6000pwew,5.2,10.0,417,14.1721,39.9337,0,"52 km ESE of Ādīgrat, Ethiopia",
us6000pwce,5.2,51.427,416,-29.3998,-177.3562,0,"Kermadec Islands, New Zealand",
us6000pwbj,5.3,65.557,457,13.4753,145.5991,0,"77 km E of Yigo Village, Guam",
us6000pwae,5.0,17.616,385,7.867,126.7422,0,"28 km NE of Kinablangan, Philippines",
us6000pw9c,5.0,10.0,385,2.871,-79.4812,0,"121 km WNW of Mosquera, Colombia",
us6000pw69,5.6,126.0,483,-6.0227,130.652,0,"236 km W of Tual, Indonesia",0.0
us6000pw5b,5.0,65.162,404,18.2972,-99.3687,0,"3 km NE of Pololcingo, Mexico",
us6000pw3w,5.0,10.0,385,73.1535,132.7832,0,"209 km NE of Tiksi, Russia",
us6000pvyf,5.0,21.009,385,-23.7595,-175.1757,0,"268 km S of ‘Ohonua, Tonga",
us6000pvws,5.0,133.278,385,52.2653,-176.1708,0,"53 km NE of Adak, Alaska",
us6000pvwf,5.0,10.0,589,27.8626,85.9232,0,"11 km SSW of Kodāri̇̄, Nepal",258.0
us6000pvw6,5.2,10.0,416,-52.4943,26.1056,0,south of Africa,
us6000pvty,5.4,10.0,449,-58.0333,-10.3519,0,east of the South Sandwich Islands,0.0
us6000pvrl,5.0,10.0,385,-31.0613,-177.7133,0,Kermadec Islands region,
us6000pvq6,5.1,10.0,400,-36.2279,-99.8654,0,southeast of Easter Island,
us6000pvpc,5.3,10.0,511,26.3002,92.3408,0,"5 km N of Morigaon, India",
us6000pvm4,5.8,8.142,518,55.4821,164.5402,0,"153 km ESE of Ust’-Kamchatsk Staryy, Russia",0.0
us6000pvk7,5.0,10.0,385,0.2983,124.9255,0,"56 km ESE of Modisi, Indonesia",
us6000pvj5,5.8,388.0,520,33.6039,136.3654,0,"38 km ESE of Shingū, Japan",0.0
us6000pvgx,6.1,21.726,573,0.3994,124.8407,0,"45 km E of Modisi, Indonesia",0.0
us6000pvex,5.1,47.046,400,2.9535,126.5765,0,"209 km NW of Tobelo, Indonesia",
us6000pvca,5.2,578.306,416,-22.3843,-179.638,0,south of the Fiji Islands,
pr2025056002,5.85,46.0,747,19.4565,-68.0846,0,"102 km NNE of Punta Cana, Dominican Republic",0.0
us6000pv9t,5.2,10.0,426,50.4881,-130.0453,1,"210 km W of Port McNeill, Canada",
us6000pv8n,5.1,10.0,407,19.2977,88.4613,0,"224 km ESE of Parādīp Garh, India",
us6000pv78,5.4,10.0,451,17.5702,-82.7176,0,"237 km SW of George Town, Cayman Islands",0.0
us7000pfsi,5.1,10.0,400,-45.7286,-77.296,0,"Off the coast of Aisen, Chile",
us7000pfqd,5.2,10.0,416,-29.3467,-111.6652,0,Easter Island region,
us7000pfpk,5.3,10.0,469,9.4634,40.4938,0,"58 km NW of Āsbe Teferī, Ethiopia",
us7000pfpb,5.1,10.0,400,-6.294,154.498,0,"109 km W of Panguna, Papua New Guinea",
us7000pfn2,5.0,45.343,385,-9.4086,120.3348,0,"28 km NNE of Waingapu, Indonesia",
us7000pfmk,6.0,36.0,554,-11.3195,166.2902,0,"85 km SE of Lata, Solomon Islands",0.0
us7000pfk1,5.0,10.0,385,-6.4752,102.1738,0,"295 km SSW of Pagar Alam, Indonesia",
us7000pfjr,5.1,10.0,400,-6.522,102.2392,0,"297 km SSW of Pagar Alam, Indonesia",
us7000pfjq,5.4,35.0,449,-7.3335,155.9272,0,"122 km SSE of Panguna, Papua New Guinea",0.0
us7000pfjd,5.1,35.0,400,-7.3034,155.7968,0,"114 km SSE of Panguna, Papua New Guinea",
us7000pfjc,5.6,35.0,482,-7.4856,155.8717,0,"126 km WNW of Gizo, Solomon Islands",0.0
us7000pfir,5.0,35.0,385,-23.8225,-175.4707,0,"279 km S of ‘Ohonua, Tonga",
us7000pfii,5.3,35.0,432,-7.4723,155.9646,0,"119 km NW of Gizo, Solomon Islands",
us7000pfih,5.4,10.0,449,-45.5785,-76.6977,0,"Off the coast of Aisen, Chile",0.0
us7000pfi9,5.1,10.0,400,64.6566,-17.8452,0,"115 km S of Akureyri, Iceland",
us7000pffe,5.0,59.186,385,21.5846,93.8043,0,"119 km S of Hakha, Burma (Myanmar)",
us7000pf62,5.1,41.683,400,-19.4988,168.9434,0,"35 km W of Isangel, Vanuatu",
us7000pexs,5.3,35.0,432,-56.6888,-26.1145,0,South Sandwich Islands region,
us7000pexm,5.0,10.0,385,-3.3784,130.9797,0,"154 km WSW of Fakfak, Indonesia",
us7000pexi,5.4,10.0,449,-42.9086,-82.9086,0,West Chile Rise,0.0
us7000pexc,5.5,111.0,467,-15.3291,-173.9471,0,"71 km NNW of Hihifo, Tonga",0.0
us7000pew5,5.0,45.437,385,-33.3208,-179.0339,0,south of the Kermadec Islands,
us7000pevy,5.2,10.0,416,-20.5463,68.2892,0,Mid-Indian Ridge,
us7000pevu,5.3,63.661,432,5.0079,94.7394,0,"88 km SW of Banda Aceh, Indonesia",
us7000penh,5.5,10.0,465,-9.0969,152.7728,0,"285 km NE of Samarai, Papua New Guinea",2253.0
us7000pemi,5.7,13.0,500,-3.3656,131.0386,0,"148 km WSW of Fakfak, Indonesia",0.0
us7000peiq,5.6,31.0,483,-26.2533,-70.9825,0,"94 km W of Diego de Almagro, Chile",0.0
us7000pein,5.0,103.39,385,-11.3467,-74.8175,0,"9 km NW of Mariposa, Peru",
us7000pefw,5.0,10.0,385,-21.4177,-174.0633,0,"93 km E of ‘Ohonua, Tonga",
us7000pefq,5.0,10.0,385,36.6544,25.8261,0,"20 km SSW of Amorgós, Greece",
us7000pe7k,5.0,10.0,385,36.6724,25.5788,0,"27 km ESE of Íos, Greece",
us7000pe6v,5.5,10.0,466,-15.9621,-75.1169,0,"66 km S of San Juan, Peru",0.0
us7000pe4x,5.1,10.0,404,32.817,48.4428,0,"51 km N of Shahrak-e Kūlūrī, Iran",
us7000pe38,5.0,10.0,385,-22.4881,170.8116,0,southeast of the Loyalty Islands,
us7000pe2q,5.2,10.0,416,45.2882,153.0671,0,east of the Kuril Islands,
us7000pe2h,5.0,20.394,386,-38.4993,-73.7663,0,"57 km WNW of Carahue, Chile",
tx2025deqh,5.0,6.0999,915,31.661,-104.18,0,"53 km NW of Toyah, Texas",8.0
us7000pdvt,5.7,13.0,507,49.9991,88.2237,0,"32 km W of Kosh-Agach, Russia",422766.0
us7000pdvr,5.0,10.0,387,11.4747,125.806,0,"26 km NE of Hernani, Philippines",
us7000pdvn,5.0,10.0,385,12.8077,122.9791,0,"30 km W of Mabiton, Philippines",
us7000pdvd,5.0,35.0,385,-11.7749,166.2552,0,"126 km SSE of Lata, Solomon Islands",
us7000pdu6,5.9,25.0,543,8.9453,39.9058,0,"5 km NNW of Metahāra, Ethiopia",39767.0
us7000pdth,5.0,10.0,385,-17.3025,167.5187,0,"97 km WNW of Port-Vila, Vanuatu",
us7000pdlg,5.3,10.0,434,11.5308,125.7609,0,"26 km ENE of Llorente, Philippines",
us7000pdl8,5.1,48.79,400,-7.3712,105.5416,0,"114 km SSW of Labuan, Indonesia",
us7000pdky,5.1,10.0,400,-58.8989,-23.2971,0,South Sandwich Islands region,
us7000pdkh,5.2,10.0,416,1.0621,-85.2505,0,off the coast of Ecuador,
us7000pdjz,5.0,35.0,385,45.4792,151.1492,0,"257 km E of Kuril’sk, Russia",
us7000pdj1,5.0,155.573,385,-6.9997,129.6482,0,Banda Sea,
ak025215oy3m,5.7,13.3,500,55.6151,-154.9176,1,"155 km SSW of Akhiok, Alaska",0.0
us7000pdh2,5.0,10.0,385,-6.4775,129.1134,0,Banda Sea,
us7000pd8m,5.1,38.366,401,38.3638,142.1429,0,"61 km E of Onagawa Chō, Japan",
us7000pd86,5.3,105.634,432,-56.3332,-27.1926,0,South Sandwich Islands region,
us7000pd1i,5.1,10.0,400,36.5549,25.5084,0,"15 km NE of Oía, Greece",
us7000pcty,5.0,10.0,385,-22.69,-175.5971,0,"163 km SSW of ‘Ohonua, Tonga",
us7000pctr,5.0,10.0,385,-3.9469,150.8287,0,"150 km W of Rabaul, Papua New Guinea",
us7000pctm,5.3,10.0,432,-32.2873,75.136,0,Mid-Indian Ridge,0.0
us7000pct1,5.1,10.0,400,-3.7083,150.8479,0,"125 km S of Kavieng, Papua New Guinea",
us7000pcsz,5.2,13.661,417,-37.2309,-75.0333,0,"129 km WNW of Lebu, Chile",
us7000pcsb,5.1,29.521,639,35.0177,-5.5251,0,"25 km N of Ouezzane, Morocco",
us7000pcs7,5.1,10.0,407,36.6244,25.6258,0,"28 km NE of Firá, Greece",
us7000pcr3,5.3,10.0,446,36.6898,25.6536,0,"26 km SW of Amorgós, Greece",
us7000pcn8,5.1,83.827,400,-9.6398,119.6374,0,"49 km ESE of Tambolaka, Indonesia",
us7000pcn4,5.0,89.55,385,41.6821,141.3324,0,"39 km ENE of Ōma, Japan",
us7000pcmb,5.0,10.0,385,-17.4753,167.9269,0,"50 km NW of Port-Vila, Vanuatu",
us7000pck3,5.4,35.0,449,-7.0353,155.6069,0,"80 km S of Panguna, Papua New Guinea",0.0
us7000pck0,5.3,10.0,433,-17.4323,167.731,0,"70 km WNW of Port-Vila, Vanuatu",0.0
us7000peix,5.3,10.0,432,-17.5144,167.8236,0,"57 km WNW of Port-Vila, Vanuatu",
us7000pcjx,5.9,18.0,540,-17.5011,167.8757,0,"53 km WNW of Port-Vila, Vanuatu",0.0
us7000pcih,5.2,10.0,426,36.6626,25.6271,0,"30 km SW of Amorgós, Greece",
us7000pche,5.3,38.742,433,-10.1576,161.0432,0,"101 km WNW of Kirakira, Solomon Islands",
us7000pcdl,7.6,14.326,1182,17.6506,-82.395,1,"210 km SSW of George Town, Cayman Islands",42.0
us7000pcb7,5.0,10.0,385,65.2162,145.9204,0,"146 km ENE of Ust-Nera, Russia",
us7000pcav,5.2,169.968,416,-16.1233,167.9358,0,"55 km E of Lakatoro, Vanuatu",
us7000pc9d,5.1,40.225,400,-6.0081,103.2994,0,"218 km SW of Kotabumi, Indonesia",
us7000pc9c,5.2,57.805,416,7.5576,93.6213,0,"262 km NW of Sabang, Indonesia",
us7000pc83,5.2,10.0,416,4.1174,62.6942,0,Carlsberg Ridge,
us7000pc7i,5.3,10.0,432,3.9921,62.5373,0,Carlsberg Ridge,
us7000pc4p,5.2,10.0,420,38.4853,14.3824,0,"39 km WSW of Leni, Italy",
us7000pc2p,5.9,65.0,536,-23.9351,-176.2264,0,south of the Fiji Islands,0.0
us7000pc0e,5.8,21.0,518,-9.7073,97.5703,0,"southwest of Sumatra, Indonesia",0.0
us7000pbu3,5.0,35.0,385,-2.8434,141.5941,0,"36 km ESE of Vanimo, Papua New Guinea",
us7000pbtz,5.1,26.799,400,-2.8343,141.6026,0,"37 km ESE of Vanimo, Papua New Guinea",
us7000pbt5,5.2,56.008,416,4.3939,126.6197,0,"170 km SE of Sarangani, Philippines",0.0
us7000pbn5,5.0,10.0,385,-19.064,-172.6997,0,"142 km ESE of Neiafu, Tonga",
us7000pbmp,5.1,10.0,407,36.6148,25.6436,0,"28 km NE of Firá, Greece",
us7000pbfb,5.6,58.159,577,13.9242,-91.5982,0,"44 km SW of Nueva Concepción, Guatemala",0.0
us7000pbdp,5.5,99.0,466,1.6173,127.118,0,"96 km NNW of Ternate, Indonesia",0.0
us7000pbdm,5.0,10.0,385,-35.2552,178.7176,0,"262 km N of Hicks Bay, New Zealand",
us7000pbcy,5.0,10.0,385,46.5329,153.4389,0,Kuril Islands,
us7000pbcv,5.0,10.0,385,41.2296,83.7725,0,"88 km SE of Kuqa, China",
us7000pbau,5.0,10.0,385,53.316,-163.9373,0,"151 km SE of Akutan, Alaska",
us7000pbag,5.1,10.0,400,30.9335,-41.2503,0,northern Mid-Atlantic Ridge,
us7000pba9,5.0,10.0,385,30.9609,-41.4001,0,northern Mid-Atlantic Ridge,
us7000pb82,5.3,13.546,446,36.5558,25.6022,0,"21 km NE of Firá, Greece",
us7000pb7j,5.1,57.4,400,-5.5735,151.8696,0,"143 km SSW of Kokopo, Papua New Guinea",
us7000pb5n,5.0,10.0,385,-22.8087,-12.8878,0,southern Mid-Atlantic Ridge,
us7000pb5h,5.0,10.0,386,36.6511,25.6623,0,"29 km SW of Amorgós, Greece",
us7000pb59,5.7,10.0,500,-38.8932,-92.3973,0,West Chile Rise,0.0
us7000pd4q,5.0,35.0,385,-57.4634,-25.4376,0,South Sandwich Islands region,
us7000pb3j,5.9,103.0,536,3.0383,128.2254,0,"146 km N of Tobelo, Indonesia",0.0
us7000pb2l,5.4,10.0,449,28.6536,130.9358,0,"132 km E of Tatsugō, Japan",0.0
us7000pb0i,5.5,10.0,465,-22.8251,171.3889,0,southeast of the Loyalty Islands,0.0
us7000pb02,5.1,10.0,400,-20.3474,-174.7246,0,"70 km SSW of Pangai, Tonga",
us7000paze,5.0,9.506,386,36.6296,25.693,0,"28 km SW of Amorgós, Greece",
us7000pau4,5.0,119.531,385,10.267,125.5373,0,"7 km SSW of Tubajon, Philippines",
us7000parr,5.1,10.0,400,-4.6762,127.0095,0,"169 km SW of Ambon, Indonesia",
us7000paiv,5.0,71.742,385,-8.7303,110.2905,0,"86 km S of Pundong, Indonesia",
us7000pahy,5.5,8.0,484,-0.8609,-78.0956,0,"32 km W of Archidona, Ecuador",0.0
us7000pabn,5.0,10.0,385,-30.7211,-177.9371,0,"Kermadec Islands, New Zealand",
us7000paai,5.4,10.0,449,-10.5642,163.2435,0,"145 km E of Kirakira, Solomon Islands",0.0
us7000pa9d,5.7,53.0,502,3.2918,97.1235,0,"58 km SSE of Blangpidie, Indonesia",0.0
us7000pa8p,5.7,10.0,500,0.4304,-25.1449,0,central Mid-Atlantic Ridge,0.0
us7000p9zz,5.0,10.0,387,23.163,120.5711,0,"12 km ENE of Yujing, Taiwan",
ak0251doqqfp,5.2,10.4,431,62.9564,-156.323,0,"13 km WSW of Takotna, Alaska",
us7000p9yk,5.1,10.0,400,-2.8186,126.848,0,"128 km SE of Sanana, Indonesia",
us7000p9yj,5.1,10.0,412,23.1643,120.5775,0,"12 km ENE of Yujing, Taiwan",0.0
us7000p9qx,5.2,10.0,416,-53.41,-41.5824,0,South Atlantic Ocean,0.0
us7000p9qm,5.0,10.08,386,-3.9642,121.8691,0,"71 km W of Kendari, Indonesia",
us7000p9p7,5.0,38.759,385,-18.5354,-173.964,0,"13 km N of Neiafu, Tonga",
us6000pmsr,5.4,99.753,449,0.4934,121.1903,0,"208 km W of Gorontalo, Indonesia",0.0
us6000pmru,5.2,46.425,440,-40.7113,175.886,0,"22 km NE of Kopuaranga, New Zealand",1.0
us6000pmrw,5.2,62.824,416,-30.3993,-178.067,0,"Kermadec Islands, New Zealand",
us6000pmqw,5.8,13.0,518,-28.0098,-176.486,0,Kermadec Islands region,0.0
us6000pmqh,5.0,12.355,387,-14.3941,-76.2983,0,"58 km S of Paracas, Peru",
us6000pmpq,5.6,10.0,482,-41.1978,-90.224,0,southeast of Easter Island,0.0
us6000pmpi,5.1,10.0,400,-41.1647,-90.539,0,southeast of Easter Island,
us6000pmjt,5.3,143.939,432,18.0413,146.0169,0,"Pagan region, Northern Mariana Islands",
us6000pmix,5.1,35.0,405,-17.7376,168.0815,0,"24 km W of Port-Vila, Vanuatu",
us6000pmhf,5.0,10.0,387,22.7251,121.0882,0,"71 km ENE of Donggang, Taiwan",
us6000pmgt,5.6,59.0,501,53.2062,-167.2003,1,"86 km SSW of Unalaska, Alaska",0.0
us6000pmgl,5.0,35.0,385,-7.4257,155.9675,0,"122 km NW of Gizo, Solomon Islands",
us6000pmfn,5.1,56.129,400,53.1558,160.054,0,"96 km E of Petropavlovsk-Kamchatsky, Russia",
us6000pmf5,5.2,91.382,416,-59.6215,-26.4654,0,South Sandwich Islands region,
us6000pme3,5.3,47.197,444,-17.7001,168.0872,0,"24 km W of Port-Vila, Vanuatu",
us6000pmct,5.2,10.0,435,23.1079,120.4471,0,"2 km SW of Yujing, Taiwan",7.0
us6000pmaf,5.1,10.0,418,23.2435,120.3972,0,"14 km NNW of Yujing, Taiwan",
us6000pm5y,5.7,10.0,500,-3.9381,150.7581,0,"150 km S of Kavieng, Papua New Guinea",0.0
us6000pm4b,5.3,122.665,432,-18.0678,-69.3145,0,"75 km ESE of Palca, Peru",
us6000plzg,5.0,10.0,385,-41.4878,-86.0291,0,West Chile Rise,
us6000plwf,5.0,117.542,447,24.6223,95.093,0,"104 km E of Wāngjing, India",
us6000plst,5.6,598.0,482,-12.7706,168.8952,0,"190 km NE of Sola, Vanuatu",0.0
us6000plrr,5.0,10.0,385,9.0286,39.9173,0,"14 km N of Metahāra, Ethiopia",
us6000plrc,5.4,62.013,453,7.7025,122.2079,0,"8 km E of Siocon, Philippines",0.0
us6000plql,5.7,9.0,521,10.0899,125.1492,0,"3 km NNW of San Francisco, Philippines",8482.0
us6000plnf,5.3,10.0,432,-42.0886,88.2975,0,southeast Indian Ridge,
us6000plk7,5.0,10.0,385,-20.8169,168.5583,0,"107 km NE of Tadine, New Caledonia",
us6000pli7,5.1,10.0,402,9.1223,40.0616,0,"19 km NW of Āwash, Ethiopia",
us6000plhn,5.0,5.618,397,39.4605,26.2965,0,"4 km SW of Behram, Turkey",
us6000plhj,5.3,10.0,432,-3.0273,148.4775,0,"173 km SE of Lorengau, Papua New Guinea",
us6000plh9,5.1,11.338,401,21.4057,121.0111,0,"71 km SSE of Hengchun, Taiwan",
us6000plfb,5.3,10.0,433,23.3555,-108.2944,0,"134 km ESE of La Rivera, Mexico",
us6000plew,5.2,10.0,417,52.7426,-166.6507,0,"126 km S of Unalaska, Alaska",
us6000plel,5.5,10.0,465,-3.7665,151.551,0,"83 km NW of Rabaul, Papua New Guinea",0.0
us6000plei,5.2,10.0,416,-3.6903,151.4789,0,"94 km NW of Rabaul, Papua New Guinea",
us6000pldh,5.5,10.0,465,-27.5196,-13.4234,0,southern Mid-Atlantic Ridge,0.0
us6000pldf,5.5,130.0,485,13.4452,144.3602,0,"33 km WNW of Agat Village, Guam",0.0
us6000plde,5.1,10.0,400,-27.4672,-13.3529,0,southern Mid-Atlantic Ridge,
us6000pld9,5.2,10.0,416,-27.7265,-13.1569,0,southern Mid-Atlantic Ridge,
us6000plbf,5.0,10.0,390,28.3855,87.5651,0,Southern Tibetan Plateau,
us6000pl8l,5.1,10.0,402,23.134,120.4374,0,"2 km WNW of Yujing, Taiwan",
us6000pl8h,6.0,16.0,748,23.1816,120.5448,0,"10 km NE of Yujing, Taiwan",28.0
us6000pl89,5.3,10.0,432,-23.793,-112.0023,0,Easter Island region,0.0
us7000pa2l,5.2,10.0,416,-23.9012,-111.7931,0,Easter Island region,
us6000pl7f,5.3,10.0,432,7.4323,91.5683,0,"Nicobar Islands, India region",
us6000pl78,5.4,100.0,456,13.9035,120.5676,0,"6 km WSW of Talisay, Philippines",0.0
us6000pl6q,5.5,36.358,465,-11.2826,165.8611,0,"62 km S of Lata, Solomon Islands",0.0
us6000pl6c,5.0,10.0,385,10.0412,91.6307,0,"217 km SW of Port Blair, India",
us6000pl09,5.0,10.0,385,-58.5247,158.36,0,Macquarie Island region,
us6000pkzg,5.0,10.0,385,24.9397,123.4511,0,"69 km NE of Yonakuni, Japan",
us6000pkzc,5.0,10.0,385,24.9047,123.4363,0,"65 km NE of Yonakuni, Japan",
us6000pkwy,5.1,57.508,400,0.077,126.7355,0,"106 km SW of Ternate, Indonesia",
us6000pksw,5.0,10.0,385,-6.9158,154.9649,0,"87 km SW of Panguna, Papua New Guinea",
us6000pkld,5.0,10.0,386,8.4942,125.8032,0,"4 km NNE of Talacogon, Philippines",
us6000pkla,5.0,10.0,385,-25.3379,-13.7576,0,southern Mid-Atlantic Ridge,
us6000pkeg,5.0,28.656,385,-20.8697,169.2452,0,"147 km S of Isangel, Vanuatu",
us6000pk9u,5.7,42.0,500,-10.8585,165.9976,0,"26 km SE of Lata, Solomon Islands",0.0
us6000pk50,5.1,10.0,400,-55.7231,-29.3834,0,South Sandwich Islands region,
us6000pk3x,5.0,74.892,389,-17.3939,168.2086,0,"39 km NNW of Port-Vila, Vanuatu",
us6000pk2k,5.1,40.572,400,-30.5465,-178.0407,0,"Kermadec Islands, New Zealand",
us6000pk28,5.0,16.416,385,-2.7914,141.5504,0,"30 km ESE of Vanimo, Papua New Guinea",
us6000pjz0,5.1,391.805,400,-5.0573,149.6962,0,"73 km NW of Kimbe, Papua New Guinea",
us6000pjym,5.6,10.0,483,7.2664,-35.4561,0,central Mid-Atlantic Ridge,0.0
us6000pjxl,5.3,37.94,433,31.7088,131.8103,0,"43 km ENE of Nichinan, Japan",0.0
us6000pjx5,5.0,10.0,385,8.7904,40.0596,0,"19 km SE of Metahāra, Ethiopia",
us6000pjx0,5.2,10.0,416,-4.5162,-104.9945,0,central East Pacific Rise,
us6000pjw8,5.2,10.0,416,64.6751,-17.4925,0,"115 km SSE of Akureyri, Iceland",
us6000pjvf,5.0,322.588,385,-16.2905,-175.4253,0,"178 km WSW of Hihifo, Tonga",
us6000pjqv,5.0,10.0,385,-31.5501,57.9047,0,Southwest Indian Ridge,
us6000pjqa,5.2,40.319,416,32.0119,131.7181,0,"24 km ESE of Takanabe, Japan",
us6000pjpb,5.1,10.0,401,28.4815,87.4058,0,Southern Tibetan Plateau,
us6000pjp9,5.0,10.0,390,28.405,87.3079,0,Southern Tibetan Plateau,
us6000pjp8,5.0,51.782,385,-2.8165,139.6574,0,"111 km WSW of Abepura, Indonesia",
us6000pjp4,5.4,10.0,449,7.1442,-35.2157,0,central Mid-Atlantic Ridge,
us6000pjny,6.8,39.0,742,31.8326,131.5525,1,"15 km SE of Miyazaki, Japan",10598.0
us6000pjnv,5.0,37.472,385,5.5763,125.0964,0,"23 km SW of Burias, Philippines",
us6000pjn2,5.0,67.616,386,-6.2425,146.9358,0,"53 km N of Lae, Papua New Guinea",
us6000pjm2,5.0,90.55,411,-2.2781,-79.7517,0,"16 km SE of Eloy Alfaro, Ecuador",
us6000pjlq,5.4,541.546,450,6.6712,123.8527,0,"20 km W of Taguisa, Philippines",0.0
us6000pjk4,5.0,608.249,385,-17.8504,-178.4485,0,"237 km E of Levuka, Fiji",0.0
us6000pjig,6.2,39.0,966,18.5019,-103.3631,0,"18 km SE of Aquila, Mexico",19364.0
us6000pjg3,5.0,10.0,385,-32.4958,-177.7964,0,south of the Kermadec Islands,
us6000pjg2,5.1,35.0,400,-16.2385,-173.1676,0,"74 km ESE of Hihifo, Tonga",
us6000pjfb,5.2,10.0,420,9.0553,39.9906,0,"19 km NNE of Metahāra, Ethiopia",
us6000pjed,5.0,99.185,397,13.7311,145.0762,0,"29 km NE of Yigo Village, Guam",
us6000pjby,5.2,10.0,424,9.3085,40.0117,0,"39 km NNW of Āwash, Ethiopia",
us6000pj66,5.2,10.0,416,-35.9604,-102.8916,0,southeast of Easter Island,
us6000pj4s,5.6,18.0,483,5.9461,-77.4683,0,"31 km SSW of Bahía Solano, Colombia",0.0
us6000pj2q,5.3,11.931,432,-19.6161,-175.0999,0,"81 km WNW of Pangai, Tonga",
us6000pixh,5.8,95.0,545,13.599,-89.7339,0,"10 km E of Acajutla, El Salvador",0.0
us6000pisp,5.0,10.0,385,-18.2902,167.6443,0,"93 km SW of Port-Vila, Vanuatu",
us6000piqu,5.3,10.0,432,-59.8945,-61.3142,0,Drake Passage,
us6000piks,5.0,10.0,385,53.1123,-35.0308,0,Reykjanes Ridge,
us6000pijd,5.5,10.0,653,34.8006,97.4685,0,"Southern Qinghai, China",2811477.0
us6000piij,5.0,10.0,386,28.4359,87.3648,0,Southern Tibetan Plateau,
us6000pihw,5.3,10.0,437,9.0271,40.0639,0,"12 km WNW of Āwash, Ethiopia",
us6000pifl,5.0,10.0,386,-8.2744,119.3325,0,"38 km NNW of Komodo, Indonesia",
us6000pife,5.3,534.482,432,24.2827,142.0996,0,"Volcano Islands, Japan region",
us6000pifb,5.2,10.0,416,-37.6508,77.9555,0,Mid-Indian Ridge,
us6000pida,5.6,358.0,485,31.6194,138.4289,0,"Izu Islands, Japan region",0.0
us6000pic9,5.0,370.004,385,-17.6376,-176.843,0,Fiji region,
us6000piar,5.0,10.0,385,28.7969,87.2321,0,Southern Tibetan Plateau,
us6000piak,5.0,10.0,385,28.4845,87.4575,0,Southern Tibetan Plateau,
us6000pkpp,5.2,10.0,416,28.5282,87.356,0,"83 km NE of Lobuche, Nepal",
us6000pia7,5.2,10.0,422,28.4421,87.4659,0,Southern Tibetan Plateau,
us6000pks6,5.2,10.0,416,28.8057,87.1343,0,"100 km NNE of Lobuche, Nepal",
us6000pks1,5.4,10.0,449,28.7537,87.1968,0,"96 km NNE of Lobuche, Nepal",16274.0
us6000pi9w,7.1,10.0,2787,28.6036,87.3781,0,2025 Southern Tibetan Plateau Earthquake,1149651303.0
us6000pi8v,5.0,35.0,386,-17.9111,167.9443,0,"43 km WSW of Port-Vila, Vanuatu",
us6000pi7c,5.2,10.0,417,28.1592,52.3922,0,"77 km SSW of Fīrūzābād, Iran",
us6000pi7a,5.1,10.0,400,35.8134,142.081,0,"113 km E of Hasaki, Japan",
us6000pi67,5.2,10.0,417,33.4298,87.0306,0,Tibetan Plateau,
us6000pi39,5.2,97.196,416,-10.734,161.868,0,"31 km S of Kirakira, Solomon Islands",
us6000pi0k,5.0,10.0,385,-3.7391,151.6914,0,"73 km NW of Rabaul, Papua New Guinea",
us6000pi09,6.2,46.0,663,13.0007,-89.1775,0,"56 km SSE of La Libertad, El Salvador",238213.0
us6000phz2,5.1,132.697,401,6.4682,126.5325,0,"40 km ENE of Pondaguitan, Philippines",
us6000phws,5.3,36.934,432,-16.1014,167.4828,0,"7 km E of Lakatoro, Vanuatu",
us6000phw1,5.0,10.0,393,9.2988,40.1365,0,"35 km N of Āwash, Ethiopia",
us6000phrk,5.7,8.0,671,9.4591,40.1219,0,"52 km N of Āwash, Ethiopia",100779.0
us6000phr5,5.0,10.0,385,-27.9633,63.4991,0,Southwest Indian Ridge,
us6000phnz,5.5,10.0,481,9.3575,40.3457,0,"45 km NNE of Āwash, Ethiopia",35961.0
us6000phl5,5.2,10.0,427,9.0119,39.7855,0,"19 km NW of Metahāra, Ethiopia",
us6000phdf,5.0,154.635,389,24.9577,95.5118,0,"128 km SE of Phek, India",
us6000phce,5.5,86.0,465,-58.7696,-25.9578,0,South Sandwich Islands region,0.0
us6000phc9,5.1,10.0,400,-3.7423,151.7104,0,"71 km NW of Rabaul, Papua New Guinea",0.0
us6000phb3,5.4,10.0,452,9.4426,40.2761,0,"52 km NNE of Āwash, Ethiopia",
us6000phap,6.1,99.0,606,-21.7109,-69.1069,0,"84 km NNW of Calama, Chile",0.0
us6000ph9f,5.0,19.054,385,-3.9094,151.6398,0,"66 km WNW of Rabaul, Papua New Guinea",
us6000ph1c,5.1,10.0,409,9.2824,40.1383,0,"33 km N of Āwash, Ethiopia",
us6000ph16,5.4,10.0,449,-3.7199,151.7189,0,"72 km NW of Rabaul, Papua New Guinea",0.0
us6000ph0e,5.1,56.271,400,-0.2006,125.1945,0,"110 km SE of Modisi, Indonesia",
us6000pgzq,5.5,10.0,465,-62.3342,155.7048,0,Balleny Islands region,0.0
us6000pgz5,5.1,10.0,400,-21.3225,-173.8784,0,"111 km E of ‘Ohonua, Tonga",
us6000pgy5,5.2,10.0,416,-42.4343,-16.0574,0,southern Mid-Atlantic Ridge,
us6000pgx1,5.3,10.0,432,-36.1244,-100.6636,0,southeast of Easter Island,
us6000pgv4,6.1,70.0,572,-56.4095,-26.7059,0,South Sandwich Islands region,0.0
us6000pgup,5.1,10.0,400,-3.7219,151.6971,0,"74 km NW of Rabaul, Papua New Guinea",
us6000pgu0,5.0,10.0,385,-3.8338,151.7147,0,"64 km NW of Rabaul, Papua New Guinea",
us6000pgtj,5.0,10.0,385,9.0855,40.0976,0,"13 km NW of Āwash, Ethiopia",
us6000pgsd,5.5,22.0,466,-20.9273,169.3819,0,"153 km S of Isangel, Vanuatu",0.0
us7000rlkk,5.3,553.819,432,-20.6323,-63.1477,0,"26 km SSE of Boyuibe, Bolivia",
us7000rli5,5.1,10.0,400,-7.0521,155.195,0,"87 km SSW of Panguna, Papua New Guinea",
us7000rlhy,5.1,5.0,401,60.4206,-139.56,0,"97 km N of Yakutat, Alaska",0.0
us7000rlha,5.5,11.0,468,27.549,128.7241,0,"19 km NNE of Wadomari, Japan",0.0
us7000rlfw,5.1,10.0,400,-42.7194,83.6078,0,Mid-Indian Ridge,
us7000rlc8,5.1,51.498,400,-5.2545,152.2946,0,"100 km S of Kokopo, Papua New Guinea",
us7000rl9j,5.0,72.731,386,-9.0199,-79.0454,0,"43 km W of Puerto Santa, Peru",
us7000rl5k,5.1,37.676,400,-59.7567,-26.8249,0,South Sandwich Islands region,
us7000rl57,6.2,58.0,693,-8.9834,-79.039,0,"43 km W of Puerto Santa, Peru",783278.0
us7000rl2n,6.6,63.0,916,24.6841,122.0354,1,"29 km ESE of Yilan, Taiwan",50.0
us7000rl1p,5.6,593.431,482,-28.2562,-63.1342,0,"37 km NW of Añatuya, Argentina",0.0
us7000rl0a,5.1,10.0,400,49.6988,158.8076,0,"220 km ESE of Severo-Kuril’sk, Russia",
us7000rkzt,5.1,10.0,400,-5.5338,102.2674,0,"191 km S of Bengkulu, Indonesia",
us7000rkyz,5.4,25.0,449,-5.5456,102.3691,0,"193 km S of Bengkulu, Indonesia",0.0
us7000rkyq,5.2,84.163,416,-4.5433,153.2228,0,"108 km ESE of Kokopo, Papua New Guinea",
us7000rkvc,5.6,10.0,482,-14.5577,-176.9372,0,"129 km ESE of Alo, Wallis and Futuna",0.0
us7000rkup,5.1,10.0,400,-60.2506,-61.856,0,Drake Passage,
us7000rkqm,5.6,54.143,482,41.2106,142.4687,0,"103 km E of Yokohama, Japan",0.0
us7000rkpt,5.0,10.0,385,-26.6316,-176.2731,0,south of the Fiji Islands,
us7000rkpd,5.0,10.0,385,-61.1332,-36.3328,0,Scotia Sea,
us7000rkmf,5.1,10.0,400,11.7823,143.1062,0,"236 km SW of Merizo Village, Guam",
us7000rkmg,5.0,10.0,385,72.1242,1.1624,0,Norwegian Sea,
us7000rkkk,5.7,12.0,500,11.7846,143.3634,0,"216 km SW of Merizo Village, Guam",0.0
us7000rkke,5.0,45.95,388,13.0227,144.6297,0,"27 km S of Merizo Village, Guam",
us7000rkjm,6.0,8.0,600,22.8982,121.2494,0,"2025 Taitung, Taiwan Earthquake",23829.0
us7000rkfp,5.6,157.0,483,-14.5564,167.1377,0,"54 km N of Port-Olry, Vanuatu",0.0
us7000rkc5,5.0,10.0,385,-58.3364,-23.3069,0,South Sandwich Islands region,
us7000rkbp,5.2,208.225,416,-5.6145,147.3239,0,"119 km NNW of Finschhafen, Papua New Guinea",
us7000rkbm,5.2,334.154,416,33.1242,137.7749,0,"160 km SSE of Shima, Japan",
us7000rkas,5.1,49.334,400,40.7155,51.8267,0,"122 km NW of Türkmenbaşy, Turkmenistan",
us6000rwgh,6.5,107.0,657,-5.7036,145.5368,0,"45 km NNE of Goroka, Papua New Guinea",48.0
us6000rwex,5.3,35.0,432,14.3738,-93.1789,0,"90 km WSW of Puerto Madero, Mexico",
us6000rwea,5.3,48.587,432,-5.5178,151.7579,0,"141 km SSW of Kokopo, Papua New Guinea",
us6000rwcs,5.6,9.0,482,8.3759,127.6817,0,"139 km E of Barcelona, Philippines",0.0
us6000rwby,5.0,10.0,385,-61.9909,161.4223,0,Balleny Islands region,
us6000rwbl,5.5,44.0,466,1.4457,126.392,0,"132 km WNW of Ternate, Indonesia",0.0
us6000rwaw,5.1,10.0,400,34.7697,141.8354,0,"140 km SE of Hasaki, Japan",
us6000rwai,5.2,33.352,416,-5.5625,151.8606,0,"142 km SSW of Kokopo, Papua New Guinea",
us6000rwa4,5.0,35.0,385,43.4097,147.835,0,"99 km ESE of Shikotan, Russia",
us6000rwa3,5.1,44.811,400,-6.7507,131.2933,0,"203 km SW of Tual, Indonesia",
us6000rwbj,5.0,35.0,385,43.4104,147.8847,0,"103 km ESE of Shikotan, Russia",
us6000rwa0,5.2,10.0,416,43.382,148.0115,0,"114 km ESE of Shikotan, Russia",
us6000rw9k,5.1,35.0,400,43.5958,147.717,0,"83 km ESE of Shikotan, Russia",
us6000rw94,5.4,57.224,450,40.8014,142.0514,0,"57 km ENE of Misawa, Japan",0.0
us6000rw90,5.0,35.0,385,43.601,147.8963,0,"97 km ESE of Shikotan, Russia",
us6000rw89,5.3,151.442,432,-20.1183,-68.1067,0,"108 km SSE of Colchane, Chile",
us6000rw6s,5.2,35.0,416,42.752,145.9512,0,"70 km SSE of Nemuro, Japan",
us6000rw6m,5.2,10.0,416,42.7096,146.0547,0,"78 km SSE of Nemuro, Japan",
us6000rw6b,5.0,121.632,385,0.4908,121.9251,0,"126 km W of Gorontalo, Indonesia",
us6000rw6a,5.3,10.0,432,-63.7108,172.3365,0,Balleny Islands region,
us6000rw5u,5.6,10.0,482,-63.8087,172.771,0,Balleny Islands region,0.0
us6000rw3h,5.1,10.0,403,-0.7716,-77.9623,0,"22 km NW of Archidona, Ecuador",
us6000rvxc,5.3,35.0,433,36.2913,69.2473,0,"27 km NNE of Nahrīn, Afghanistan",
us6000rvx4,5.7,10.0,500,-15.7203,-179.5763,0,"138 km NE of Labasa, Fiji",0.0
us6000rvwy,5.2,35.0,416,8.7018,126.9099,0,"68 km E of Marihatag, Philippines",
us7000rp7d,5.2,10.0,416,-61.9503,162.8643,0,Balleny Islands region,
us6000rvnm,5.9,38.0,536,52.8123,159.953,0,"93 km ESE of Petropavlovsk-Kamchatsky, Russia",0.0
us6000rvmn,5.5,18.0,466,19.9353,121.2672,0,"92 km SW of Basco, Philippines",0.0
us6000rvmc,5.0,65.736,385,1.3857,125.7798,0,"72 km E of Bitung, Indonesia",
us6000rvl8,5.2,61.494,416,-20.3697,169.2956,0,"91 km S of Isangel, Vanuatu",
us6000rvkl,5.6,10.0,483,6.7182,-82.5956,0,"148 km SSE of Burica, Panama",0.0
us6000rvkd,5.0,95.772,386,-18.4434,168.5671,0,"82 km SSE of Port-Vila, Vanuatu",
us6000rvhm,5.4,400.264,449,-16.7324,-177.4109,0,"278 km SSE of Alo, Wallis and Futuna",0.0
us6000rvhe,5.6,35.0,482,-58.6643,-25.2234,0,South Sandwich Islands region,0.0
us6000rvfq,5.0,51.965,385,41.2916,142.346,0,"94 km E of Mutsu, Japan",
us6000rve6,5.2,10.0,416,43.5441,148.0251,0,"108 km ESE of Shikotan, Russia",
us6000rvd3,5.0,9.697,385,56.3789,-148.6739,1,"258 km ESE of Chiniak, Alaska",
us6000rvd5,5.1,35.0,400,44.3837,149.5287,0,"160 km SE of Kuril’sk, Russia",
us6000rv9r,5.0,10.0,385,-43.7809,-16.2259,0,southern Mid-Atlantic Ridge,
us6000rv9p,5.1,10.0,400,-43.6591,-16.3214,0,southern Mid-Atlantic Ridge,
us6000rv8z,5.2,10.0,416,-11.6932,163.4164,0,"213 km SE of Kirakira, Solomon Islands",
us6000rv85,5.1,35.0,400,40.9265,143.0232,0,"133 km S of Honchō, Japan",
us6000rv5e,5.4,16.436,449,37.4097,20.1314,0,"70 km WSW of Lithakiá, Greece",0.0
us6000rv4q,5.6,80.0,496,14.17,145.8188,0,"90 km SSE of San Jose Village, Northern Mariana Islands",0.0
us6000rv2c,5.0,10.0,385,-28.3037,62.7506,0,Southwest Indian Ridge,
us6000rv1u,5.7,34.0,500,51.7312,161.2012,0,"229 km SE of Petropavlovsk-Kamchatsky, Russia",0.0
us6000ruxv,5.3,10.0,432,51.8362,160.4527,0,"184 km SE of Petropavlovsk-Kamchatsky, Russia",0.0
us6000ruvy,5.3,71.668,432,-58.7745,-25.6748,0,South Sandwich Islands region,
us6000rut1,5.1,54.045,400,1.9913,126.4277,0,"156 km ENE of Bitung, Indonesia",
us6000rusr,5.4,10.0,449,-35.8507,-102.4356,0,southeast of Easter Island,
us6000rush,5.0,10.0,385,39.8072,143.6256,0,"145 km E of Miyako, Japan",
us6000rur4,5.2,58.687,416,-3.2368,101.3683,0,"117 km WNW of Bengkulu, Indonesia",
us6000runq,5.0,72.555,385,-59.0011,-25.6684,0,South Sandwich Islands region,
us6000run8,5.4,90.292,455,-21.2293,-68.984,0,"75 km W of Ollagüe, Chile",0.0
us6000rumi,5.5,108.0,465,52.1512,178.3529,0,"Rat Islands, Aleutian Islands, Alaska",0.0
us6000ruih,5.3,367.01,432,32.3881,137.523,0,"202 km SE of Kushimoto, Japan",
us6000ruhx,5.2,78.899,416,50.8904,156.8617,0,"57 km ENE of Severo-Kuril’sk, Russia",
us6000rufh,5.0,10.0,385,-31.4451,78.9003,0,Mid-Indian Ridge,
us6000ruex,5.1,104.606,400,-59.6091,-26.2882,0,South Sandwich Islands region,
us6000rucc,5.3,32.637,432,40.997,142.937,0,"125 km S of Honchō, Japan",0.0
us6000ruc4,6.7,19.0,701,40.8899,142.8131,1,"117 km NE of Kuji, Japan",0.0
us6000ruay,5.0,10.0,385,48.4112,157.2249,0,"264 km SSE of Severo-Kuril’sk, Russia",
us6000ru9z,5.0,28.976,385,41.1264,142.8124,0,"111 km S of Honchō, Japan",
us6000ru9w,5.1,575.904,400,-18.1107,-178.2408,0,"258 km E of Levuka, Fiji",
us6000ru41,5.1,10.0,400,32.9472,88.6555,0,western Xizang,
us6000rtw5,5.7,33.0,500,40.9018,142.6725,0,"108 km ENE of Hachinohe, Japan",0.0
us6000rtvs,5.1,87.791,400,-6.3904,154.8914,0,"66 km W of Panguna, Papua New Guinea",
us6000rtuk,5.5,164.124,510,6.7742,-73.0156,0,"5 km WNW of Cepitá, Colombia",0.0
us6000rttx,5.2,44.747,416,-28.8423,-71.3853,0,"67 km WSW of Vallenar, Chile",
us6000rtqr,5.3,26.267,432,-26.7021,-176.5252,0,south of the Fiji Islands,
us6000rtql,5.0,10.0,385,-26.7347,-176.0959,0,south of the Fiji Islands,
us6000rtln,5.0,10.0,385,62.0873,-26.5302,0,"284 km SW of Grindavík, Iceland",
us6000rtld,5.0,60.104,385,41.3127,142.2857,0,"89 km E of Mutsu, Japan",
us6000rtkx,5.2,10.0,416,2.5932,96.0351,0,"40 km WNW of Sinabang, Indonesia",
us6000rtk2,5.2,10.0,416,-32.6071,-177.5916,0,south of the Kermadec Islands,
us6000rtji,5.3,10.0,432,-27.0266,-176.063,0,Kermadec Islands region,
us6000rtj4,5.6,47.786,482,40.8255,142.7591,0,"109 km NE of Kuji, Japan",0.0
us6000rtin,5.0,49.582,385,41.117,143.0169,0,"112 km S of Honchō, Japan",
us6000rtie,6.6,19.0,672,40.9761,143.1504,0,"129 km S of Honchō, Japan",0.0
us6000rthp,5.0,10.0,385,11.1719,138.5544,0,"189 km NNE of Colonia, Micronesia",
us7000rmts,5.1,31.27,400,40.902,143.2141,0,"138 km S of Honchō, Japan",
us6000rtgd,6.0,22.788,554,40.9878,143.1226,0,"127 km S of Honchō, Japan",0.0
us6000rtg8,5.5,29.994,465,-58.8007,-25.4875,0,South Sandwich Islands region,0.0
us6000rtee,5.0,39.127,385,40.9443,143.0631,0,"132 km S of Honchō, Japan",
us6000rtdz,5.5,35.0,466,40.8889,142.4766,0,"93 km ENE of Hachinohe, Japan",0.0
us6000rtdt,7.6,40.72,1122,40.9984,142.1836,1,"2025 Aomori Prefecture, Japan Earthquake",7655248.0
us6000rtdj,5.0,10.0,385,-24.0769,69.4561,0,Mid-Indian Ridge,
us6000rtcw,5.2,10.0,430,23.8315,121.7444,0,"21 km SE of Hualien City, Taiwan",
us6000rtch,5.1,113.694,405,37.1026,30.7856,0,"23 km NNE of Antalya, Turkey",
us6000rta5,5.0,35.0,385,51.485,159.2599,0,"171 km SSE of Vilyuchinsk, Russia",
us6000rt9w,5.8,10.0,518,60.3454,-139.6253,1,"89 km N of Yakutat, Alaska",0.0
us6000rt9a,5.1,5.0,402,60.5259,-139.9162,0,"109 km N of Yakutat, Alaska",0.0
us6000rt68,5.6,59.342,482,50.239,156.8911,0,"72 km SE of Severo-Kuril’sk, Russia",0.0
us7000rke3,5.5,10.0,465,-14.6843,166.6769,0,"58 km NW of Port-Olry, Vanuatu",
us6000rt4z,5.2,10.0,416,-14.675,166.6608,0,"60 km NW of Port-Olry, Vanuatu",2.0
us6000rt26,5.2,35.0,416,-6.6294,131.0539,0,"218 km WSW of Tual, Indonesia",
us6000rt1y,5.2,7.321,417,60.5616,-140.0066,0,"114 km N of Yakutat, Alaska",0.0
us6000rt18,5.1,10.0,400,-16.7089,-177.4388,0,"274 km SSE of Alo, Wallis and Futuna",
ak2025xzwrbu,5.087666993181132,10.75879955291748,403,60.31888580322266,-139.35723876953125,1,"88 km NNE of Yakutat, Alaska",0.0
us6000rsy4,5.2,5.0,416,60.3673,-139.4012,0,"93 km NNE of Yakutat, Alaska",0.0
us6000rsy1,7.0,10.317,1384,60.3127,-139.5412,1,2025 Hubbard Glacier Earthquake,2.0
us6000rsx7,5.1,10.0,400,-55.1495,-126.6904,0,southern East Pacific Rise,
us6000rsv5,5.1,13.146,400,52.5956,160.8653,0,"159 km ESE of Petropavlovsk-Kamchatsky, Russia",
us6000rsuv,5.1,113.578,400,1.6522,127.2482,0,"85 km W of Tobelo, Indonesia",
us6000rstu,5.1,16.04,400,-10.5681,119.2705,0,"126 km S of Tambolaka, Indonesia",
us6000rsti,5.5,10.0,465,18.6143,-106.7426,0,"201 km SW of José María Morelos, Mexico",0.0
us7000rfr9,5.2,10.0,416,-60.1833,-62.065,0,Drake Passage,0.0
us7000rflu,5.3,10.0,432,-27.495,-176.1569,0,Kermadec Islands region,
us7000rfi4,5.1,10.0,400,-19.9635,-12.372,0,southern Mid-Atlantic Ridge,
us7000rfgy,5.8,9.0,654,41.0099,78.4441,0,"136 km NNW of Tumxuk, China",11538322.0
us7000rfg8,5.2,599.274,416,-21.4912,-179.2237,0,Fiji region,
us7000rfg6,5.0,76.161,385,-0.3169,125.646,0,"159 km ESE of Modisi, Indonesia",
us7000rfg4,5.2,34.753,422,15.9145,-95.6215,0,"9 km SE of Santiago Astata, Mexico",
us7000rfg3,5.1,10.0,400,-54.9048,-129.2594,0,Pacific-Antarctic Ridge,
us7000rfg1,5.5,10.0,465,-55.3824,-128.1034,0,Pacific-Antarctic Ridge,0.0
us6000rs80,5.0,10.0,385,-31.5476,-178.4085,0,Kermadec Islands region,
us6000rs3k,5.6,620.0,482,-20.8566,-178.9541,0,Fiji region,0.0
us7000rf1l,5.1,49.768,400,0.337,98.6405,0,"96 km ESE of Teluk Dalam, Indonesia",
us7000rf1g,5.1,35.0,401,50.0701,157.0808,0,"95 km SE of Severo-Kuril’sk, Russia",
us7000rf19,5.0,52.509,385,42.94,145.4636,0,"43 km SSW of Nemuro, Japan",
us7000rf12,5.2,10.0,416,9.3019,-40.681,0,central Mid-Atlantic Ridge,
us7000rf0s,5.0,10.0,385,-26.8248,-176.2178,0,south of the Fiji Islands,
us7000rezc,5.2,35.0,416,-27.1082,-176.4363,0,Kermadec Islands region,
us7000rez4,5.1,35.0,401,51.648,-173.4586,0,"79 km SE of Atka, Alaska",
us7000reya,5.1,104.577,400,-10.2888,161.4093,0,"58 km WNW of Kirakira, Solomon Islands",
us7000reqv,5.0,10.0,385,-56.0757,-143.8795,0,Pacific-Antarctic Ridge,
us7000reqc,5.3,10.0,432,-26.9787,-176.2688,0,south of the Fiji Islands,
us7000renh,5.3,36.374,432,-27.1631,-176.5717,0,Kermadec Islands region,0.0
us7000rena,5.8,10.0,518,-56.5108,147.4508,0,west of Macquarie Island,0.0
us7000relb,5.0,10.0,385,-13.715,166.4729,0,"118 km W of Sola, Vanuatu",
us7000rekp,5.9,10.0,536,-52.366,151.8084,0,west of Macquarie Island,0.0
us7000rek7,5.1,154.765,400,-6.8742,156.2641,0,"100 km SE of Kieta, Papua New Guinea",
us7000rejp,5.1,10.0,400,-7.9947,-13.4967,0,"101 km E of Georgetown, Saint Helena",
us7000rejk,5.0,13.482,385,48.9607,156.2413,0,"190 km S of Severo-Kuril’sk, Russia",
us7000reih,5.3,10.0,432,-47.5014,-13.447,0,southern Mid-Atlantic Ridge,
us7000rehl,5.8,153.161,520,15.3677,-92.1037,0,"7 km S of Amatenango de la Frontera, Mexico",0.0
us7000ree1,5.0,10.0,385,-14.1982,-14.3764,0,southern Mid-Atlantic Ridge,
us7000reab,5.3,10.0,432,-9.0856,-108.9253,0,central East Pacific Rise,
us7000rea0,5.6,263.0,482,-15.3351,-174.8407,0,"131 km WNW of Hihifo, Tonga",0.0
ak2025xjbvhj,6.0,69.43339538574219,1134,61.56951904296875,-150.75079345703125,1,"12 km WNW of Susitna, Alaska",6.0
us7000re2g,6.4,17.0,635,2.7191,95.9543,0,"54 km WNW of Sinabang, Indonesia",77917.0
us7000re14,5.0,10.0,385,4.2042,122.7437,0,"222 km SSE of Tabiauan, Philippines",
us7000rdzw,5.0,10.0,385,0.7377,96.8752,0,"102 km SW of Gunungsitoli, Indonesia",
us7000rdze,5.2,10.0,416,-22.6098,170.9494,0,southeast of the Loyalty Islands,
us7000rdxu,5.0,81.265,385,42.4544,144.2913,0,"58 km S of Kushiro, Japan",
us7000rdv0,5.0,10.0,385,-15.0495,-173.5311,0,"104 km NNE of Hihifo, Tonga",
us7000rdre,5.0,66.444,389,53.1481,-168.1205,1,"54 km ENE of Nikolski, Alaska",
us7000rdmx,5.4,71.508,452,6.3406,126.1995,0,"3 km SE of Pondaguitan, Philippines",0.0
us7000rdmh,5.3,10.0,442,33.0317,131.0814,0,"10 km N of Aso, Japan",4366.0
us7000rdlr,5.0,53.611,385,52.2161,159.5367,0,"110 km SE of Vilyuchinsk, Russia",
us7000rdlm,5.3,38.797,432,52.1975,159.6334,0,"116 km SE of Vilyuchinsk, Russia",
us6000rq27,5.0,33.61,385,-32.9642,-178.826,0,south of the Kermadec Islands,
us6000rq0u,5.3,10.0,432,7.5142,-37.0622,0,central Mid-Atlantic Ridge,0.0
us6000rq2y,5.4,3.0,449,13.588,40.672,0,"116 km WSW of Edd, Eritrea",0.0
us6000rq2x,5.5,3.0,465,13.588,40.672,0,"116 km WSW of Edd, Eritrea",0.0
us6000rpxa,5.5,33.0,467,51.3114,-177.0161,0,"67 km SSW of Adak, Alaska",0.0
us6000rpwk,5.3,10.0,432,13.3595,95.8101,0,"269 km WSW of Dawei, Burma (Myanmar)",
us6000rpwf,5.3,10.0,432,1.2954,128.5754,0,"72 km NNE of Maba, Indonesia",2.0
us6000rpvb,5.1,10.998,401,8.8416,-84.0883,0,"63 km WSW of Puerto Cortés, Costa Rica",
us6000rpql,5.6,12.0,482,49.6656,158.5579,0,"206 km SE of Severo-Kuril’sk, Russia",0.0
us6000rpjb,5.6,515.967,482,-24.2434,179.8473,0,south of the Fiji Islands,0.0
us6000rpja,5.5,11.0,465,39.6845,143.5003,0,"133 km E of Miyako, Japan",0.0
us6000rpht,5.4,27.0,1234,23.8578,90.5404,0,"14 km ESE of Tungi, Bangladesh",20244653.0
us6000rpgr,5.1,125.124,400,25.6304,124.8124,0,"104 km NNW of Hirara, Japan",
us6000rpcg,5.0,10.0,385,-11.4195,164.603,0,"151 km WSW of Lata, Solomon Islands",
us6000rpcc,5.3,10.0,432,-35.4407,-16.0702,0,southern Mid-Atlantic Ridge,
us6000rpc0,5.4,109.129,449,-25.5159,-176.3853,0,south of the Fiji Islands,0.0
us6000rpai,5.8,130.856,518,-3.7152,128.4005,0,"24 km E of Ambon, Indonesia",0.0
us6000rpa3,5.1,132.062,400,1.5341,127.1321,0,"86 km NNW of Ternate, Indonesia",0.0
us6000rp9f,5.1,101.526,400,-31.52,-178.7869,0,Kermadec Islands region,
us6000rp8k,5.0,46.851,385,-57.9221,-25.3104,0,South Sandwich Islands region,
us6000rp3h,5.0,10.0,385,-37.9342,-75.3162,0,"150 km WSW of Lebu, Chile",
us6000rp2h,5.0,10.0,385,39.216,143.4481,0,"132 km ESE of Yamada, Japan",
us6000rp2d,5.0,122.292,385,10.9296,-62.7828,0,"40 km N of Yaguaraparo, Venezuela",
us6000rp1a,5.5,10.0,468,8.8279,-84.0117,0,"55 km WSW of Puerto Cortés, Costa Rica",0.0
us6000rnxp,5.3,10.0,432,-11.981,65.7464,0,Mid-Indian Ridge,0.0
us6000rntu,5.2,17.622,416,39.7639,143.2167,0,"110 km E of Miyako, Japan",0.0
us6000rnrz,5.2,124.311,422,12.0939,-86.5275,0,"12 km N of Villa El Carmen, Nicaragua",
us6000rnql,5.3,110.485,432,0.0862,124.0622,0,"58 km SW of Modisi, Indonesia",
us6000rnq7,5.1,10.0,400,-61.132,159.5878,0,Balleny Islands region,
us6000rnnl,5.0,10.0,385,-11.0486,-106.3259,0,central East Pacific Rise,
us6000rnmy,5.2,10.0,416,19.5027,-109.0053,0,Revilla Gigedo Islands region,
us6000rnmz,5.0,10.0,385,-22.5156,-175.1089,0,"130 km S of ‘Ohonua, Tonga",
us6000rnm8,5.1,10.0,400,49.1306,157.8965,0,"213 km SE of Severo-Kuril’sk, Russia",
us6000rnf6,5.0,31.144,385,-28.8239,-71.5282,0,"79 km WSW of Vallenar, Chile",
us6000rneu,5.3,35.0,432,4.0236,126.6366,0,"200 km SE of Sarangani, Philippines",0.0
us6000rnd3,5.7,5.177,500,-15.3422,-175.6983,0,"214 km WNW of Hihifo, Tonga",0.0
us6000rn8e,5.1,10.0,400,50.386,158.3195,0,"158 km ESE of Severo-Kuril’sk, Russia",
us6000rn6f,5.0,10.0,385,6.9817,-34.0141,0,central Mid-Atlantic Ridge,
us6000rn50,5.2,10.0,416,39.3076,143.5312,0,"137 km E of Yamada, Japan",
us6000rn4x,5.7,10.0,500,-56.8484,-142.1304,0,Pacific-Antarctic Ridge,0.0
us6000rn27,5.1,122.899,400,4.0476,127.8816,0,"256 km N of Tobelo, Indonesia",
us6000rmyh,5.3,10.0,472,34.9226,32.5546,0,"5 km NE of Polémi, Cyprus",
us6000rmxz,5.1,26.785,400,20.9127,121.0522,0,"108 km WNW of Basco, Philippines",
us6000rmxj,5.2,19.682,491,34.8976,32.5325,0,"2 km ENE of Polémi, Cyprus",
us6000rmwv,5.7,10.0,500,73.1876,6.4773,0,Greenland Sea,0.0
us6000rmwh,5.0,10.0,385,-55.2986,-27.0243,0,South Sandwich Islands region,
us6000rmwc,5.1,106.473,400,-5.9241,145.6205,0,"31 km NE of Goroka, Papua New Guinea",
us6000rmvh,5.3,35.0,432,39.8001,143.2245,0,"111 km E of Miyako, Japan",0.0
us6000rmuu,5.1,10.0,400,-5.339,133.9041,0,"131 km ENE of Tual, Indonesia",
us6000rmki,5.4,52.408,459,-23.4587,-70.4225,0,"21 km N of Antofagasta, Chile",0.0
us6000rmkf,5.1,13.724,400,39.5843,143.2329,0,"111 km E of Yamada, Japan",
us6000rmk2,6.0,11.0,555,39.5665,143.4526,0,"129 km E of Yamada, Japan",0.0
us6000rmk1,5.1,10.0,400,39.5838,143.5899,0,"141 km E of Yamada, Japan",
us6000rmjr,5.1,10.0,403,23.1183,120.6686,0,"21 km E of Yujing, Taiwan",
us6000rmjg,5.4,10.0,449,39.2059,143.0813,0,"101 km ESE of Yamada, Japan",0.0
us6000rmj3,5.3,9.114,432,39.2464,143.5133,0,"136 km E of Yamada, Japan",0.0
us6000rmia,5.3,106.009,458,13.7161,144.8924,0,"19 km N of Yigo Village, Guam",0.0
us6000rmi6,5.1,15.387,400,39.3574,143.6209,0,"144 km E of Yamada, Japan",
us6000rmgi,5.0,10.0,385,39.5017,143.3113,0,"117 km E of Yamada, Japan",
us6000rmge,5.6,10.0,482,-55.4099,-128.4853,0,Pacific-Antarctic Ridge,
us6000rmfg,5.3,27.718,432,51.5504,159.5788,0,"173 km SSE of Vilyuchinsk, Russia",0.0
us6000rmfd,5.2,10.0,416,39.3041,143.5875,0,"142 km E of Yamada, Japan",
us6000rmf1,5.1,10.0,400,39.3819,143.4882,0,"132 km E of Yamada, Japan",
us6000rmex,5.7,10.0,500,39.612,143.4497,0,"129 km E of Miyako, Japan",0.0
us6000rmf3,5.0,10.0,385,39.3415,143.3524,0,"121 km E of Yamada, Japan",
us6000rmet,5.4,10.0,449,39.4919,143.385,0,"123 km E of Yamada, Japan",0.0
us6000rmep,6.4,10.0,635,39.4971,143.3097,0,"117 km E of Yamada, Japan",0.0
us6000rmen,5.2,10.0,416,39.3052,143.4619,0,"131 km E of Yamada, Japan",
us6000rmeh,5.6,10.0,482,39.4599,143.3924,0,"124 km E of Yamada, Japan",0.0
us6000rmed,5.9,10.0,536,39.3485,143.4026,0,"125 km E of Yamada, Japan",0.0
us6000rmee,5.5,10.0,465,39.5772,143.2297,0,"110 km E of Yamada, Japan",0.0
us7000redx,5.3,20.53,432,39.6279,143.3411,0,"120 km E of Miyako, Japan",
us6000rmea,6.8,18.0,724,39.485,143.3782,1,"122 km E of Yamada, Japan",0.0
us6000rmdj,5.4,132.652,449,12.4989,93.7511,0,"143 km NE of Port Blair, India",0.0
us6000rmbc,5.1,13.902,400,39.448,143.3326,0,"119 km E of Yamada, Japan",
us6000rmb3,5.1,28.922,400,39.4961,143.3033,0,"116 km E of Yamada, Japan",
us6000rmaw,5.6,16.186,483,39.5022,143.416,0,"126 km E of Yamada, Japan",0.0
us6000rmat,5.0,10.0,385,-17.4718,-172.2452,0,"225 km NE of Neiafu, Tonga",
us6000rmai,5.4,12.152,449,39.4294,143.3379,0,"119 km E of Yamada, Japan",0.0
us6000rmag,5.2,30.032,416,39.5743,143.2912,0,"115 km E of Yamada, Japan",
us6000rm7z,5.6,496.098,482,-18.5156,-177.797,0,Fiji region,0.0
us6000rm79,5.0,10.0,385,-17.5274,-16.221,0,southern Mid-Atlantic Ridge,
us6000rm2p,5.6,10.0,488,27.9293,-111.8864,0,"75 km NNE of Santa Rosalía, Mexico",0.0
us6000rm25,5.1,20.156,400,52.0683,160.5011,0,"168 km SE of Petropavlovsk-Kamchatsky, Russia",
us6000rls2,5.6,23.0,482,-57.9633,-25.2205,0,South Sandwich Islands region,0.0
us6000rlkl,5.0,10.0,385,-35.3807,-105.7786,0,southern East Pacific Rise,
us6000rlk8,5.1,10.0,400,-35.243,-105.9731,0,southern East Pacific Rise,
us6000rlji,5.7,71.01,500,49.7248,155.8574,0,"107 km S of Severo-Kuril’sk, Russia",0.0
us6000rlim,5.9,114.629,536,-0.1246,123.0647,0,"73 km S of Gorontalo, Indonesia",0.0
us6000rlik,6.0,28.0,554,52.1115,160.1897,0,"149 km SE of Petropavlovsk-Kamchatsky, Russia",0.0
us6000rli8,5.0,35.0,385,-2.1326,139.0342,0,"185 km WNW of Abepura, Indonesia",
us6000rlev,5.2,65.997,416,1.8189,126.9332,0,"120 km W of Tobelo, Indonesia",
us6000rlcd,6.0,65.0,558,12.3924,143.1427,0,"191 km WSW of Merizo Village, Guam",0.0
us6000rlc6,5.4,10.0,449,52.215,160.4139,0,"153 km SE of Petropavlovsk-Kamchatsky, Russia",0.0
us6000rlc2,5.0,10.0,385,52.2876,160.4641,0,"151 km SE of Petropavlovsk-Kamchatsky, Russia",
us6000rlbt,5.0,10.0,385,51.5601,160.2217,0,"196 km SE of Vilyuchinsk, Russia",
us6000rlbr,5.0,123.391,385,-5.8087,148.8839,0,"85 km WNW of Kandrian, Papua New Guinea",
us6000rlmj,5.1,104.367,400,52.7891,159.0738,0,"42 km SE of Petropavlovsk-Kamchatsky, Russia",
us6000rlbm,5.5,10.0,465,52.3774,160.2958,0,"136 km SE of Petropavlovsk-Kamchatsky, Russia",0.0
us6000rlbf,5.3,35.0,432,52.2472,160.2458,0,"142 km SE of Petropavlovsk-Kamchatsky, Russia",
us6000rlbe,5.9,20.0,536,52.1744,160.4064,0,"155 km SE of Petropavlovsk-Kamchatsky, Russia",0.0
us6000rlbb,5.1,17.499,400,52.3281,160.2938,0,"139 km SE of Petropavlovsk-Kamchatsky, Russia",
us6000rlb7,5.1,18.704,400,-55.7465,-26.7427,0,South Sandwich Islands region,
us6000rl8b,5.3,68.205,432,51.7565,158.237,0,"123 km ENE of Ozernovskiy, Russia",0.0
us6000rl85,5.2,10.0,416,39.353,143.6134,0,"143 km E of Yamada, Japan",
us6000rl7l,5.1,35.0,400,52.0906,160.7429,0,"179 km SE of Petropavlovsk-Kamchatsky, Russia",
us6000rl7b,5.5,24.772,467,-27.4251,-71.4617,0,"111 km W of Copiapó, Chile",0.0
us6000rl6n,5.0,10.0,387,39.1744,28.4156,0,"21 km ESE of Sındırgı, Turkey",
us6000rl65,5.1,10.0,400,52.2507,160.6214,0,"162 km SE of Petropavlovsk-Kamchatsky, Russia",
us6000rl63,5.0,10.0,385,52.365,160.3621,0,"140 km SE of Petropavlovsk-Kamchatsky, Russia",
us6000rl5i,6.1,29.0,572,52.2143,160.2108,0,"142 km SE of Petropavlovsk-Kamchatsky, Russia",0.0
us6000rpn4,5.7,35.0,500,52.1303,160.2121,0,"149 km SE of Petropavlovsk-Kamchatsky, Russia",0.0
us6000rl55,5.9,22.0,536,52.2583,160.0415,0,"131 km SE of Petropavlovsk-Kamchatsky, Russia",0.0
us6000rpls,5.1,10.0,400,5.11,125.2351,0,"41 km SW of Sarangani, Philippines",
us6000rl4e,5.3,26.7,433,4.8116,125.3874,0,"65 km S of Sarangani, Philippines",
us6000rl49,5.2,77.137,416,49.8704,155.7956,0,"92 km SSW of Severo-Kuril’sk, Russia",
us6000rl3p,5.0,188.331,385,17.7821,-94.1975,0,"17 km SW of Las Choapas, Mexico",
us6000rl3f,5.0,241.798,385,-19.75,169.6761,0,"47 km ESE of Isangel, Vanuatu",
us6000rl31,6.2,28.0,1042,36.5461,67.3886,0,"30 km SE of Mazār-e Sharīf, Afghanistan",759805.0
us6000rl2n,5.5,114.908,473,9.6799,122.7895,0,"13 km WSW of Mabinay, Philippines",0.0
us6000rpke,5.3,10.0,432,-40.9692,-91.9921,0,West Chile Rise,
us6000rkzu,5.2,148.845,417,-7.5821,127.6454,0,"126 km NE of Lospalos, Timor Leste",
us6000rkzk,5.0,10.0,385,-60.0526,-61.9887,0,Drake Passage,
us6000rkyf,5.0,10.0,385,37.3274,70.006,0,"27 km NE of Rustāq, Afghanistan",
us6000rkx8,5.0,10.0,385,-3.8638,151.4279,0,"89 km WNW of Rabaul, Papua New Guinea",
us6000rkw7,5.2,10.0,416,-55.5579,-26.6984,0,South Sandwich Islands region,
us6000rkvx,5.0,10.0,385,-55.6133,-26.8773,0,South Sandwich Islands region,
us6000rkup,5.1,10.0,400,7.0627,127.1014,0,"63 km ESE of Santiago, Philippines",
us6000rkum,5.0,35.0,385,6.1102,127.2399,0,"120 km ESE of Pondaguitan, Philippines",
us6000rktg,5.9,8.0,536,-45.2902,96.8417,0,southeast Indian Ridge,0.0
us6000rksu,5.2,109.83,416,-59.5973,-26.3589,0,South Sandwich Islands region,
us6000rkpc,5.4,529.356,449,-23.433,179.9604,0,south of the Fiji Islands,0.0
ak025dxe5mlz,5.4,23.6,1009,59.6308,-150.2328,1,"48 km ESE of Fox River, Alaska",0.0
us6000rkc0,5.5,288.531,465,-27.447,-178.3345,0,Kermadec Islands region,0.0
us6000rkbx,5.0,38.481,385,-2.842,139.3141,0,"149 km W of Abepura, Indonesia",
us6000rkbr,5.0,10.0,385,-55.7247,-26.3445,0,South Sandwich Islands region,
us6000rk65,5.4,10.0,449,64.6209,-17.2809,0,"107 km WNW of Höfn, Iceland",0.0
us6000rk5r,5.4,10.0,451,44.381,-129.6821,1,off the coast of Oregon,0.0
us6000rk4j,5.1,10.0,400,51.5399,159.8402,0,"183 km SSE of Vilyuchinsk, Russia",
us6000rk4f,5.5,10.0,465,-47.2049,-12.216,0,southern Mid-Atlantic Ridge,0.0
us6000rjx3,6.4,142.0,635,-6.7001,129.9887,0,Banda Sea,0.0
us6000rjwa,5.0,25.472,385,-6.6097,154.7994,0,"82 km WSW of Panguna, Papua New Guinea",
us6000rjvf,5.6,31.0,482,50.2426,157.3965,0,"102 km ESE of Severo-Kuril’sk, Russia",0.0
us6000rju9,5.1,26.445,400,1.2494,121.784,0,"162 km WNW of Gorontalo, Indonesia",
us6000rjtw,5.1,10.0,400,4.9458,95.9794,0,"45 km SW of Reuleuet, Indonesia",
us6000rjsu,6.0,8.0,799,39.1937,28.2425,0,"7 km SE of Sındırgı, Turkey",32074226.0
us6000rjri,5.3,10.0,432,-6.2163,151.8029,0,"198 km ESE of Kimbe, Papua New Guinea",
us6000rjr7,5.4,10.0,449,16.5098,-59.6184,0,"157 km E of Beauséjour, Guadeloupe",0.0
us6000rjqj,5.7,10.0,503,16.5156,-59.5269,0,"166 km E of Beauséjour, Guadeloupe",0.0
us6000rnt6,5.2,10.0,416,16.4789,-59.5812,0,"160 km E of Beauséjour, Guadeloupe",
us6000rjq8,6.5,9.0,702,16.5419,-59.5574,1,"164 km E of Beauséjour, Guadeloupe",0.0
us6000rjnc,5.1,10.0,400,-36.9573,-96.0045,0,West Chile Rise,
us6000rjkv,6.2,75.0,595,-8.8524,123.9887,0,"57 km NW of Pante Makasar, Timor Leste",0.0
us6000rjhy,5.0,68.326,385,7.0726,126.8975,0,"42 km ESE of Manay, Philippines",
us6000rjhm,6.0,34.0,554,-12.3757,166.4018,0,"194 km SSE of Lata, Solomon Islands",0.0
us6000rnb7,5.1,79.904,400,-55.7298,-27.1808,0,South Sandwich Islands region,
us6000rjgm,5.2,10.0,416,-45.6919,-77.5614,0,"Off the coast of Aisen, Chile",
us6000rjgf,5.3,10.0,432,-45.2564,96.7593,0,southeast Indian Ridge,0.0
us6000rjf6,5.2,561.251,416,43.0876,130.9954,0,"40 km NW of Slavyanka, Russia",
us6000rjf1,5.3,60.22,432,49.9754,156.0133,0,"78 km S of Severo-Kuril’sk, Russia",0.0
us6000rje7,5.3,10.0,432,71.6491,-131.7601,0,Beaufort Sea,
us6000rj9f,5.7,34.0,500,42.9716,145.7509,0,"41 km SSE of Nemuro, Japan",0.0
us6000rj79,5.0,65.066,385,7.9787,126.6291,0,"20 km E of Santa Maria, Philippines",
us6000rj2t,5.0,10.0,385,-35.7158,-179.4478,0,"290 km NE of Hicks Bay, New Zealand",
us6000rj23,5.1,109.792,400,-8.8044,123.7428,0,"82 km WNW of Pante Makasar, Timor Leste",
us6000rj1k,5.1,106.301,400,-55.9421,-27.8538,0,South Sandwich Islands region,
us6000rivm,5.0,10.0,385,-54.0502,-58.1972,0,Falkland Islands region,
us6000riuj,5.6,85.0,483,-6.2493,130.9239,0,"213 km WSW of Tual, Indonesia",0.0
us6000ritz,5.2,71.424,417,-10.2765,161.1285,0,"88 km WNW of Kirakira, Solomon Islands",
us6000rit3,5.2,61.786,416,-6.6341,148.3083,0,"51 km E of Finschhafen, Papua New Guinea",
us6000risn,5.6,16.0,482,51.4164,159.4696,0,"183 km SSE of Vilyuchinsk, Russia",0.0
us6000rimh,5.0,10.0,385,-3.97,126.3719,0,"203 km W of Ambon, Indonesia",
us6000ril5,5.9,20.0,650,9.2522,-84.2408,0,"21 km SSW of Quepos, Costa Rica",9.0
us6000rik7,5.5,77.13,477,-3.6137,-79.8408,0,"19 km WNW of Piñas, Ecuador",2.0
us6000rik5,5.1,67.966,400,52.6073,159.095,0,"58 km SE of Vilyuchinsk, Russia",
us6000riiz,5.1,10.0,400,-33.6674,-178.5047,0,south of the Kermadec Islands,
us6000riia,5.1,237.514,401,36.6073,71.1564,0,"34 km WSW of Ashkāsham, Afghanistan",
us6000rii9,5.2,84.863,416,-59.1087,-25.5829,0,South Sandwich Islands region,
us6000rie8,5.0,60.841,385,-5.2595,152.1862,0,"101 km S of Kokopo, Papua New Guinea",
us6000rid2,5.0,10.0,385,46.2204,153.1124,0,Kuril Islands,
us6000ricg,5.1,360.075,400,35.458,135.4764,0,"7 km WSW of Takahama, Japan",
us6000ribj,5.1,535.316,400,-7.2376,122.4153,0,"154 km N of Maumere, Indonesia",
us6000ri9x,5.8,10.0,518,6.9992,127.3725,0,"93 km ESE of Santiago, Philippines",0.0
us6000ri7x,5.0,10.0,385,-2.949,129.4134,0,"62 km NE of Masohi, Indonesia",
us6000ri6i,5.3,92.268,432,-10.5108,161.5359,0,"42 km W of Kirakira, Solomon Islands",
us6000ri5v,5.0,10.0,385,36.8602,72.8741,0,"50 km ESE of Khandūd, Afghanistan",
us6000ri4w,5.0,51.82,385,-7.0653,155.6407,0,"84 km SSE of Panguna, Papua New Guinea",
us6000ri4e,5.0,194.346,386,6.4896,126.7054,0,"59 km SE of Bobon, Philippines",
us6000ri4c,5.0,10.0,385,52.357,160.9628,0,"176 km ESE of Petropavlovsk-Kamchatsky, Russia",
us6000ri34,5.1,10.0,401,6.9889,127.2611,0,"82 km ESE of Santiago, Philippines",
us6000ri22,5.1,24.607,400,53.3782,161.6857,0,"207 km E of Petropavlovsk-Kamchatsky, Russia",
us6000ri11,5.4,55.726,456,8.883,126.4567,0,"16 km E of Aras-asan, Philippines",0.0
us6000rhss,5.1,85.097,407,53.688,-165.8432,1,"49 km S of Akutan, Alaska",
us6000rhs3,5.5,8.0,466,36.7572,72.8064,0,"48 km ESE of Khandūd, Afghanistan",1.0
us6000rhr9,5.1,10.0,400,18.6615,120.6453,0,"18 km NW of Pagudpud, Philippines",
us6000rhqe,5.1,46.31,400,-2.2666,139.0248,0,"182 km WNW of Abepura, Indonesia",0.0
us6000rhpx,5.1,68.877,400,53.1938,159.8295,0,"81 km E of Petropavlovsk-Kamchatsky, Russia",0.0
us6000rhnu,5.1,553.818,400,-23.3297,178.8291,0,south of the Fiji Islands,
us6000rhns,6.0,32.0,571,9.7909,126.1163,0,"3 km N of Union, Philippines",80.0
us6000rhnm,5.0,15.163,385,13.3577,92.5564,0,"184 km N of Bamboo Flat, India",
us6000rhke,5.0,33.425,385,-2.1061,139.1604,0,"172 km WNW of Abepura, Indonesia",
us6000rhk2,5.0,35.0,385,-2.2304,139.1037,0,"174 km WNW of Abepura, Indonesia",
us6000rhg5,6.4,18.0,632,-2.168,138.9531,1,"192 km WNW of Abepura, Indonesia",3000.0
us6000rhfx,5.1,10.0,400,-60.2346,-62.0414,0,Drake Passage,
us6000rhfe,5.2,10.0,416,-58.7138,-62.3668,0,Drake Passage,
us6000rhf2,6.3,8.0,611,-59.9658,-61.8649,1,Drake Passage,0.0
us6000rha2,5.4,10.0,449,-34.0182,-178.7328,0,south of the Kermadec Islands,0.0
us6000rh9m,5.6,37.151,499,-30.7202,-71.5158,0,"33 km WSW of Ovalle, Chile",0.0
us6000rh9c,5.4,10.0,449,7.2572,141.5367,0,"299 km SSE of Fais, Micronesia",0.0
us6000rh8c,5.0,10.0,385,51.49,159.893,0,"189 km SSE of Vilyuchinsk, Russia",
us6000rh65,5.3,451.727,432,-3.7124,153.9917,0,"203 km ENE of Kokopo, Papua New Guinea",
us6000rh4q,5.2,96.916,422,-20.2302,-68.9489,0,"74 km E of La Tirana, Chile",
us6000rgz6,5.5,35.0,466,7.3744,127.0611,0,"53 km E of Baculin, Philippines",0.0
us6000rgul,5.9,10.0,536,7.2599,141.5991,0,"State of Yap, Federated States of Micronesia",0.0
us6000rguc,5.0,108.087,385,-10.2715,161.2607,0,"75 km WNW of Kirakira, Solomon Islands",
us6000rgst,5.5,60.257,465,48.8917,154.9013,0,"217 km SSW of Severo-Kuril’sk, Russia",0.0
us6000rgt9,5.1,55.324,400,51.0955,157.9959,0,"113 km ESE of Ozernovskiy, Russia",
us6000rgrd,5.8,10.0,651,10.9522,123.9606,0,"4 km ESE of Tambongon, Philippines",336803.0
us6000rgnr,5.0,44.942,385,-2.7234,139.3183,0,"146 km W of Abepura, Indonesia",
us6000rgm5,5.0,10.0,385,56.8317,-34.1766,0,Reykjanes Ridge,
us6000rglt,5.0,10.0,385,-60.2434,-61.0851,0,Drake Passage,
us6000rglb,5.6,10.0,487,13.8064,39.8822,0,"55 km NE of Mek'ele, Ethiopia",1194.0
us6000rgl9,5.2,10.0,423,13.8273,39.9344,0,"61 km NE of Mek'ele, Ethiopia",
us6000rgkr,6.0,67.657,573,8.9231,126.323,0,"3 km ESE of Bacolod, Philippines",0.0
us6000rgk9,5.6,44.856,482,-56.2675,-26.4357,0,South Sandwich Islands region,0.0
us6000rgjt,5.8,48.0,518,50.2419,156.7337,0,"64 km SE of Severo-Kuril’sk, Russia",0.0
us6000rgj4,5.5,31.0,468,7.2849,126.8271,0,"28 km E of Santiago, Philippines",0.0
us6000rgiz,5.0,126.217,388,15.2256,120.4215,0,"11 km S of Santa Juliana, Philippines",
us6000rgil,5.5,51.03,465,-56.2003,-26.3886,0,South Sandwich Islands region,0.0
us6000rgi0,5.2,10.0,416,27.0929,103.5002,0,"32 km SW of Zhaotong, China",
us6000rghy,5.7,75.086,500,53.2897,159.6701,0,"74 km ENE of Petropavlovsk-Kamchatsky, Russia",0.0
us6000rggi,5.0,10.0,385,7.3896,127.0323,0,"49 km E of Baculin, Philippines",
us6000rggf,5.4,10.0,449,-60.0705,-62.4539,0,Drake Passage,0.0
us6000rgge,5.7,10.0,500,-60.0663,-62.3619,0,Drake Passage,0.0
us6000rgga,5.0,10.0,385,-59.9755,-61.6371,0,Drake Passage,
us6000rgf4,7.6,5.639,893,-60.1875,-61.8164,1,Drake Passage,0.0
us6000rg4m,5.1,10.0,400,7.0351,127.1939,0,"74 km ESE of Santiago, Philippines",
us6000rg47,5.1,10.0,400,11.5731,141.6391,0,"234 km NNE of Fais, Micronesia",
us6000rg2s,5.6,66.9,482,50.3065,156.5865,0,"52 km SE of Severo-Kuril’sk, Russia",0.0
us6000rg2r,6.7,47.0,746,7.2127,126.6578,1,"12 km SE of Santiago, Philippines",145.0
us6000rg2h,5.0,64.234,385,7.147,126.8402,0,"33 km ESE of Santiago, Philippines",
us6000rg2a,5.4,159.477,449,-7.0057,129.5203,0,"Kepulauan Babar, Indonesia",0.0
us6000rg2b,5.1,64.971,400,7.234,127.0011,0,"47 km E of Santiago, Philippines",
us6000rg29,5.4,10.0,449,11.4783,141.6121,0,"223 km NNE of Fais, Micronesia",0.0
us6000rg28,5.2,62.913,416,7.0462,126.9375,0,"47 km ESE of Manay, Philippines",
us6000rg1n,5.2,62.976,416,7.0926,126.901,0,"42 km ESE of Manay, Philippines",
us6000rg16,5.1,73.342,400,6.8332,126.9556,0,"60 km ESE of San Ignacio, Philippines",
us6000rg0z,5.2,58.864,416,6.8257,127.1219,0,"77 km ESE of San Ignacio, Philippines",
us6000rg11,5.1,10.0,400,-3.22,148.9694,0,"215 km WSW of Kavieng, Papua New Guinea",
us6000rg02,5.5,72.22,465,7.073,126.8243,0,"35 km ESE of Manay, Philippines",0.0
us6000rfyw,5.6,67.847,483,7.0145,126.7102,0,"27 km ESE of San Ignacio, Philippines",0.0
us6000rfye,6.3,10.0,611,-3.0764,147.9714,0,"139 km SE of Lorengau, Papua New Guinea",0.0
us6000rfx2,5.9,63.43,537,7.0654,126.8348,0,"36 km ESE of Manay, Philippines",0.0
us6000rknr,5.3,68.117,432,7.2686,126.7211,0,"16 km E of Santiago, Philippines",
us6000rkp8,5.3,81.914,432,6.9709,126.7077,0,"29 km SE of San Ignacio, Philippines",
us6000rfwz,7.4,59.425,1155,7.2866,126.6902,1,"12 km E of Santiago, Philippines",759883.0
us6000rftu,5.4,10.0,449,-52.2527,14.3795,0,southwest of Africa,0.0
us6000rfux,5.1,10.0,400,-52.099,14.4853,0,southwest of Africa,
us6000rft9,6.1,56.51,572,51.6683,158.2328,0,"121 km E of Ozernovskiy, Russia",7.0
us6000rft8,5.1,10.0,400,-33.9048,-178.86,0,south of the Kermadec Islands,
us6000rfs1,5.5,10.0,654,30.8826,99.8979,0,"208 km N of Daocheng, China",3960670.0
us6000rfkv,5.0,10.0,385,13.7787,-92.0833,0,"59 km SSW of Champerico, Guatemala",
us6000rfjc,5.6,10.0,482,-57.744,-24.2683,0,South Sandwich Islands region,0.0
us6000rfi6,5.1,10.0,401,23.9447,121.5836,0,"4 km SSW of Hualien City, Taiwan",
us6000rfhk,5.7,10.0,500,-15.5734,168.1814,0,"100 km ENE of Norsup, Vanuatu",0.0
us6000rfh7,5.3,10.0,432,29.2241,129.3659,0,"88 km NNW of Tatsugō, Japan",
us6000rfbw,5.1,10.0,650,37.2837,69.6738,0,"20 km SSE of Yangī Qal‘ah, Afghanistan",9985.0
us6000rfb2,6.6,98.0,710,-6.7359,146.8404,1,"17 km W of Lae, Papua New Guinea",9.0
us6000rf7j,5.1,57.767,405,37.5736,141.2916,0,"27 km ENE of Namie, Japan",
us6000rf5e,5.0,20.568,385,52.4099,160.3388,0,"136 km ESE of Petropavlovsk-Kamchatsky, Russia",
us6000rf2j,5.6,581.934,482,-21.1011,175.5205,0,south of the Fiji Islands,0.0
us6000rf12,5.0,10.0,385,13.3398,-44.6913,0,northern Mid-Atlantic Ridge,
us6000rezl,5.1,10.0,400,-3.9128,151.3523,0,"95 km WNW of Rabaul, Papua New Guinea",
us6000rez1,5.0,35.0,385,51.4361,159.5026,0,"182 km SSE of Vilyuchinsk, Russia",
us6000reyz,5.0,16.453,385,51.4563,159.6253,0,"184 km SSE of Vilyuchinsk, Russia",
us6000reyr,5.0,89.964,385,-30.5725,-178.1479,0,"Kermadec Islands, New Zealand",
us6000rex4,5.2,10.0,416,71.2347,-7.8738,0,"46 km NE of Olonkinbyen, Svalbard and Jan Mayen",
us6000rewb,5.1,60.403,400,53.2862,159.8009,0,"82 km ENE of Petropavlovsk-Kamchatsky, Russia",
us6000revx,5.0,52.802,385,51.8378,159.4512,0,"140 km SSE of Vilyuchinsk, Russia",
us6000revn,5.1,10.0,400,18.1246,119.8944,0,"62 km WNW of Pagsanahan Norte, Philippines",
us6000revf,5.1,17.479,400,48.8345,156.441,0,"205 km S of Severo-Kuril’sk, Russia",
us6000retl,5.2,10.0,416,51.6378,160.0753,0,"183 km SE of Vilyuchinsk, Russia",
us6000resn,5.9,54.164,560,37.4213,141.5524,0,"48 km ENE of Tomioka, Japan",0.0
us6000rers,5.0,10.0,385,10.9009,123.9271,0,"3 km E of Maravilla, Philippines",
us6000rerp,5.5,10.0,465,8.3588,-103.8947,0,northern East Pacific Rise,0.0
us6000ren8,5.2,17.814,416,51.5181,159.8462,0,"185 km SSE of Vilyuchinsk, Russia",
us6000rekj,5.2,15.196,416,-33.5996,-178.5892,0,south of the Kermadec Islands,
us6000rekc,5.0,59.483,385,51.8472,159.4575,0,"140 km SSE of Vilyuchinsk, Russia",
us6000rj51,5.0,10.0,385,51.2975,159.674,0,"201 km SSE of Vilyuchinsk, Russia",
us6000rei1,6.1,19.0,572,51.6275,159.9083,0,"177 km SE of Vilyuchinsk, Russia",0.0
us6000rehx,5.1,38.589,400,45.4798,151.4646,0,"282 km E of Kuril’sk, Russia",
us6000reh2,5.1,61.92,400,-3.0811,101.266,0,"114 km S of Sungai Penuh, Indonesia",
us6000refw,5.3,16.495,432,52.0812,160.2479,0,"155 km SE of Petropavlovsk-Kamchatsky, Russia",
us6000reft,5.1,10.0,400,-3.033,136.2627,0,"92 km ENE of Nabire, Indonesia",
us6000reep,5.1,10.0,400,28.2537,-43.7754,0,northern Mid-Atlantic Ridge,
us6000ree9,5.2,10.0,416,-24.0238,-175.2311,0,"298 km S of ‘Ohonua, Tonga",
us6000redb,5.3,10.0,432,-3.1055,136.3208,0,"95 km ENE of Nabire, Indonesia",
us6000red2,5.3,10.0,435,11.0024,124.2384,0,"16 km WSW of Palompon, Philippines",
us6000recz,5.7,559.2,500,-27.0643,-63.3875,0,"15 km WSW of El Hoyo, Argentina",0.0
us6000recq,5.0,10.0,400,33.8719,52.9715,0,"78 km NE of Ardestān, Iran",
us6000re6q,5.0,156.967,385,-15.2005,167.4934,0,"48 km ESE of Port-Olry, Vanuatu",
us6000re6a,5.0,10.0,432,40.7641,27.9515,0,"22 km S of Marmara Ereğlisi, Turkey",
us6000re62,5.4,25.0,451,-30.6076,-71.8337,0,"60 km W of Ovalle, Chile",0.0
us6000re08,5.1,10.0,403,10.9333,124.1065,0,"10 km SE of Anonang, Philippines",
us6000rdz7,5.6,146.835,483,-7.322,128.3436,0,"199 km NE of Lospalos, Timor Leste",0.0
us6000rdxa,5.2,9.38,416,-30.6419,-177.583,0,"Kermadec Islands, New Zealand",
us6000rdv8,5.1,10.0,400,-23.1971,-175.1895,0,"206 km S of ‘Ohonua, Tonga",
us6000rdta,6.0,19.498,581,-7.2032,114.1844,0,"31 km ESE of Kalianget, Indonesia",1502.0
us6000rdt9,5.0,29.223,385,51.6152,159.8164,0,"175 km SSE of Vilyuchinsk, Russia",
us6000rdsi,5.0,10.0,385,10.9951,124.0141,0,"1 km S of Guadalupe, Philippines",
us6000rdsg,5.0,10.0,385,11.0714,124.0458,0,"2 km NNE of Nailong, Philippines",
us6000riqd,5.2,10.0,416,11.0043,124.0449,0,"1 km ENE of Anonang, Philippines",
us6000rdsd,5.2,10.0,420,11.2131,124.1111,0,"7 km ESE of Talisay, Philippines",
us6000ripe,5.1,10.0,400,11.0233,123.9682,0,"3 km SE of Maño, Philippines",
us6000rdrz,6.9,10.0,1592,11.1557,124.111,1,"8 km ESE of Calape, Philippines",292254060.0
us6000rdp3,5.0,78.563,385,-5.2422,151.7219,0,"116 km SSW of Kokopo, Papua New Guinea",
us6000rdnq,5.5,42.0,466,52.9637,159.9446,0,"89 km E of Petropavlovsk-Kamchatsky, Russia",0.0
us6000rdjd,5.0,10.0,385,-20.9296,-173.148,0,"176 km SE of Pangai, Tonga",
us6000rdgx,5.2,68.03,416,-11.687,166.3288,0,"121 km SSE of Lata, Solomon Islands",
us6000rdfv,5.0,38.57,385,53.0113,160.7563,0,"142 km E of Petropavlovsk-Kamchatsky, Russia",
us6000rdf2,5.2,10.0,435,39.238,28.9377,0,"16 km NNW of Simav, Turkey",327030.0
us6000rdex,5.5,573.583,465,-23.8765,178.8114,0,south of the Fiji Islands,0.0
us6000rdd9,5.1,10.0,404,43.5197,-127.2051,1,"231 km W of Bandon, Oregon",
us6000rdb2,5.0,127.736,385,-19.6435,169.0822,0,"23 km WSW of Isangel, Vanuatu",
us6000rdax,5.1,19.328,400,-2.9387,129.4774,0,"69 km NE of Masohi, Indonesia",
us6000rdan,5.5,33.0,465,-13.6974,166.7322,0,"90 km WNW of Sola, Vanuatu",0.0
us6000rdal,5.1,10.0,400,49.1839,157.9858,0,"212 km SE of Severo-Kuril’sk, Russia",
us6000rd99,5.2,10.0,417,34.9197,104.589,0,"18 km NW of Hualin, China",
us6000rd8l,5.0,53.071,385,53.1416,160.1562,0,"102 km E of Petropavlovsk-Kamchatsky, Russia",
us6000rd1w,5.9,10.0,543,43.4524,-127.3203,1,"239 km W of Bandon, Oregon",0.0
us6000rd1t,5.1,10.0,400,-15.0755,-173.558,0,"100 km NNE of Hihifo, Tonga",
usd0013tws,5.0,10.0,385,51.3345,159.5784,0,"194 km SSE of Vilyuchinsk, Russia",
us6000rcyv,5.4,49.94,449,-20.1733,169.0959,0,"72 km SSW of Isangel, Vanuatu",0.0
us6000rcw8,5.3,108.677,440,-19.5368,-69.3111,0,"27 km SSE of Camiña, Chile",
us6000rcw6,5.2,10.0,416,-47.4197,-13.2132,0,southern Mid-Atlantic Ridge,
us6000rcvq,5.1,10.0,400,-47.3231,-13.5011,0,southern Mid-Atlantic Ridge,
us6000rcse,5.3,10.0,432,18.0806,-105.9027,0,"175 km SW of Emiliano Zapata, Mexico",
us6000rcsb,5.7,10.0,500,17.9793,-105.8786,0,"183 km SSW of Emiliano Zapata, Mexico",0.0
us6000rcsa,5.2,35.0,416,52.0856,160.2343,0,"154 km SE of Petropavlovsk-Kamchatsky, Russia",
us6000rcry,5.2,10.0,432,-7.8439,114.4692,0,"17 km NNE of Wongsorejo, Indonesia",
us6000rcrx,5.1,10.0,400,-9.9392,154.9354,0,"291 km SW of Gizo, Solomon Islands",
us6000rcru,5.1,69.685,400,11.657,141.975,0,"262 km NE of Fais, Micronesia",
us6000rcrj,5.3,12.195,664,9.8621,-70.7516,0,"19 km E of Mene Grande, Venezuela",5788731.0
us6000rcqx,5.0,10.0,385,-9.9264,154.9737,0,"287 km SW of Gizo, Solomon Islands",
us6000rcqw,6.3,14.0,766,9.9355,-70.7081,1,"25 km ENE of Mene Grande, Venezuela",55224481.0
us6000rcnw,6.2,9.0,859,9.8668,-70.8781,1,"5 km ENE of Mene Grande, Venezuela",41024467.0
us6000rcin,5.1,69.412,400,-58.0427,-25.4355,0,South Sandwich Islands region,
us6000rcgd,5.2,104.136,416,-23.8212,-69.1051,0,"132 km E of Antofagasta, Chile",
us6000rcf5,5.0,10.0,385,11.898,-89.3433,0,"175 km SSW of Puerto El Triunfo, El Salvador",
us6000rcdc,5.6,12.0,483,-15.7737,-75.2969,0,"47 km SSW of San Juan, Peru",0.0
us6000rc9h,5.2,65.3,416,-31.5242,-178.5902,0,Kermadec Islands region,0.0
us6000rc8i,5.2,10.0,416,38.0774,-30.7808,0,"148 km SSE of Lajes das Flores, Portugal",
us6000rc8g,5.0,35.0,385,52.795,160.1798,0,"108 km ESE of Petropavlovsk-Kamchatsky, Russia",
us6000rc8b,5.1,33.942,400,-58.7722,-25.3301,0,South Sandwich Islands region,
us6000rc7s,5.2,18.248,416,-40.1528,-74.99,0,"136 km WSW of Corral, Chile",
us6000rc7c,5.1,10.0,400,2.8968,95.3365,0,"124 km WNW of Sinabang, Indonesia",
us6000rc51,5.1,19.376,400,-15.7324,-75.1923,0,"40 km S of San Juan, Peru",
us6000rc55,5.3,22.135,432,51.4799,159.5694,0,"180 km SSE of Vilyuchinsk, Russia",
us6000rc4u,5.0,122.091,385,-5.9761,130.804,0,"219 km W of Tual, Indonesia",
us6000rc4t,5.6,17.0,482,51.5235,159.4482,0,"172 km SSE of Vilyuchinsk, Russia",0.0
us6000rc3t,5.1,22.899,400,51.5961,159.4372,0,"164 km SSE of Vilyuchinsk, Russia",
us6000rc2x,5.1,60.521,400,51.7025,159.1251,0,"145 km SSE of Vilyuchinsk, Russia",
us6000rhci,5.1,10.0,400,52.8786,161.0827,0,"166 km E of Petropavlovsk-Kamchatsky, Russia",
us6000rc2r,5.5,17.0,465,51.5296,159.5182,0,"173 km SSE of Vilyuchinsk, Russia",0.0
us7000qxtz,5.4,10.0,449,18.6883,-106.5503,0,"180 km SW of José María Morelos, Mexico",0.0
us7000qxs1,5.1,35.0,400,11.9582,142.1961,0,south of the Mariana Islands,
us7000qxqv,5.1,10.0,410,39.1842,28.1095,0,"8 km SW of Sındırgı, Turkey",
us7000qxq0,5.2,10.0,416,29.5925,-42.5327,0,northern Mid-Atlantic Ridge,
us7000qxp1,5.5,30.0,467,51.1987,-178.0221,1,"122 km SW of Adak, Alaska",0.0
us7000qxmn,5.1,27.541,400,52.2948,160.2652,0,"139 km SE of Petropavlovsk-Kamchatsky, Russia",
us7000qxm7,5.6,10.0,482,52.9362,161.0947,0,"166 km E of Petropavlovsk-Kamchatsky, Russia",0.0
us7000qxkf,5.2,10.0,416,-58.0595,-24.6223,0,South Sandwich Islands region,
us7000qxjq,5.1,35.688,400,51.3844,159.5559,0,"189 km SSE of Vilyuchinsk, Russia",
us7000qxiw,5.1,29.662,400,-57.9159,-25.1758,0,South Sandwich Islands region,
us7000qxis,5.0,10.0,385,52.9388,161.4143,0,"187 km E of Petropavlovsk-Kamchatsky, Russia",
us7000qxi6,5.1,69.346,400,52.9931,159.8428,0,"81 km E of Petropavlovsk-Kamchatsky, Russia",
us6000rgw2,5.0,10.0,385,52.5188,160.9003,0,"164 km ESE of Petropavlovsk-Kamchatsky, Russia",
us7000qxhz,5.1,10.0,400,48.3376,155.4721,0,"264 km S of Severo-Kuril’sk, Russia",
us7000qxec,5.2,14.496,416,52.9309,161.1923,0,"172 km E of Petropavlovsk-Kamchatsky, Russia",
us7000qxcr,5.9,13.0,536,52.9112,161.2436,0,"176 km E of Petropavlovsk-Kamchatsky, Russia",0.0
us7000qxcq,5.2,35.0,416,52.8095,160.5549,0,"132 km ESE of Petropavlovsk-Kamchatsky, Russia",
us6000rge8,6.0,58.287,554,51.2463,157.8629,0,"98 km ESE of Ozernovskiy, Russia",0.0
us7000qxcd,5.9,45.0,536,51.1828,157.9936,0,"109 km ESE of Ozernovskiy, Russia",0.0
us7000qxca,5.1,10.0,400,52.431,160.8827,0,"167 km ESE of Petropavlovsk-Kamchatsky, Russia",
us7000qxc8,5.1,10.0,400,52.4507,160.9395,0,"170 km ESE of Petropavlovsk-Kamchatsky, Russia",
us7000qxat,5.5,10.0,465,52.2418,160.6452,0,"164 km SE of Petropavlovsk-Kamchatsky, Russia",0.0
us7000qxaf,5.0,34.522,385,52.7306,160.5708,0,"135 km ESE of Petropavlovsk-Kamchatsky, Russia",
us7000qxa1,5.0,24.31,385,52.5928,160.9969,0,"168 km ESE of Petropavlovsk-Kamchatsky, Russia",
us7000qx9y,5.1,38.152,400,52.7885,160.5759,0,"134 km ESE of Petropavlovsk-Kamchatsky, Russia",
us7000qx91,5.4,10.0,449,-58.7504,-24.6648,0,South Sandwich Islands region,0.0
us7000qx7a,5.5,96.269,483,-20.2393,-69.258,0,"42 km ENE of La Tirana, Chile",0.0
us7000qx6g,5.0,35.0,385,52.7248,160.5298,0,"133 km ESE of Petropavlovsk-Kamchatsky, Russia",
us7000qx60,5.1,35.0,400,53.3119,160.7704,0,"145 km E of Petropavlovsk-Kamchatsky, Russia",
us7000qx5t,5.4,10.0,449,52.4951,160.8899,0,"165 km ESE of Petropavlovsk-Kamchatsky, Russia",0.0
us7000qx5q,5.1,64.213,400,52.8863,159.8201,0,"82 km ESE of Petropavlovsk-Kamchatsky, Russia",
us7000qx5p,5.4,10.0,449,52.8545,161.1417,0,"170 km E of Petropavlovsk-Kamchatsky, Russia",0.0
us7000qx5f,5.2,20.89,416,52.5331,160.7241,0,"153 km ESE of Petropavlovsk-Kamchatsky, Russia",
us7000qx58,5.0,10.0,385,-3.5765,135.5487,0,"24 km SSE of Nabire, Indonesia",
us7000qx52,5.5,35.0,465,53.0067,160.8847,0,"151 km E of Petropavlovsk-Kamchatsky, Russia",0.0
us7000qx4q,5.7,47.898,500,52.9373,160.7052,0,"140 km E of Petropavlovsk-Kamchatsky, Russia",0.0
us7000qx4p,5.2,10.0,416,52.3527,160.7563,0,"164 km ESE of Petropavlovsk-Kamchatsky, Russia",0.0
us6000rg8z,5.2,10.0,416,52.8721,160.8301,0,"149 km E of Petropavlovsk-Kamchatsky, Russia",
us7000qx42,5.3,10.0,432,52.7989,161.1886,0,"174 km E of Petropavlovsk-Kamchatsky, Russia",
us7000qx41,5.0,10.0,385,52.1232,160.5376,0,"166 km SE of Petropavlovsk-Kamchatsky, Russia",
us7000qx3d,5.5,35.714,465,52.9284,160.7605,0,"144 km E of Petropavlovsk-Kamchatsky, Russia",0.0
us7000qx8p,5.1,10.0,400,52.3906,160.7468,0,"161 km ESE of Petropavlovsk-Kamchatsky, Russia",
us7000qx33,5.6,10.0,482,52.4163,160.6915,0,"156 km ESE of Petropavlovsk-Kamchatsky, Russia",0.0
us7000qx2y,5.4,35.0,456,16.8635,120.0268,0,"38 km WNW of Bacnotan, Philippines",0.0
us7000qx2s,5.5,10.0,465,52.7596,160.965,0,"160 km ESE of Petropavlovsk-Kamchatsky, Russia",0.0
us7000qx2r,5.4,32.356,449,52.9469,160.7987,0,"146 km E of Petropavlovsk-Kamchatsky, Russia",0.0
us7000qxah,5.0,32.405,385,53.0995,160.3259,0,"113 km E of Petropavlovsk-Kamchatsky, Russia",
us7000qx8n,5.3,10.0,432,52.953,160.9277,0,"154 km E of Petropavlovsk-Kamchatsky, Russia",
us7000qx2q,5.8,10.0,518,52.9863,160.7735,0,"144 km E of Petropavlovsk-Kamchatsky, Russia",0.0
us7000qx2n,5.4,10.0,449,-60.4185,-31.5333,0,Scotia Sea,0.0
us6000rg7q,5.2,24.19,416,52.688,160.8695,0,"156 km ESE of Petropavlovsk-Kamchatsky, Russia",
us7000qx2g,7.8,27.0,1021,53.1426,160.7206,1,"140 km E of Petropavlovsk-Kamchatsky, Russia",111975069.0
us7000qx1z,6.0,28.0,558,-3.5961,135.4658,0,"26 km S of Nabire, Indonesia",65227.0
us7000qwwc,5.3,10.0,432,-55.0778,-129.7063,0,Pacific-Antarctic Ridge,
us7000qwst,5.4,54.177,449,52.6317,159.302,0,"66 km SE of Petropavlovsk-Kamchatsky, Russia",0.0
us7000qwp2,5.0,10.0,385,53.0445,161.7109,0,"206 km E of Petropavlovsk-Kamchatsky, Russia",
us7000qwnk,5.1,35.0,400,-19.2595,168.5843,0,"79 km WNW of Isangel, Vanuatu",
us7000qwir,6.0,31.0,554,-5.5179,153.7354,0,"208 km SE of Kokopo, Papua New Guinea",0.0
us7000qwg4,5.1,26.935,400,51.8776,-169.6612,0,"130 km SSW of Nikolski, Alaska",
us7000qwfm,5.0,35.0,385,51.5649,159.3577,0,"165 km SSE of Vilyuchinsk, Russia",
us7000qwfa,5.1,10.0,400,-5.702,-81.2004,0,"44 km WSW of Sechura, Peru",
us7000qwci,5.0,10.0,385,49.4867,159.036,0,"246 km ESE of Severo-Kuril’sk, Russia",
us7000qwch,6.0,15.0,554,52.6973,160.6791,0,"144 km ESE of Petropavlovsk-Kamchatsky, Russia",0.0
us7000qw9u,5.1,10.0,403,34.3393,16.3558,0,"234 km SE of Birżebbuġa, Malta",
us7000qw9p,5.0,59.336,400,16.6949,-61.347,0,"29 km NE of Anse-Bertrand, Guadeloupe",
us7000qw8d,5.2,63.043,416,53.2241,159.8378,0,"82 km ENE of Petropavlovsk-Kamchatsky, Russia",
us7000qw84,5.2,62.667,416,53.1002,160.0005,0,"92 km E of Petropavlovsk-Kamchatsky, Russia",
us7000qw63,5.3,75.477,432,-2.809,101.0948,0,"89 km SSW of Sungai Penuh, Indonesia",
us7000qw56,5.5,29.0,1072,26.7097,92.2103,0,"11 km ESE of Udalguri, India",283675539.0
us7000qw4k,5.4,10.0,470,6.8248,-76.1391,0,"5 km N of Frontino, Colombia",0.0
us7000qvyf,5.2,35.0,416,51.2807,158.7094,0,"155 km E of Ozernovskiy, Russia",
us7000qvxp,5.2,45.096,416,53.2245,160.3688,0,"117 km E of Petropavlovsk-Kamchatsky, Russia",
us7000qvx7,5.4,34.514,449,-55.6948,-28.0794,0,South Sandwich Islands region,0.0
us7000qvw5,7.4,58.0,861,53.1969,160.1901,1,"105 km E of Petropavlovsk-Kamchatsky, Russia",110555.0
us7000qvvb,5.4,10.0,449,-56.1688,-143.0756,0,Pacific-Antarctic Ridge,
us7000qvtp,5.0,10.0,385,29.1796,87.0157,0,"137 km N of Lobuche, Nepal",
us7000qvtg,5.1,22.256,400,52.0634,159.8576,0,"138 km SE of Vilyuchinsk, Russia",
us6000relq,5.1,10.0,400,-56.0224,-143.4819,0,Pacific-Antarctic Ridge,
us7000qvrf,5.6,10.0,482,-39.4342,-15.621,0,Tristan da Cunha region,0.0
us7000qvra,5.1,61.329,400,-10.7629,165.1071,0,"75 km W of Lata, Solomon Islands",
us7000qvmd,5.0,10.0,385,-16.3977,167.3376,0,"34 km SSW of Lakatoro, Vanuatu",
us7000qvly,5.3,10.0,432,-56.3281,-27.833,0,South Sandwich Islands region,
us7000qves,5.0,10.0,385,51.4261,159.6962,0,"189 km SSE of Vilyuchinsk, Russia",
us7000qvdj,5.3,10.0,432,51.5289,159.7602,0,"181 km SSE of Vilyuchinsk, Russia",
us7000qvdn,5.0,10.0,385,51.5379,159.6606,0,"177 km SSE of Vilyuchinsk, Russia",
us7000qvdb,5.1,10.0,400,51.5535,159.7272,0,"177 km SSE of Vilyuchinsk, Russia",
us7000qvd6,5.0,49.654,385,-9.623,112.8724,0,"156 km S of Dampit, Indonesia",
us7000qvav,5.0,57.486,385,52.9664,159.7556,0,"76 km E of Petropavlovsk-Kamchatsky, Russia",
us7000qvae,5.2,10.0,416,51.3825,159.5233,0,"188 km SSE of Vilyuchinsk, Russia",
us7000qv3g,5.1,10.0,401,42.4522,-126.57,0,"173 km WSW of Port Orford, Oregon",
us7000qv0n,5.3,10.0,432,-37.4955,78.1132,0,Mid-Indian Ridge,0.0
us6000reas,5.1,10.0,400,42.4867,-126.4601,0,"163 km W of Port Orford, Oregon",
us7000quwy,5.7,10.0,520,42.36,-126.5618,1,"174 km WSW of Port Orford, Oregon",0.0
us7000quvu,5.2,10.0,418,16.2607,-98.1418,0,"5 km ENE of Corralero, Mexico",
us7000quvp,6.4,10.0,630,-21.0025,173.7046,1,Vanuatu region,0.0
us7000quvk,5.0,10.0,545,38.2551,24.1197,0,"11 km NW of Néa Stíra, Greece",
us7000quup,5.3,143.517,432,9.9133,125.5075,0,"10 km WSW of Dinagat, Philippines",
us7000quqk,5.0,10.0,385,52.4795,160.8577,0,"163 km ESE of Petropavlovsk-Kamchatsky, Russia",
us7000qupw,5.1,10.0,400,52.3669,160.7748,0,"164 km ESE of Petropavlovsk-Kamchatsky, Russia",
us7000qunb,5.1,10.0,400,-58.1885,-15.9097,0,east of the South Sandwich Islands,
us7000qumy,5.2,10.0,416,-50.791,162.2552,0,"Auckland Islands, New Zealand region",
us7000qulz,5.0,79.757,385,50.8501,157.1112,0,"72 km ENE of Severo-Kuril’sk, Russia",
us7000quj0,5.0,10.0,385,52.1658,160.4818,0,"160 km SE of Petropavlovsk-Kamchatsky, Russia",
us7000quir,5.1,10.0,400,9.2452,126.908,0,"76 km ENE of Bacolod, Philippines",
us7000qug7,5.4,37.69,449,52.3153,-169.4988,1,"81 km SSW of Nikolski, Alaska",0.0
us7000qufv,5.0,43.92,385,-37.4133,178.6202,0,"35 km NE of Hicks Bay, New Zealand",0.0
us7000qucj,5.1,10.0,400,54.1089,-159.9425,0,"141 km SSE of Sand Point, Alaska",
us7000quaj,5.2,39.687,416,49.1633,156.1058,0,"168 km S of Severo-Kuril’sk, Russia",
us7000qu91,5.4,3.061,451,-1.821,-81.0466,0,"44 km NNW of Salinas, Ecuador",0.0
us7000qu8p,5.2,10.0,416,34.5525,70.6837,0,"25 km ENE of Jalālābād, Afghanistan",
us7000qtzt,5.3,8.988,432,34.8172,70.8104,0,"31 km WSW of Asadābād, Afghanistan",
us7000qtzu,5.0,36.768,385,-23.3907,-175.4457,0,"232 km SSW of ‘Ohonua, Tonga",
us7000qtxp,5.2,10.0,416,52.3004,160.7564,0,"167 km ESE of Petropavlovsk-Kamchatsky, Russia",
us7000qtwh,5.2,35.0,416,52.1859,-169.4297,1,"92 km SSW of Nikolski, Alaska",
us7000qtvy,5.2,35.0,416,52.1866,-169.4951,1,"94 km SSW of Nikolski, Alaska",
us7000qtst,5.6,16.505,2066,34.6972,70.758,0,"40 km WSW of Asadābād, Afghanistan",37415863.0
us7000qtra,5.1,34.312,400,-19.4817,169.7526,0,"49 km E of Isangel, Vanuatu",
us7000qtr2,5.2,60.303,416,-4.8633,153.4113,0,"139 km ESE of Kokopo, Papua New Guinea",
us7000qtpw,5.2,10.0,416,11.6636,141.8368,0,"254 km NE of Fais, Micronesia",
us7000qtpj,5.9,182.0,546,-24.1304,-67.1572,0,"85 km W of San Antonio de los Cobres, Argentina",0.0
us7000qtpi,5.0,172.477,385,-24.3102,-67.0928,0,"79 km W of San Antonio de los Cobres, Argentina",
us7000qtmy,5.0,35.0,385,-23.3892,-175.707,0,"239 km SSW of ‘Ohonua, Tonga",
us7000qtmw,5.0,35.0,385,9.6436,126.3902,0,"33 km ESE of Union, Philippines",
us7000qtm0,5.9,18.0,536,52.207,-169.5044,1,"92 km SSW of Nikolski, Alaska",0.0
us7000qthm,5.3,161.773,434,-1.5015,-77.856,0,"16 km E of Puyo, Ecuador",
us7000qteq,5.2,10.0,416,51.4122,159.4654,0,"183 km SSE of Vilyuchinsk, Russia",
us7000qte0,5.0,10.0,385,-23.7317,170.4312,0,southeast of the Loyalty Islands,
us7000qtdv,5.0,10.0,385,-11.4393,165.5204,0,"84 km SSW of Lata, Solomon Islands",
us7000qtdt,5.0,10.0,385,-0.93,120.3686,0,"55 km E of Palu, Indonesia",
us7000qtcu,5.0,10.0,385,-23.3474,170.7457,0,southeast of the Loyalty Islands,
us7000qt8u,5.2,10.0,418,34.6057,70.763,0,"34 km NE of Jalālābād, Afghanistan",
us7000qt8g,5.1,35.0,400,52.6415,160.5051,0,"134 km ESE of Petropavlovsk-Kamchatsky, Russia",
us7000qt6k,5.3,10.0,432,30.6722,140.1285,0,"Izu Islands, Japan region",
ak025b7povrc,5.6,12.0,482,56.2482,-151.9738,1,"133 km SE of Old Harbor, Alaska",0.0
us7000qszd,5.0,32.99,385,-6.3743,149.3391,0,"29 km SW of Kandrian, Papua New Guinea",
us7000qsx4,5.2,8.457,416,34.7164,70.7355,0,"41 km NE of Jalālābād, Afghanistan",
us7000qswe,5.2,10.0,416,34.7363,70.7649,0,"38 km WSW of Asadābād, Afghanistan",
us7000qsvj,6.0,8.0,2149,34.7106,70.8087,0,"35 km WSW of Asadābād, Afghanistan",403792873.0
us7000qsu5,5.6,67.461,482,-58.3758,-25.6202,0,South Sandwich Islands region,0.0
us7000qspt,5.2,10.0,416,-21.391,-11.8515,0,southern Mid-Atlantic Ridge,
us7000qsly,5.5,60.034,465,-11.5525,166.3607,0,"110 km SE of Lata, Solomon Islands",0.0
us7000qskm,5.0,24.387,385,49.9692,157.3925,0,"119 km SE of Severo-Kuril’sk, Russia",
us7000qskb,5.1,55.573,400,-11.6361,166.1774,0,"109 km SSE of Lata, Solomon Islands",
us7000qsk1,5.0,65.038,385,-4.8112,103.0418,0,"89 km SSW of Pagar Alam, Indonesia",
us7000qsj9,5.0,10.0,385,-32.2113,-13.2885,0,southern Mid-Atlantic Ridge,
us7000qsfw,5.1,57.838,400,52.1538,160.0609,0,"140 km SE of Petropavlovsk-Kamchatsky, Russia",
us7000qsfj,5.0,73.815,385,53.2404,159.8481,0,"83 km ENE of Petropavlovsk-Kamchatsky, Russia",
us7000qsfb,5.2,79.74,416,50.8858,157.0731,0,"70 km ENE of Severo-Kuril’sk, Russia",
us7000qrw3,5.5,51.698,476,38.4534,142.0646,0,"53 km E of Onagawa Chō, Japan",0.0
us7000qru7,5.1,81.285,400,51.7122,179.5965,1,"260 km W of Adak, Alaska",0.0
us7000qrrv,5.0,10.0,385,52.2581,160.7256,0,"167 km ESE of Petropavlovsk-Kamchatsky, Russia",
us7000qrj3,5.2,50.249,416,-20.6779,169.753,0,"135 km SSE of Isangel, Vanuatu",
us7000qrj0,5.9,130.0,536,52.1251,179.9386,1,"237 km W of Adak, Alaska",0.0
us7000qrhi,5.2,10.0,416,-5.7179,152.5813,0,"155 km SSE of Kokopo, Papua New Guinea",
us7000qrh7,5.4,10.0,449,49.562,92.4647,0,"54 km SSE of Ulaangom, Mongolia",
us7000qrab,5.1,138.771,401,36.467,71.3831,0,"27 km SSW of Ashkāsham, Afghanistan",
us7000qra8,5.3,114.91,464,24.8222,121.9111,0,"17 km ENE of Yilan, Taiwan",
us7000qr9v,5.2,10.0,416,3.0842,65.2326,0,Carlsberg Ridge,
us7000qr91,5.0,10.0,385,-55.3038,-26.8856,0,South Sandwich Islands region,
us7000qr8h,6.0,40.0,556,50.7675,157.4273,0,"92 km E of Severo-Kuril’sk, Russia",0.0
us7000qr7s,5.2,35.0,416,-24.8269,-175.6649,0,south of Tonga,
us7000qr7r,5.2,10.0,416,-61.8937,-64.6163,0,Drake Passage,
us7000qr6h,5.4,66.28,659,42.443,48.2426,0,"21 km ENE of Novokayakent, Russia",7438346.0
us7000qr6d,5.0,10.0,385,33.0193,88.3561,0,western Xizang,
us7000qr03,5.1,31.699,400,13.0947,-91.0654,0,"95 km SSW of Puerto San José, Guatemala",
us7000qqzj,5.0,31.197,386,54.438,-160.0697,0,"103 km SSE of Sand Point, Alaska",
us7000qqxt,5.6,614.102,482,-17.8109,-178.5196,0,"230 km E of Levuka, Fiji",0.0
us7000qqxi,5.1,10.0,400,33.9261,87.7533,0,western Xizang,
us7000qqx7,5.6,31.0,482,49.1051,156.0996,0,"174 km S of Severo-Kuril’sk, Russia",0.0
us6000r3l7,6.1,9.0,572,49.3726,160.0428,0,east of the Kuril Islands,0.0
us7000qxb4,5.1,10.0,400,-56.7236,-23.9957,0,South Sandwich Islands region,
us6000r3g6,5.4,352.442,449,-18.7929,-177.1958,0,Fiji region,0.0
us6000r3f5,5.2,10.0,416,52.1491,160.3446,0,"154 km SE of Petropavlovsk-Kamchatsky, Russia",0.0
us6000r3f2,5.0,35.0,385,51.6062,159.8053,0,"175 km SSE of Vilyuchinsk, Russia",
us6000r3dw,5.3,35.0,432,52.2154,160.3044,0,"147 km SE of Petropavlovsk-Kamchatsky, Russia",0.0
us7000qwyb,5.0,10.0,385,-60.2489,-62.2307,0,Drake Passage,
us6000r3ck,5.1,10.0,400,-17.1324,-172.1242,0,"221 km SE of Hihifo, Tonga",
us6000r3bz,5.2,76.161,416,-56.2953,-26.8369,0,South Sandwich Islands region,
us6000r3bg,5.8,18.0,518,2.0106,96.5997,0,"57 km SSE of Sinabang, Indonesia",1.0
us6000r3at,6.0,17.0,576,13.0601,-90.4343,0,"88 km SW of Acajutla, El Salvador",353.0
us6000r39p,5.2,10.0,416,51.7695,160.2913,0,"182 km SE of Vilyuchinsk, Russia",
us6000r39a,5.4,45.0,449,50.763,157.3228,0,"85 km E of Severo-Kuril’sk, Russia",0.0
us6000r389,5.0,35.0,385,-24.5984,-175.9865,0,south of Tonga,
us6000r385,5.5,10.0,465,-24.6736,-175.8881,0,south of Tonga,0.0
us6000r32f,5.0,40.389,385,51.2967,159.4748,0,"196 km SSE of Vilyuchinsk, Russia",
us7000qwr5,5.2,210.852,416,-17.5267,168.6638,0,"43 km ENE of Port-Vila, Vanuatu",
us6000r30q,5.4,213.944,449,-17.6286,168.6842,0,"41 km ENE of Port-Vila, Vanuatu",0.0
us6000r308,5.0,35.0,385,-30.4607,-177.7927,0,"Kermadec Islands, New Zealand",
us6000r2z8,5.1,10.0,400,-60.1907,-61.8641,0,Drake Passage,
us6000r2z6,5.3,10.0,432,23.403,94.2596,0,"30 km SSW of Mawlaik, Burma (Myanmar)",
us6000r2yx,5.1,10.0,400,-60.2135,-61.8745,0,Drake Passage,
us6000r2xq,7.5,10.0,876,-60.3187,-61.9221,1,2025 Southern Drake Passage Earthquake,0.0
us6000r2uz,5.6,40.0,485,38.757,142.309,0,"62 km SE of Ōfunato, Japan",0.0
us6000r2sr,5.0,133.765,385,-5.0735,151.4069,0,"125 km SW of Kokopo, Papua New Guinea",
us6000r2s3,5.8,10.0,518,51.8817,160.125,0,"165 km SE of Vilyuchinsk, Russia",0.0
us6000r2l7,5.1,41.217,400,43.469,147.5281,0,"74 km ESE of Shikotan, Russia",
us6000r2hj,5.0,10.0,385,-30.154,-177.7973,0,"Kermadec Islands, New Zealand",
us6000r278,5.0,10.0,385,-15.3027,66.9258,0,Mid-Indian Ridge,
us6000r22u,5.4,10.0,449,-62.122,164.6961,0,Balleny Islands region,0.0
us6000r222,5.4,10.0,449,-24.2547,-175.9875,0,south of Tonga,0.0
us6000r201,5.2,10.0,416,-57.1412,-67.2466,0,"267 km SSE of Ushuaia, Argentina",0.0
us6000r1zv,5.1,203.997,400,36.4758,70.8427,0,"43 km S of Jurm, Afghanistan",
us6000r1yq,5.6,12.0,482,-24.3735,-175.9688,0,south of Tonga,0.0
us6000r1yj,5.1,128.361,400,42.033,140.5262,0,"20 km NW of Honchō, Japan",
us6000r1uy,5.0,9.727,385,51.2789,159.5264,0,"199 km SSE of Vilyuchinsk, Russia",
us6000r1uh,5.2,42.226,417,-15.2513,-173.2669,0,"96 km NE of Hihifo, Tonga",0.0
us6000r1ud,5.6,10.0,483,-44.7541,-79.9408,0,"Off the coast of Aisen, Chile",0.0
us6000r1rj,5.1,10.0,400,34.3778,7.4276,0,"47 km W of Chebika, Tunisia",
us6000r1ri,5.0,241.728,385,-22.6794,-66.311,0,"63 km W of Abra Pampa, Argentina",
us6000r1rf,5.0,10.0,385,-6.2054,151.528,0,"170 km ESE of Kimbe, Papua New Guinea",
us6000r1qu,5.0,33.991,385,2.0781,127.0014,0,"118 km WNW of Tobelo, Indonesia",
us6000r1qp,5.5,20.1,465,2.1675,127.1307,0,"109 km WNW of Tobelo, Indonesia",0.0
us6000r1p8,5.4,10.0,449,13.1891,-91.1097,0,"87 km SSW of Puerto San José, Guatemala",0.0
us6000r1n6,5.3,10.0,432,-24.3545,-176.0169,0,south of the Fiji Islands,0.0
us6000r1n5,5.1,10.0,400,21.0452,119.9104,0,"136 km SW of Hengchun, Taiwan",
us6000r1n3,5.8,8.0,675,-1.2749,120.7206,0,"13 km NNW of Poso, Indonesia",80836393.0
us6000r1mt,5.5,30.0,470,32.0131,131.811,0,"32 km ESE of Takanabe, Japan",0.0
us6000r1l5,5.6,11.0,482,-23.1833,170.8077,0,southeast of the Loyalty Islands,0.0
us6000r1vi,5.4,10.0,449,-38.8752,78.0637,0,Mid-Indian Ridge,0.0
us6000r0zd,5.1,10.0,400,45.6571,153.9083,0,east of the Kuril Islands,
us6000r0yd,5.7,43.0,500,52.7866,159.9421,0,"93 km ESE of Petropavlovsk-Kamchatsky, Russia",0.0
us6000r0y7,5.4,10.0,449,-65.0002,177.8542,0,Balleny Islands region,0.0
us6000r0ul,5.0,64.353,385,49.795,156.1823,0,"98 km S of Severo-Kuril’sk, Russia",
us6000r0sy,5.2,10.0,416,51.8539,-170.0196,0,"144 km SSW of Nikolski, Alaska",
us6000r0sb,5.0,57.438,385,49.746,155.8336,0,"105 km SSW of Severo-Kuril’sk, Russia",
us6000r0sa,6.3,44.99,611,-11.6933,166.2048,0,"115 km SSE of Lata, Solomon Islands",0.0
us6000r0l4,5.6,24.0,483,-18.4141,-172.5723,0,"151 km E of Neiafu, Tonga",0.0
us6000r0dl,5.3,73.358,433,1.1085,125.5481,0,"59 km SE of Bitung, Indonesia",
us6000r0bl,5.2,10.0,416,51.3828,159.9403,0,"201 km SSE of Vilyuchinsk, Russia",
us6000r0az,5.0,10.0,385,13.063,145.8602,0,"117 km ESE of Yigo Village, Guam",
us6000r0aj,5.0,61.865,385,-5.3713,131.2815,0,"165 km W of Tual, Indonesia",
us6000r09w,5.1,10.0,400,52.1001,160.429,0,"162 km SE of Petropavlovsk-Kamchatsky, Russia",
us6000r08a,5.0,68.021,388,-8.9291,-78.9696,0,"36 km W of Puerto Santa, Peru",
us6000r06w,5.1,10.429,400,50.3131,159.1634,0,"219 km ESE of Severo-Kuril’sk, Russia",
us6000r04e,5.4,524.126,449,-6.8616,125.2616,0,"190 km N of Dili, Timor Leste",0.0
us6000r03i,5.6,36.0,484,-15.2362,-173.3285,0,"93 km NNE of Hihifo, Tonga",0.0
us6000r02m,5.0,10.0,385,-2.1151,139.1764,0,"170 km WNW of Abepura, Indonesia",
us6000r02g,5.4,35.0,450,42.2972,144.7893,0,"82 km S of Akkeshi, Japan",0.0
us6000r01m,6.3,14.0,622,-2.0302,138.966,1,"195 km WNW of Abepura, Indonesia",139164.0
us6000r00x,5.3,137.859,433,5.5785,126.1455,0,"67 km SE of Caburan, Philippines",
us6000r00b,5.2,273.874,416,0.4341,123.2841,0,"27 km ESE of Gorontalo, Indonesia",
us6000qzz1,5.0,10.0,385,51.6145,159.7614,0,"173 km SSE of Vilyuchinsk, Russia",
us6000qzuk,5.0,42.7,385,50.2311,156.9744,0,"77 km SE of Severo-Kuril’sk, Russia",
us6000qzsp,5.0,16.638,385,51.7801,160.3175,0,"182 km SE of Vilyuchinsk, Russia",
us6000qzrg,5.1,130.154,400,-16.7618,-174.0509,0,"93 km SSW of Hihifo, Tonga",
us6000qzqn,5.8,9.0,518,14.8228,-94.3855,0,"138 km SW of Manuel Ávila Camacho (Ponte Duro), Mexico",0.0
us6000qzqm,5.0,81.43,385,-9.7631,120.5286,0,"31 km ESE of Waingapu, Indonesia",
us6000qznb,6.1,10.0,1188,39.3709,28.0168,0,"10 km WSW of Bigadiç, Turkey",552850745.0
us6000qzn9,5.0,10.0,385,-20.7152,-175.4953,0,"54 km NNW of Houma, Tonga",
ak025a7d7cil,5.4,0.0,449,57.84,-133.09,0,"44 km NNE of Hobart Bay, Alaska",
us6000qzls,5.0,75.036,385,51.3452,157.4768,0,"69 km ESE of Ozernovskiy, Russia",
us6000qzli,5.0,35.0,385,52.2235,160.4049,0,"152 km SE of Petropavlovsk-Kamchatsky, Russia",
us6000qzkx,5.1,13.929,400,51.4556,159.7189,0,"187 km SSE of Vilyuchinsk, Russia",
us6000qzkp,5.2,10.0,419,12.9896,145.4727,0,"84 km ESE of Inarajan Village, Guam",0.0
us6000qzki,5.9,16.0,558,12.9438,145.6375,0,"103 km ESE of Inarajan Village, Guam",0.0
us6000qzin,5.9,9.0,542,13.48,-92.3994,0,"104 km SSW of Champerico, Guatemala",0.0
us6000qzh9,6.0,11.0,554,50.0723,159.7364,0,"265 km ESE of Severo-Kuril’sk, Russia",0.0
us6000qzgj,5.1,97.714,402,6.1475,126.6036,0,"52 km ESE of Pondaguitan, Philippines",
us6000qzg3,5.0,20.77,385,52.3265,160.298,0,"139 km SE of Petropavlovsk-Kamchatsky, Russia",
us6000qzfl,5.0,70.157,385,51.77,158.181,0,"120 km ENE of Ozernovskiy, Russia",
us6000qzfb,5.0,75.365,385,49.8277,155.8277,0,"96 km SSW of Severo-Kuril’sk, Russia",
us6000qz8x,5.0,10.0,385,51.3717,156.4834,0,"13 km S of Ozernovskiy, Russia",
us6000qz8m,5.0,22.555,385,51.6622,159.8232,0,"171 km SE of Vilyuchinsk, Russia",
us6000qz82,5.0,65.03,385,52.895,159.8513,0,"84 km ESE of Petropavlovsk-Kamchatsky, Russia",
us6000qz30,5.0,84.63,385,52.1322,158.3349,0,"89 km S of Vilyuchinsk, Russia",
us6000qz2v,5.0,108.684,385,1.7903,127.1031,0,"101 km W of Tobelo, Indonesia",
us6000qz20,5.0,10.0,385,-4.9991,35.0991,0,"24 km E of Mungaa, Tanzania",
us6000qyzg,5.1,10.0,400,50.4277,158.8244,0,"193 km E of Severo-Kuril’sk, Russia",
us6000qyye,5.0,10.0,385,50.1257,159.4975,0,"247 km ESE of Severo-Kuril’sk, Russia",
us6000qywk,5.9,19.0,537,-4.2241,152.9274,0,"74 km E of Kokopo, Papua New Guinea",33.0
us6000qywa,5.0,95.873,385,1.3202,98.9615,0,"35 km W of Padangsidempuan, Indonesia",
us6000qytl,5.2,10.0,416,51.7733,159.4237,0,"146 km SSE of Vilyuchinsk, Russia",
us6000qyt7,5.5,113.505,474,24.6133,122.9664,0,"16 km NNW of Yonakuni, Japan",0.0
us6000qys2,5.3,10.0,432,-41.7988,-83.9195,0,West Chile Rise,
us6000qyr9,5.0,10.0,385,-46.031,-16.2286,0,southern Mid-Atlantic Ridge,
us6000qyqz,5.3,35.0,432,-19.5149,-173.8574,0,"55 km ENE of Fangale’ounga, Tonga",
us6000qyki,5.5,10.0,465,51.4249,159.6929,0,"189 km SSE of Vilyuchinsk, Russia",0.0
us6000qykf,5.8,16.0,518,51.5638,159.448,0,"167 km SSE of Vilyuchinsk, Russia",0.0
us6000qyh2,5.2,10.0,416,51.582,159.752,0,"176 km SSE of Vilyuchinsk, Russia",
us6000qygj,5.1,10.0,400,49.9407,158.798,0,"207 km ESE of Severo-Kuril’sk, Russia",
us6000qyfq,5.0,10.0,385,27.9779,128.1353,0,"77 km WNW of Amagi, Japan",
us6000qyf1,5.2,10.0,416,52.3552,160.4302,0,"145 km ESE of Petropavlovsk-Kamchatsky, Russia",
us7000qrpp,5.1,10.0,400,52.2394,160.4024,0,"151 km SE of Petropavlovsk-Kamchatsky, Russia",
us6000qy97,5.1,10.0,403,41.3637,72.6422,0,"33 km N of Massy, Kyrgyzstan",
us6000qy83,5.0,10.0,385,49.6341,160.0691,0,east of the Kuril Islands,
pr2025217000,5.7,168.0,742,18.1665,-68.3226,0,"38 km SE of Boca de Yuma, Dominican Republic",
us6000qy6g,5.6,76.745,484,28.0709,59.0117,0,"131 km SSE of Bam, Iran",0.0
us6000qy67,5.0,10.0,385,-54.3952,5.4974,0,Bouvet Island region,
us6000qy4s,5.1,21.714,400,52.2569,160.1579,0,"137 km SE of Petropavlovsk-Kamchatsky, Russia",
us6000qy3s,5.0,35.0,385,50.9847,158.3137,0,"138 km ESE of Ozernovskiy, Russia",
us6000qy2e,5.2,10.0,416,49.0982,156.2726,0,"175 km S of Severo-Kuril’sk, Russia",
us6000qy0d,5.0,38.78,385,49.6295,156.7144,0,"123 km SSE of Severo-Kuril’sk, Russia",
us6000qxzw,6.2,16.0,591,48.8586,156.3666,0,"202 km S of Severo-Kuril’sk, Russia",0.0
us6000qxzt,5.0,78.842,387,-8.8943,159.8465,0,"40 km NW of Tulagi, Solomon Islands",
us6000qxzr,5.0,10.0,385,51.9812,159.8638,0,"144 km SE of Vilyuchinsk, Russia",
us6000qxz1,5.1,75.698,400,51.8584,158.3929,0,"119 km S of Vilyuchinsk, Russia",
us6000qxyg,5.1,35.0,400,48.8347,155.4251,0,"210 km SSW of Severo-Kuril’sk, Russia",
us6000qxyc,5.0,10.0,385,52.4126,160.4179,0,"140 km ESE of Petropavlovsk-Kamchatsky, Russia",
us6000qxxz,5.1,40.505,400,49.9629,157.1438,0,"107 km SE of Severo-Kuril’sk, Russia",
us6000qxxv,5.1,10.0,400,50.0186,159.539,0,"253 km ESE of Severo-Kuril’sk, Russia",
us6000qxxt,5.1,10.0,400,51.5651,159.5352,0,"170 km SSE of Vilyuchinsk, Russia",
us6000qxxr,5.1,17.191,400,52.1311,160.5927,0,"168 km SE of Petropavlovsk-Kamchatsky, Russia",
us6000qxxf,5.1,22.905,400,51.7915,159.8475,0,"160 km SE of Vilyuchinsk, Russia",
us6000qxxc,5.6,9.0,482,52.4978,160.6678,0,"151 km ESE of Petropavlovsk-Kamchatsky, Russia",0.0
us6000qxw9,5.4,10.0,449,-47.7857,115.9829,0,western Indian-Antarctic Ridge,0.0
us6000qxvy,5.2,10.0,416,52.3341,160.7572,0,"165 km ESE of Petropavlovsk-Kamchatsky, Russia",
us6000qxvr,5.6,10.0,482,52.4283,160.6912,0,"156 km ESE of Petropavlovsk-Kamchatsky, Russia",0.0
us6000qxva,5.2,10.0,416,50.3111,159.0682,0,"212 km ESE of Severo-Kuril’sk, Russia",
us6000qxv7,5.0,10.0,385,50.4204,158.9038,0,"198 km E of Severo-Kuril’sk, Russia",
us6000qxv6,5.1,10.0,400,50.2859,158.9868,0,"207 km ESE of Severo-Kuril’sk, Russia",
us6000qxuq,5.0,481.669,385,-9.183,-71.2911,0,"126 km SSW of Tarauacá, Brazil",
us6000qxt4,6.8,30.0,717,50.5853,157.8643,1,"123 km E of Severo-Kuril’sk, Russia",9707.0
us6000qxsv,6.3,10.0,611,-55.2284,-128.6508,0,Pacific-Antarctic Ridge,0.0
us6000qxsm,5.1,10.0,400,50.1621,158.8847,0,"204 km ESE of Severo-Kuril’sk, Russia",
us6000qxsd,5.8,10.0,518,-55.3641,-127.8359,0,Pacific-Antarctic Ridge,0.0
us6000qxrx,5.0,25.262,385,50.3078,158.4395,0,"169 km ESE of Severo-Kuril’sk, Russia",
us6000qxqy,5.1,10.0,400,50.1947,159.0612,0,"215 km ESE of Severo-Kuril’sk, Russia",
us6000qxpd,5.8,62.566,557,17.1124,-96.2645,0,"4 km S of Xagacía, Mexico",0.0
us6000qxp3,5.0,55.875,385,50.1751,157.2812,0,"99 km SE of Severo-Kuril’sk, Russia",0.0
us6000qxnx,5.2,10.0,417,37.446,-23.8103,0,"125 km ESE of Senhora do Rosário, Portugal",
us6000qxna,5.2,10.0,416,51.638,159.5993,0,"165 km SSE of Vilyuchinsk, Russia",
us6000qxn6,6.0,17.0,554,51.5911,159.4631,0,"165 km SSE of Vilyuchinsk, Russia",0.0
us6000qxme,5.4,28.403,449,51.5932,159.6045,0,"169 km SSE of Vilyuchinsk, Russia",0.0
us6000qxjg,5.1,10.0,400,52.2516,160.7421,0,"169 km ESE of Petropavlovsk-Kamchatsky, Russia",
us6000qxjc,5.0,10.0,385,52.1725,160.7874,0,"176 km SE of Petropavlovsk-Kamchatsky, Russia",
us6000qxja,5.4,25.169,449,42.3163,145.5206,0,"96 km SE of Akkeshi, Japan",0.0
us6000qxj2,5.4,10.0,449,52.1037,160.2698,0,"154 km SE of Petropavlovsk-Kamchatsky, Russia",0.0
us6000qxit,5.0,120.208,397,36.0467,70.0486,0,"60 km SSE of Farkhār, Afghanistan",
us6000qxie,5.0,35.0,385,51.0181,158.8,0,"169 km ESE of Ozernovskiy, Russia",
us6000qxi9,5.6,79.264,482,50.4404,156.3974,0,"32 km SE of Severo-Kuril’sk, Russia",0.0
us6000qxhm,5.4,88.462,449,50.4968,156.3237,0,"24 km SE of Severo-Kuril’sk, Russia",0.0
us6000r35h,5.2,10.0,416,50.173,159.0513,0,"215 km ESE of Severo-Kuril’sk, Russia",
us6000qxgb,5.5,10.0,465,52.7977,161.4392,0,"191 km E of Petropavlovsk-Kamchatsky, Russia",0.0
us6000qxga,5.0,10.0,385,52.2865,160.7756,0,"169 km ESE of Petropavlovsk-Kamchatsky, Russia",
us6000qxgh,5.0,10.0,385,52.2305,160.6079,0,"162 km SE of Petropavlovsk-Kamchatsky, Russia",
us6000r36c,5.3,10.0,432,50.3762,158.8164,0,"193 km E of Severo-Kuril’sk, Russia",
us6000qxfn,6.1,10.0,572,50.2099,159.0659,0,"215 km ESE of Severo-Kuril’sk, Russia",0.0
us6000qxae,5.6,23.0,482,51.9877,158.3749,0,"104 km S of Vilyuchinsk, Russia",0.0
us6000qxa9,5.0,35.0,385,51.1622,158.2612,0,"128 km ESE of Ozernovskiy, Russia",
us6000qxa2,5.3,10.0,432,51.8609,160.1081,0,"166 km SE of Vilyuchinsk, Russia",
us6000qx9t,5.4,10.0,449,52.4567,160.7463,0,"158 km ESE of Petropavlovsk-Kamchatsky, Russia",0.0
us6000qx9r,5.9,19.0,536,51.7269,160.0431,0,"174 km SE of Vilyuchinsk, Russia",0.0
us6000qx9e,5.1,10.0,400,50.0007,159.4509,0,"248 km ESE of Severo-Kuril’sk, Russia",
us6000qx98,5.7,23.0,500,50.527,157.8481,0,"122 km E of Severo-Kuril’sk, Russia",0.0
us6000qx8w,5.0,10.0,385,51.3801,159.8844,0,"200 km SSE of Vilyuchinsk, Russia",
us6000qx8k,5.7,28.0,500,52.8059,160.146,0,"106 km ESE of Petropavlovsk-Kamchatsky, Russia",0.0
us6000qx8j,5.1,43.097,400,51.2305,158.5035,0,"142 km ESE of Ozernovskiy, Russia",
us6000qx85,5.3,10.0,432,51.7662,160.4217,0,"188 km SE of Vilyuchinsk, Russia",
us6000qx7j,5.0,10.0,385,48.6211,157.4251,0,"246 km SSE of Severo-Kuril’sk, Russia",
us6000qx7i,5.0,10.0,385,51.1538,159.6239,0,"214 km SSE of Vilyuchinsk, Russia",
us6000qx72,5.3,10.0,432,51.8377,160.2269,0,"173 km SE of Vilyuchinsk, Russia",
us6000qx6r,5.1,35.0,400,51.0719,158.3841,0,"139 km ESE of Ozernovskiy, Russia",
us6000qx6h,5.1,35.0,400,50.0516,157.4532,0,"117 km SE of Severo-Kuril’sk, Russia",
us6000qx6a,5.4,10.0,449,52.811,161.3826,0,"187 km E of Petropavlovsk-Kamchatsky, Russia",0.0
us6000qx52,5.0,10.0,385,52.6353,161.1811,0,"178 km ESE of Petropavlovsk-Kamchatsky, Russia",
us6000qx3x,5.0,125.43,385,-0.1296,123.1429,0,"74 km S of Gorontalo, Indonesia",
us6000qx2v,5.0,66.596,385,50.7666,157.0087,0,"63 km E of Severo-Kuril’sk, Russia",
us6000qx2r,5.7,14.0,500,52.5859,160.9806,0,"167 km ESE of Petropavlovsk-Kamchatsky, Russia",0.0
us6000qx17,5.1,35.0,400,51.545,159.557,0,"173 km SSE of Vilyuchinsk, Russia",
us6000qx06,5.0,22.799,385,51.6612,159.6614,0,"165 km SSE of Vilyuchinsk, Russia",
us6000qwzh,5.1,28.466,400,51.4654,159.6286,0,"183 km SSE of Vilyuchinsk, Russia",
us6000qwyk,5.0,10.0,385,73.9754,-73.2825,0,"206 km NE of Pond Inlet, Canada",
us6000qwy7,5.2,10.0,416,51.587,159.8294,0,"178 km SSE of Vilyuchinsk, Russia",0.0
us6000qwy5,5.2,35.0,416,51.7307,159.8305,0,"165 km SE of Vilyuchinsk, Russia",
us6000qwxy,5.0,51.578,385,50.1343,156.9345,0,"83 km SE of Severo-Kuril’sk, Russia",
us6000qwxr,5.4,10.0,449,52.3254,160.6254,0,"158 km ESE of Petropavlovsk-Kamchatsky, Russia",0.0
usd0013ifp,5.2,28.891,416,48.2579,155.205,0,"277 km SSW of Severo-Kuril’sk, Russia",
usd0013ifi,5.1,10.0,400,50.6982,159.5,0,"228 km ESE of Ozernovskiy, Russia",
usd0013ifb,5.2,43.16,416,49.5558,156.7439,0,"132 km SSE of Severo-Kuril’sk, Russia",
usd0013iej,5.2,10.0,416,51.8554,160.3445,0,"178 km SE of Petropavlovsk-Kamchatsky, Russia",
us6000qwvb,5.5,43.871,465,49.871,157.4706,0,"131 km SE of Severo-Kuril’sk, Russia",0.0
us6000qwv7,5.2,10.0,416,49.2208,157.8044,0,"201 km SE of Severo-Kuril’sk, Russia",
us6000qwv0,5.2,72.361,416,52.5372,158.9161,0,"55 km SE of Vilyuchinsk, Russia",
us6000qwuv,5.4,36.975,449,49.7989,156.4616,0,"100 km SSE of Severo-Kuril’sk, Russia",0.0
us6000qwut,5.1,565.388,400,-23.4049,178.8971,0,south of the Fiji Islands,
us6000qwul,5.0,10.0,385,52.8728,161.1066,0,"167 km E of Petropavlovsk-Kamchatsky, Russia",
us6000r2f0,5.6,48.152,482,52.6604,160.6055,0,"140 km ESE of Petropavlovsk-Kamchatsky, Russia",
us6000qwuh,6.2,15.0,591,49.5,158.6499,0,"222 km SE of Severo-Kuril’sk, Russia",0.0
us6000qwu5,5.0,10.0,385,51.4375,159.3951,0,"179 km SSE of Vilyuchinsk, Russia",
us6000qwtd,5.3,10.0,432,51.7884,160.0855,0,"171 km SE of Vilyuchinsk, Russia",
us6000qwt5,5.1,52.814,400,49.8646,156.0997,0,"90 km S of Severo-Kuril’sk, Russia",
us6000qwsa,5.0,6.043,385,51.1923,159.1619,0,"188 km ESE of Ozernovskiy, Russia",
us6000qws9,5.0,29.132,385,50.6683,157.9862,0,"131 km E of Severo-Kuril’sk, Russia",
us6000qwrw,5.0,10.0,385,49.9828,158.2756,0,"171 km ESE of Severo-Kuril’sk, Russia",
us6000qwrv,5.0,10.0,385,49.8937,158.2996,0,"177 km ESE of Severo-Kuril’sk, Russia",
us6000r1cg,5.0,35.0,385,51.5494,159.4998,0,"170 km SSE of Vilyuchinsk, Russia",
us6000qwrs,5.8,10.0,518,52.4118,160.7681,0,"161 km ESE of Petropavlovsk-Kamchatsky, Russia",0.0
us6000qwri,5.1,25.366,400,52.1981,160.5016,0,"159 km SE of Petropavlovsk-Kamchatsky, Russia",
us6000r1h3,5.1,35.0,400,52.7157,160.2948,0,"118 km ESE of Petropavlovsk-Kamchatsky, Russia",
us6000qwr5,5.7,17.0,500,52.2321,160.2649,0,"144 km SE of Petropavlovsk-Kamchatsky, Russia",0.0
us6000qwqx,5.1,25.289,400,52.4865,160.998,0,"172 km ESE of Petropavlovsk-Kamchatsky, Russia",0.0
us6000qwqr,5.2,10.0,416,49.9908,157.3473,0,"115 km SE of Severo-Kuril’sk, Russia",
us6000qwqs,5.3,33.667,432,50.0368,157.5188,0,"121 km SE of Severo-Kuril’sk, Russia",0.0
us6000qwqm,5.6,10.0,482,49.4969,158.6625,0,"223 km SE of Severo-Kuril’sk, Russia",0.0
us6000qwqe,5.1,10.0,400,48.9197,156.3752,0,"196 km S of Severo-Kuril’sk, Russia",
us6000qwq0,5.0,10.0,385,52.1653,161.4418,0,"215 km ESE of Petropavlovsk-Kamchatsky, Russia",
us6000qwps,5.0,38.226,385,52.1538,159.7305,0,"124 km SE of Vilyuchinsk, Russia",
us6000qwpj,5.2,10.0,416,51.6657,159.7874,0,"169 km SSE of Vilyuchinsk, Russia",
us6000qwp5,5.3,10.0,432,51.3983,159.6883,0,"191 km SSE of Vilyuchinsk, Russia",
us6000qwp4,5.0,59.736,385,50.2829,157.2626,0,"91 km ESE of Severo-Kuril’sk, Russia",
us6000qwnj,5.0,67.553,385,-11.4339,166.3739,0,"100 km SE of Lata, Solomon Islands",
us6000qwnd,5.2,35.0,416,51.149,158.5587,0,"148 km ESE of Ozernovskiy, Russia",
us6000qwmy,5.3,37.494,432,49.986,156.6867,0,"86 km SSE of Severo-Kuril’sk, Russia",
us6000r1fa,5.0,40.127,385,9.3633,93.9614,0,"287 km SSE of Port Blair, India",
us6000qwmb,5.2,39.035,416,51.4177,159.5689,0,"186 km SSE of Vilyuchinsk, Russia",
us6000qwli,5.0,10.0,385,52.4831,160.728,0,"155 km ESE of Petropavlovsk-Kamchatsky, Russia",
us6000r1bi,5.1,35.066,400,49.9809,157.2667,0,"112 km SE of Severo-Kuril’sk, Russia",
us6000qwle,5.6,10.0,482,49.8958,157.5715,0,"134 km SE of Severo-Kuril’sk, Russia",0.0
us6000qwlc,5.7,10.0,500,50.4224,159.7368,0,"256 km ESE of Ozernovskiy, Russia",0.0
us6000qwk1,6.0,35.0,554,49.6696,157.2746,0,"138 km SE of Severo-Kuril’sk, Russia",0.0
us6000qwju,5.2,10.0,416,51.8051,160.8378,0,"205 km SE of Petropavlovsk-Kamchatsky, Russia",
us6000qwj7,5.2,35.0,416,51.0631,158.8749,0,"172 km ESE of Ozernovskiy, Russia",
us6000qwiz,5.2,12.187,416,50.3387,158.0856,0,"143 km ESE of Severo-Kuril’sk, Russia",
us6000qwiy,5.2,35.0,416,52.0488,160.2824,0,"159 km SE of Petropavlovsk-Kamchatsky, Russia",
us6000qwiq,5.9,23.309,537,50.0671,157.7699,0,"135 km ESE of Severo-Kuril’sk, Russia",0.0
us6000qwim,5.2,10.0,416,48.9896,156.1798,0,"187 km S of Severo-Kuril’sk, Russia",
us6000r1ac,5.0,10.0,385,51.5777,159.6258,0,"172 km SSE of Vilyuchinsk, Russia",
us6000qwif,5.1,31.471,400,51.1304,159.147,0,"188 km ESE of Ozernovskiy, Russia",
us6000r1a6,5.1,10.0,400,51.7371,159.3009,0,"146 km SSE of Vilyuchinsk, Russia",
us6000qwia,5.1,30.306,400,52.3337,160.2758,0,"137 km SE of Petropavlovsk-Kamchatsky, Russia",
us6000qwhc,5.3,35.0,432,49.8985,157.532,0,"132 km SE of Severo-Kuril’sk, Russia",
us6000qwh6,5.0,10.0,385,51.341,159.1032,0,"181 km E of Ozernovskiy, Russia",
us6000qwgt,5.1,18.614,400,51.043,159.0621,0,"185 km ESE of Ozernovskiy, Russia",
us6000qwgi,5.1,35.0,400,50.9032,158.2388,0,"138 km ESE of Ozernovskiy, Russia",
us6000qwgf,5.1,10.0,400,51.566,159.6404,0,"173 km SSE of Vilyuchinsk, Russia",
us6000r16d,5.0,43.397,385,48.964,156.0534,0,"190 km S of Severo-Kuril’sk, Russia",
us6000qwft,5.1,35.0,400,52.3504,160.366,0,"141 km SE of Petropavlovsk-Kamchatsky, Russia",
us6000qwfp,5.2,10.0,416,52.2299,160.6111,0,"163 km SE of Petropavlovsk-Kamchatsky, Russia",
us6000r1cz,5.4,35.0,449,51.3138,159.6768,0,"199 km SSE of Vilyuchinsk, Russia",0.0
us6000qwfe,6.1,10.445,572,51.6041,160.0013,0,"183 km SE of Vilyuchinsk, Russia",0.0
us6000qwex,5.5,126.3,465,-58.926,-26.2034,0,South Sandwich Islands region,0.0
us6000qwes,5.3,10.0,432,51.1493,159.2897,0,"198 km ESE of Ozernovskiy, Russia",
us6000qweh,5.0,10.0,385,52.3976,160.7673,0,"162 km ESE of Petropavlovsk-Kamchatsky, Russia",
us6000qwed,5.1,10.0,400,52.5031,160.8273,0,"161 km ESE of Petropavlovsk-Kamchatsky, Russia",
us6000qwe5,5.0,66.239,385,49.6905,155.962,0,"110 km S of Severo-Kuril’sk, Russia",
us6000qwdk,5.3,10.0,432,51.4181,159.6997,0,"190 km SSE of Vilyuchinsk, Russia",
us6000qwdi,5.1,10.0,400,52.2962,160.7368,0,"166 km ESE of Petropavlovsk-Kamchatsky, Russia",
us6000qwd7,5.6,10.0,482,48.8612,156.301,0,"202 km S of Severo-Kuril’sk, Russia",0.0
us6000qwd6,5.2,80.443,416,44.5994,149.1718,0,"123 km SE of Kuril’sk, Russia",
us6000qwd4,5.0,18.834,385,51.3993,158.7285,0,"155 km E of Ozernovskiy, Russia",
us6000qwd1,5.0,10.0,385,-57.5127,157.3086,0,Macquarie Island region,
us6000qwcx,5.0,10.0,385,52.2029,160.3558,0,"151 km SE of Petropavlovsk-Kamchatsky, Russia",
us6000qwch,5.0,35.0,385,50.9755,157.8615,0,"111 km ESE of Ozernovskiy, Russia",
us6000qwcc,5.2,10.0,416,51.502,159.6566,0,"180 km SSE of Vilyuchinsk, Russia",
us6000qwc7,5.3,10.0,432,51.4757,159.519,0,"178 km SSE of Vilyuchinsk, Russia",
us6000qwbm,5.3,35.987,432,51.291,158.7914,0,"161 km E of Ozernovskiy, Russia",
us6000qwbi,5.4,10.0,449,51.376,159.6812,0,"193 km SSE of Vilyuchinsk, Russia",0.0
us6000qwbb,5.4,10.0,449,51.4188,158.7366,0,"155 km E of Ozernovskiy, Russia",0.0
us6000qwbd,5.2,35.0,416,52.5009,160.346,0,"131 km ESE of Petropavlovsk-Kamchatsky, Russia",
us6000r12b,5.0,10.0,385,51.0576,159.9783,0,"234 km SSE of Vilyuchinsk, Russia",
us6000qwb7,5.3,10.0,432,50.0903,157.3962,0,"111 km SE of Severo-Kuril’sk, Russia",
us6000qwb4,5.6,61.759,482,50.7377,157.8617,0,"122 km E of Severo-Kuril’sk, Russia",0.0
us6000qwb5,5.0,10.0,385,51.8831,160.1375,0,"165 km SE of Vilyuchinsk, Russia",
us6000qwaz,5.3,10.0,433,51.4833,159.9705,0,"193 km SSE of Vilyuchinsk, Russia",
us6000qwas,5.0,35.0,385,51.631,159.1432,0,"153 km SSE of Vilyuchinsk, Russia",
us6000qwd8,5.2,10.0,416,50.1538,157.9433,0,"141 km ESE of Severo-Kuril’sk, Russia",
us6000r1e5,5.0,37.597,385,51.0086,158.7706,0,"167 km ESE of Ozernovskiy, Russia",
us6000qwah,5.6,35.0,482,49.3297,156.5319,0,"152 km S of Severo-Kuril’sk, Russia",0.0
us6000qwai,5.1,10.0,400,50.2153,158.0272,0,"144 km ESE of Severo-Kuril’sk, Russia",
us6000qw9z,5.4,10.0,449,52.497,160.7237,0,"154 km ESE of Petropavlovsk-Kamchatsky, Russia",0.0
us6000qw9v,5.1,10.0,400,50.2924,158.1625,0,"150 km ESE of Severo-Kuril’sk, Russia",
us6000r11n,5.1,69.424,400,50.9447,158.2915,0,"139 km ESE of Ozernovskiy, Russia",
us6000qw94,5.5,35.0,465,51.8385,159.1797,0,"132 km SSE of Vilyuchinsk, Russia",0.0
us6000qwdd,5.0,35.0,385,50.8553,159.0797,0,"193 km ESE of Ozernovskiy, Russia",
us6000qw8v,5.4,10.0,449,49.6826,157.3207,0,"139 km SE of Severo-Kuril’sk, Russia",0.0
us6000qw92,5.3,10.0,432,52.7151,160.8644,0,"155 km ESE of Petropavlovsk-Kamchatsky, Russia",0.0
us6000r1gk,5.5,24.949,465,52.8756,160.8815,0,"152 km E of Petropavlovsk-Kamchatsky, Russia",0.0
us6000qw8r,5.5,35.0,465,51.7321,159.309,0,"146 km SSE of Vilyuchinsk, Russia",0.0
us6000r11i,5.2,10.0,416,51.1902,159.4949,0,"207 km SSE of Vilyuchinsk, Russia",
us6000qw8p,5.3,27.95,432,52.8384,160.9578,0,"158 km E of Petropavlovsk-Kamchatsky, Russia",0.0
us6000qw8h,5.1,10.0,400,52.2064,161.3435,0,"207 km ESE of Petropavlovsk-Kamchatsky, Russia",
us6000qw8c,5.2,10.0,416,49.2196,157.1683,0,"178 km SSE of Severo-Kuril’sk, Russia",
us6000r148,5.3,10.0,432,49.8278,157.4403,0,"132 km SE of Severo-Kuril’sk, Russia",
us6000qw87,5.9,37.52,536,50.6541,157.4441,0,"93 km E of Severo-Kuril’sk, Russia",0.0
us6000qw86,5.7,10.0,500,52.1134,162.0791,0,"256 km ESE of Petropavlovsk-Kamchatsky, Russia",0.0
us6000qw83,5.0,35.0,385,52.0961,159.2382,0,"108 km SSE of Vilyuchinsk, Russia",
us6000r149,5.2,35.0,416,51.4984,159.2461,0,"169 km SSE of Vilyuchinsk, Russia",
us6000qw82,5.0,10.0,385,52.913,160.9005,0,"153 km E of Petropavlovsk-Kamchatsky, Russia",
us6000r140,5.3,22.714,432,49.8017,157.3539,0,"130 km SE of Severo-Kuril’sk, Russia",
us6000qw7r,5.0,10.0,385,52.1106,160.5416,0,"167 km SE of Petropavlovsk-Kamchatsky, Russia",
us6000qw7l,5.3,35.0,432,51.6833,159.3075,0,"151 km SSE of Vilyuchinsk, Russia",0.0
us6000r1gf,5.1,10.0,400,52.1663,160.0372,0,"138 km SE of Petropavlovsk-Kamchatsky, Russia",
us6000qw7h,5.5,35.0,465,50.1868,157.2929,0,"99 km ESE of Severo-Kuril’sk, Russia",0.0
us6000qw7g,5.4,10.0,449,51.9929,160.593,0,"178 km SE of Petropavlovsk-Kamchatsky, Russia",0.0
us6000qw7f,5.6,35.0,482,51.0169,158.3088,0,"136 km ESE of Ozernovskiy, Russia",0.0
us6000r10z,5.0,23.56,385,51.6098,159.5587,0,"166 km SSE of Vilyuchinsk, Russia",
us6000r11z,5.1,35.0,400,51.6531,159.3432,0,"155 km SSE of Vilyuchinsk, Russia",
us6000r1gd,5.3,10.0,432,52.2594,158.0752,0,"78 km SSW of Vilyuchinsk, Russia",
us6000qw7d,5.4,10.0,449,52.5706,160.5659,0,"141 km ESE of Petropavlovsk-Kamchatsky, Russia",0.0
us6000r110,5.1,10.0,400,51.4337,159.5434,0,"183 km SSE of Vilyuchinsk, Russia",
us6000r1fm,5.0,35.0,385,51.0629,158.716,0,"161 km ESE of Ozernovskiy, Russia",
us6000qw7b,5.3,35.0,432,52.338,160.0971,0,"128 km SE of Petropavlovsk-Kamchatsky, Russia",0.0
us6000r1h9,5.0,35.0,385,52.062,159.6171,0,"127 km SE of Vilyuchinsk, Russia",
us6000qw78,5.2,50.573,416,50.7446,157.1493,0,"72 km E of Severo-Kuril’sk, Russia",
us6000r137,5.0,32.112,385,52.3284,160.0652,0,"127 km SE of Petropavlovsk-Kamchatsky, Russia",
us6000r1fn,5.1,46.083,400,51.1774,158.5719,0,"148 km ESE of Ozernovskiy, Russia",
us6000r10v,5.3,80.957,432,52.7348,158.8849,0,"39 km SE of Vilyuchinsk, Russia",
us6000qw75,5.7,35.0,500,51.6577,158.8083,0,"144 km S of Vilyuchinsk, Russia",0.0
us6000r1gl,5.0,35.0,385,51.734,159.5148,0,"153 km SSE of Vilyuchinsk, Russia",
us6000r10u,5.0,19.591,385,51.4017,159.6648,0,"190 km SSE of Vilyuchinsk, Russia",
us6000qw74,5.7,10.0,500,51.585,159.8996,0,"181 km SSE of Vilyuchinsk, Russia",0.0
us6000r130,5.3,65.747,432,49.7005,155.3961,0,"120 km SSW of Severo-Kuril’sk, Russia",
us6000qw73,5.1,38.813,400,51.5583,159.1846,0,"161 km SSE of Vilyuchinsk, Russia",0.0
us6000r10m,5.3,35.0,432,52.566,160.2341,0,"121 km ESE of Petropavlovsk-Kamchatsky, Russia",
us6000r10r,5.1,10.0,400,51.9332,161.3322,0,"222 km SE of Petropavlovsk-Kamchatsky, Russia",
us6000r12q,5.1,35.0,400,51.7491,159.0146,0,"137 km SSE of Vilyuchinsk, Russia",
us6000r10p,5.2,35.0,416,51.9108,159.2399,0,"126 km SSE of Vilyuchinsk, Russia",
us6000r10l,5.2,35.0,416,51.4871,159.1092,0,"167 km SSE of Vilyuchinsk, Russia",
us6000r10q,5.3,57.268,432,52.5351,159.2508,0,"72 km SE of Vilyuchinsk, Russia",
us6000qw6z,5.7,35.0,500,51.9131,159.255,0,"127 km SSE of Vilyuchinsk, Russia",0.0
us6000qw6y,5.4,35.0,449,52.3338,160.1487,0,"131 km SE of Petropavlovsk-Kamchatsky, Russia",0.0
us6000r12p,5.0,35.0,385,51.0322,158.4846,0,"147 km ESE of Ozernovskiy, Russia",
us6000r1eu,5.0,10.0,385,51.8231,160.2184,0,"174 km SE of Vilyuchinsk, Russia",
us6000r1d7,5.4,35.0,449,50.9849,158.6593,0,"161 km ESE of Ozernovskiy, Russia",0.0
us6000r1ga,5.2,35.0,416,51.8385,159.5442,0,"144 km SSE of Vilyuchinsk, Russia",
us6000r10i,5.3,35.0,432,51.0064,158.5045,0,"150 km ESE of Ozernovskiy, Russia",
us6000r10j,5.0,35.0,385,50.4486,157.5188,0,"101 km ESE of Severo-Kuril’sk, Russia",
us6000qw6s,6.2,35.0,591,52.1048,159.692,0,"126 km SE of Vilyuchinsk, Russia",0.0
us6000r12j,5.2,35.0,416,52.1516,159.7633,0,"126 km SE of Vilyuchinsk, Russia",
us6000r1em,5.8,25.681,518,51.7857,159.8227,0,"159 km SE of Vilyuchinsk, Russia",0.0
us6000qw6q,6.9,36.622,736,52.1946,159.8008,0,"125 km SE of Petropavlovsk-Kamchatsky, Russia",11202158.0
us6000r12i,5.0,35.0,385,51.6796,159.5076,0,"158 km SSE of Vilyuchinsk, Russia",
us6000r12g,5.2,35.0,416,51.6403,159.2254,0,"154 km SSE of Vilyuchinsk, Russia",
us6000r10h,5.1,35.0,400,51.9301,159.5625,0,"136 km SE of Vilyuchinsk, Russia",
us6000qw6r,5.2,10.0,416,52.0603,160.0392,0,"147 km SE of Petropavlovsk-Kamchatsky, Russia",
us6000r10g,5.2,35.0,416,50.3027,157.364,0,"97 km ESE of Severo-Kuril’sk, Russia",
us6000r0qd,5.1,27.618,400,49.1548,156.4018,0,"170 km S of Severo-Kuril’sk, Russia",
us6000qw6i,5.1,10.0,400,-57.7617,157.687,0,Macquarie Island region,
us6000r0pw,5.7,10.0,500,50.8049,158.7836,0,"177 km ESE of Ozernovskiy, Russia",0.0
us6000r0qf,5.2,10.0,416,50.4763,159.1169,0,"212 km E of Severo-Kuril’sk, Russia",
us6000r0pu,5.0,38.704,385,50.7772,158.3042,0,"149 km ESE of Ozernovskiy, Russia",
us6000r0py,5.4,35.0,449,51.4327,158.2852,0,"124 km E of Ozernovskiy, Russia",
us6000qw6m,5.4,35.0,449,52.6478,160.2382,0,"117 km ESE of Petropavlovsk-Kamchatsky, Russia",0.0
us6000r0qi,5.1,19.149,400,53.3099,159.2493,0,"49 km ENE of Petropavlovsk-Kamchatsky, Russia",
us6000qw6g,5.6,10.0,482,51.7599,160.1586,0,"176 km SE of Vilyuchinsk, Russia",0.0
us6000qwi3,5.7,35.0,500,49.4264,156.1591,0,"138 km S of Severo-Kuril’sk, Russia",0.0
us6000r0qh,5.0,10.0,385,51.8275,160.1908,0,"172 km SE of Vilyuchinsk, Russia",
us6000r0qb,5.4,10.0,449,51.6288,159.6054,0,"166 km SSE of Vilyuchinsk, Russia",0.0
us6000r0pv,5.4,39.461,449,50.8173,157.7211,0,"113 km E of Severo-Kuril’sk, Russia",0.0
us6000r0px,5.2,35.0,416,51.5974,159.1555,0,"157 km SSE of Vilyuchinsk, Russia",
us6000qwhh,5.7,10.0,500,49.2988,156.5191,0,"155 km S of Severo-Kuril’sk, Russia",0.0
us6000r0qg,5.8,10.0,518,51.0614,159.0547,0,"184 km ESE of Ozernovskiy, Russia",0.0
us6000r0ql,5.7,35.0,500,52.3144,159.5397,0,"103 km SE of Vilyuchinsk, Russia",0.0
us6000qwhj,6.0,35.0,554,51.5092,159.126,0,"165 km SSE of Vilyuchinsk, Russia",0.0
us6000r0qc,6.0,35.0,554,51.7541,158.2503,0,"124 km ENE of Ozernovskiy, Russia",0.0
us6000r0q2,5.9,35.0,536,51.8593,159.121,0,"128 km SSE of Vilyuchinsk, Russia",0.0
us6000r0xt,5.9,42.734,536,53.665,160.4312,0,"137 km ENE of Petropavlovsk-Kamchatsky, Russia",0.0
us6000r0xw,6.1,25.423,572,52.6498,159.5787,0,"78 km SE of Petropavlovsk-Kamchatsky, Russia",8.0
us6000r0y5,6.3,16.375,611,52.5195,159.7031,0,"94 km SE of Petropavlovsk-Kamchatsky, Russia",0.0
us6000qw60,8.8,35.0,2114,52.4948,160.2395,1,"2025 Kamchatka Peninsula, Russia Earthquake",10238972670.0
us6000qw5x,5.2,10.0,419,14.0537,-89.8537,0,"9 km SE of Comapa, Guatemala",336840.0
us6000qw59,5.7,10.0,656,14.0663,-89.8711,0,"6 km SE of Comapa, Guatemala",3035854.0
us6000qw58,5.6,11.913,701,14.0993,-89.791,0,"4 km WNW of Jerez, Guatemala",1022184.0
us6000qw1a,6.6,553.0,670,-23.4497,178.858,1,south of the Fiji Islands,0.0
us6000qw18,5.8,550.0,518,-23.5094,178.9624,0,south of the Fiji Islands,0.0
us6000qw06,5.0,10.0,385,9.357,93.9629,0,"288 km SSE of Port Blair, India",
us6000qvx9,5.2,10.0,416,16.5187,41.105,0,"110 km W of Farasān, Saudi Arabia",
us6000qvw7,5.1,10.0,400,-57.9029,157.8923,0,Macquarie Island region,
us6000qvuu,5.1,33.873,400,-57.6969,157.4795,0,Macquarie Island region,
us6000qvup,5.4,33.218,449,-57.9045,157.8263,0,Macquarie Island region,0.0
us6000qvuf,5.0,10.0,385,-57.8241,157.5828,0,Macquarie Island region,
us6000qvsl,5.3,34.854,432,-57.8059,157.7149,0,Macquarie Island region,0.0
us6000qz71,5.1,10.0,400,-57.7392,157.6493,0,Macquarie Island region,
us6000qvvp,5.8,10.0,518,-57.9072,157.6187,0,Macquarie Island region,0.0
us6000qvsf,7.0,31.0,754,-57.605,157.0388,1,Macquarie Island region,0.0
us6000qvpp,6.4,21.0,638,6.6907,93.0637,0,"264 km WNW of Sabang, Indonesia",0.0
us6000qvm7,5.2,10.0,423,-3.7409,29.2421,0,"33 km NW of Rumonge, Burundi",
us6000qvlw,5.1,10.0,400,52.811,160.611,0,"136 km ESE of Petropavlovsk-Kamchatsky, Russia",
us6000qvk1,5.0,10.0,385,27.483,52.6537,0,"24 km WSW of Mohr, Iran",
us6000qvjx,5.2,57.999,418,42.3044,143.0558,0,"20 km W of Hiroo, Japan",
us6000qvj6,5.3,10.0,432,64.5425,-17.2733,0,"104 km WNW of Höfn, Iceland",
us6000qvj2,5.3,83.0,447,54.0969,-166.602,1,"23 km N of Dutch Harbor, Alaska",0.0
us6000qvgz,5.2,10.0,416,-60.1114,-18.6513,0,east of the South Sandwich Islands,
us6000qvgw,5.6,10.0,482,-60.0878,-18.745,0,east of the South Sandwich Islands,
us6000qves,5.3,609.233,432,-5.697,124.2715,0,"186 km E of Baubau, Indonesia",
us6000qvdz,5.1,135.161,400,52.0667,178.2398,1,"Rat Islands, Aleutian Islands, Alaska",
us6000qvdh,5.0,10.0,385,-57.7122,157.7679,0,Macquarie Island region,
us6000qvd3,5.0,10.0,385,52.3235,160.747,0,"165 km ESE of Petropavlovsk-Kamchatsky, Russia",
us6000qvbw,6.2,17.0,591,-57.7718,157.7252,1,Macquarie Island region,0.0
us6000qv9s,5.0,23.423,385,52.4376,160.9047,0,"168 km ESE of Petropavlovsk-Kamchatsky, Russia",
us6000qv9l,5.6,10.0,483,-0.3955,131.5362,0,"61 km NNE of Sorong, Indonesia",0.0
us6000qv9g,5.3,89.851,432,51.6717,178.3992,1,"Rat Islands, Aleutian Islands, Alaska",0.0
us6000qv8s,5.0,10.0,385,52.6512,160.3204,0,"122 km ESE of Petropavlovsk-Kamchatsky, Russia",
us6000qv7n,5.8,80.0,518,2.0241,126.873,0,"130 km WNW of Tobelo, Indonesia",0.0
us6000qv3y,5.7,10.0,500,-55.3251,146.4375,0,west of Macquarie Island,0.0
us6000qv1b,6.2,10.0,592,-55.4066,146.5854,0,west of Macquarie Island,0.0
us6000qv1a,5.0,10.0,385,52.6158,160.694,0,"147 km ESE of Petropavlovsk-Kamchatsky, Russia",
us6000qv0l,5.3,246.909,432,18.8435,145.4266,0,"Pagan region, Northern Mariana Islands",
us6000quzc,5.1,35.0,400,-3.233,101.2736,0,"126 km WNW of Bengkulu, Indonesia",
us6000quyn,5.5,10.0,468,37.7163,-18.008,0,Azores-Cape St. Vincent Ridge,0.0
us6000quy1,6.6,314.151,670,-14.9093,-175.7016,1,"187 km SSE of Mata-Utu, Wallis and Futuna",0.0
us6000quxr,5.8,10.0,518,52.9584,161.0863,0,"165 km E of Petropavlovsk-Kamchatsky, Russia",0.0
us6000quxn,6.0,14.0,554,53.0151,161.0626,0,"163 km E of Petropavlovsk-Kamchatsky, Russia",0.0
us6000quqk,5.4,144.0,449,18.1939,145.684,0,"Pagan region, Northern Mariana Islands",0.0
us6000qun0,5.7,108.0,502,-4.2084,143.7515,0,"38 km WSW of Angoram, Papua New Guinea",0.0
us6000qulk,5.6,10.0,483,-2.0235,120.66,0,"69 km NNE of Masamba, Indonesia",41.0
us6000qulb,5.5,10.0,467,-1.9763,120.7566,0,"64 km S of Poso, Indonesia",13900.0
us6000qukc,5.0,10.0,385,52.2582,160.3396,0,"146 km SE of Petropavlovsk-Kamchatsky, Russia",
us6000quk3,5.3,112.694,432,-10.8927,166.0672,0,"34 km ESE of Lata, Solomon Islands",
us6000quiv,5.2,106.106,417,-22.1968,-68.648,0,"40 km NE of Calama, Chile",
us6000qugg,6.3,142.0,613,0.4411,122.0874,0,"109 km W of Gorontalo, Indonesia",0.0
us6000qufs,5.1,35.446,400,52.4804,160.0866,0,"117 km SE of Petropavlovsk-Kamchatsky, Russia",
us6000qucv,5.1,65.955,422,35.8797,23.5212,0,"44 km NNW of Kolympári, Greece",
us6000quc4,5.2,10.0,417,49.3239,82.3489,0,"52 km WSW of Asubulak, Kazakhstan",
us6000qubz,5.3,10.0,432,14.5639,53.7975,0,"210 km N of Qalansīyah, Yemen",
us6000qubl,5.2,10.0,416,-2.9867,130.2673,0,"148 km ENE of Masohi, Indonesia",0.0
us6000quaf,5.6,532.691,482,-23.4563,-179.9105,0,south of the Fiji Islands,0.0
us6000qu9h,5.4,28.0,449,52.8406,160.816,0,"149 km E of Petropavlovsk-Kamchatsky, Russia",0.0
us6000qu4k,5.0,10.0,385,52.3861,160.8244,0,"166 km ESE of Petropavlovsk-Kamchatsky, Russia",
us6000qu3r,5.0,38.505,385,-7.8025,118.8538,0,"74 km N of Bima, Indonesia",
us6000qu3m,5.0,10.0,385,52.4684,160.47,0,"140 km ESE of Petropavlovsk-Kamchatsky, Russia",
us6000qu3g,5.1,10.0,400,-4.688,-12.4335,0,north of Ascension Island,
us6000qu2t,5.0,10.0,385,52.9016,160.8517,0,"150 km E of Petropavlovsk-Kamchatsky, Russia",
us6000qu2u,5.5,10.0,465,-4.827,68.7987,0,Chagos Archipelago region,0.0
us6000qu22,5.0,10.0,385,52.6315,160.625,0,"142 km ESE of Petropavlovsk-Kamchatsky, Russia",
us6000qu1u,5.3,10.0,432,52.429,160.7348,0,"158 km ESE of Petropavlovsk-Kamchatsky, Russia",
us6000qu2r,6.0,12.308,554,52.4133,160.6453,0,"154 km ESE of Petropavlovsk-Kamchatsky, Russia",0.0
us6000qu1q,5.3,10.0,432,52.5395,160.7864,0,"156 km ESE of Petropavlovsk-Kamchatsky, Russia",0.0
us6000qtzg,5.0,49.643,385,51.2679,179.5187,0,"275 km WSW of Adak, Alaska",
us6000qtxw,5.0,26.619,385,52.1396,160.3689,0,"156 km SE of Petropavlovsk-Kamchatsky, Russia",
us6000qtxh,5.8,94.0,526,-5.8623,146.6039,0,"94 km ENE of Kainantu, Papua New Guinea",0.0
us6000qtxa,5.1,10.0,400,52.7939,160.5948,0,"135 km ESE of Petropavlovsk-Kamchatsky, Russia",
us7000qean,5.2,17.555,416,52.4567,160.6495,0,"152 km ESE of Petropavlovsk-Kamchatsky, Russia",
us7000qeak,5.0,10.0,385,52.2589,160.7648,0,"170 km ESE of Petropavlovsk-Kamchatsky, Russia",
us7000qeaf,5.0,10.0,385,52.8633,160.876,0,"152 km E of Petropavlovsk-Kamchatsky, Russia",
us7000qe8s,5.2,10.0,416,52.2504,160.3168,0,"145 km SE of Petropavlovsk-Kamchatsky, Russia",
us7000qe8m,5.2,37.794,416,52.5046,160.5912,0,"146 km ESE of Petropavlovsk-Kamchatsky, Russia",
us7000qe7h,5.0,10.0,385,52.3541,160.9316,0,"174 km ESE of Petropavlovsk-Kamchatsky, Russia",
us7000qe5a,5.1,10.0,400,52.8666,161.03,0,"162 km E of Petropavlovsk-Kamchatsky, Russia",
us7000qe51,6.2,40.0,605,54.6051,-159.8382,1,"91 km SSE of Sand Point, Alaska",0.0
us7000qe49,5.1,26.558,400,52.472,160.4989,0,"142 km ESE of Petropavlovsk-Kamchatsky, Russia",
us7000qe32,5.3,7.749,432,52.3119,160.7523,0,"166 km ESE of Petropavlovsk-Kamchatsky, Russia",
us7000qe30,5.5,10.0,465,52.8429,160.5055,0,"128 km ESE of Petropavlovsk-Kamchatsky, Russia",
us7000qe2t,5.1,10.0,400,52.7654,160.6993,0,"143 km ESE of Petropavlovsk-Kamchatsky, Russia",
us7000qe2h,5.2,10.0,416,52.4136,160.5695,0,"149 km ESE of Petropavlovsk-Kamchatsky, Russia",
us7000qe2c,5.2,10.0,416,52.2923,160.6074,0,"159 km ESE of Petropavlovsk-Kamchatsky, Russia",
us7000qe2b,5.1,10.0,400,52.7306,160.6623,0,"141 km ESE of Petropavlovsk-Kamchatsky, Russia",
us7000qe2a,5.2,10.0,416,52.404,160.49,0,"145 km ESE of Petropavlovsk-Kamchatsky, Russia",
us7000qe26,5.0,10.0,385,52.611,160.5691,0,"140 km ESE of Petropavlovsk-Kamchatsky, Russia",
us7000qe0e,5.2,10.0,416,52.8893,160.8106,0,"147 km E of Petropavlovsk-Kamchatsky, Russia",
us7000qe06,5.1,10.0,400,52.653,160.6257,0,"142 km ESE of Petropavlovsk-Kamchatsky, Russia",
us7000qdzs,5.2,10.0,416,-29.2558,-112.2399,0,Easter Island region,
us7000qdzg,5.0,10.0,385,52.8795,160.7762,0,"145 km E of Petropavlovsk-Kamchatsky, Russia",
us7000qdz8,5.9,10.0,536,52.9657,161.0597,0,"163 km E of Petropavlovsk-Kamchatsky, Russia",0.0
us7000qdz2,6.5,34.991,650,52.8915,160.7461,0,"143 km E of Petropavlovsk-Kamchatsky, Russia",3.0
us7000qdz7,5.3,10.0,432,52.8847,160.7586,0,"144 km E of Petropavlovsk-Kamchatsky, Russia",
us7000qdz0,5.7,10.0,500,52.7333,160.9824,0,"162 km ESE of Petropavlovsk-Kamchatsky, Russia",0.0
us7000qdzf,5.6,10.0,482,52.8415,161.0175,0,"162 km E of Petropavlovsk-Kamchatsky, Russia",0.0
us7000qdyw,6.6,10.0,671,52.6981,160.8332,0,"153 km ESE of Petropavlovsk-Kamchatsky, Russia",1.0
us7000qdyz,5.2,10.0,416,52.6878,160.4527,0,"129 km ESE of Petropavlovsk-Kamchatsky, Russia",
us7000qdyv,5.2,10.0,416,52.8616,160.7938,0,"147 km E of Petropavlovsk-Kamchatsky, Russia",
us6000qxd0,5.3,10.0,432,52.5592,160.812,0,"157 km ESE of Petropavlovsk-Kamchatsky, Russia",
us6000qxca,5.6,10.0,482,52.6641,160.7552,0,"150 km ESE of Petropavlovsk-Kamchatsky, Russia",0.0
us7000qdyl,7.4,34.0,2018,52.8301,160.6816,1,"2025 Eastern Kamchatka, Russia Earthquake",3364212631.0
us7000qdzh,5.2,10.0,416,52.846,160.9248,0,"156 km E of Petropavlovsk-Kamchatsky, Russia",
us7000qdye,6.6,23.0,671,52.9286,160.6233,1,"134 km E of Petropavlovsk-Kamchatsky, Russia",33.0
us7000qdy4,5.0,19.179,385,52.9166,160.7435,0,"143 km E of Petropavlovsk-Kamchatsky, Russia",
us7000qdxz,5.5,45.853,466,19.6495,121.5052,0,"100 km SSW of Basco, Philippines",0.0
us7000qdwb,5.1,10.0,406,36.821,54.9294,0,"30 km E of Qarnābād, Iran",21173.0
us7000qdw8,5.2,10.0,416,8.2601,-102.9954,0,northern East Pacific Rise,
us7000qduj,5.4,10.0,449,8.1924,127.5937,0,"127 km ENE of Kinablangan, Philippines",0.0
us7000qdue,5.6,10.0,482,8.3465,-103.0158,0,northern East Pacific Rise,0.0
us7000qdu5,5.4,10.0,449,8.515,-102.8357,0,northern East Pacific Rise,0.0
us7000qdrz,5.0,10.0,385,-0.6856,123.1922,0,"53 km ENE of Luwuk, Indonesia",
us7000qdlq,5.0,118.051,385,-56.1936,-28.0196,0,South Sandwich Islands region,
us7000qdl4,5.0,10.0,385,-27.4168,-175.1232,0,Kermadec Islands region,
us7000qdky,5.3,28.962,432,19.8236,121.3136,0,"97 km SW of Basco, Philippines",
us7000qdec,5.3,10.0,432,-23.1187,172.1235,0,southeast of the Loyalty Islands,
us7000qdeb,5.2,10.0,416,14.6227,55.9407,0,Owen Fracture Zone region,
us7000qde2,5.1,10.0,401,-19.1082,169.6775,0,"63 km NE of Isangel, Vanuatu",
us7000qddu,5.1,10.0,652,22.6707,95.9569,0,"28 km ENE of Shwebo, Burma (Myanmar)",1202702.0
us7000qddt,5.1,490.607,400,27.7547,139.7373,0,"Bonin Islands, Japan region",
us7000qdd4,5.1,10.0,400,13.0165,-90.9706,0,"102 km S of Puerto San José, Guatemala",
us7000qdd1,5.3,10.0,432,8.4441,58.5586,0,Carlsberg Ridge,
us7000qdcl,5.0,10.0,385,8.2715,58.4983,0,Carlsberg Ridge,
us7000qdaj,5.1,83.535,400,-24.2908,-69.552,0,"111 km SE of Antofagasta, Chile",
us7000qd9t,5.2,65.856,416,-0.1668,99.3304,0,"101 km WNW of Pariaman, Indonesia",
us7000qd85,5.1,10.0,400,-62.5712,166.9254,0,Balleny Islands region,
us7000qd6b,5.6,24.0,484,-10.1195,119.1925,0,"76 km S of Tambolaka, Indonesia",0.0
us7000qd66,5.0,37.867,385,-24.2938,-175.6366,0,south of Tonga,
us7000qd5x,5.1,31.869,400,-24.2993,-175.7043,0,south of Tonga,
us7000qd4n,5.6,35.0,482,54.5012,-160.1181,1,"96 km SSE of Sand Point, Alaska",0.0
us7000qd49,5.2,35.0,416,54.6162,-160.0357,1,"85 km SSE of Sand Point, Alaska",
us7000qd41,5.1,36.468,400,54.5747,-160.2217,1,"86 km SSE of Sand Point, Alaska",
us7000qd2q,5.2,20.875,417,54.4357,-160.1583,0,"102 km SSE of Sand Point, Alaska",
us7000qd56,5.4,43.905,449,54.5973,-159.8086,0,"93 km SSE of Sand Point, Alaska",0.0
us7000qd1y,7.3,38.0,962,54.5652,-160.4689,1,"2025 Sand Point, Alaska Earthquake",1109.0
us7000qd09,5.0,10.0,385,-7.3356,127.6745,0,"150 km NNE of Lospalos, Timor Leste",
us7000qd00,5.0,69.829,386,52.1732,-173.3679,1,"57 km E of Atka, Alaska",0.0
us7000qczj,5.2,98.872,416,-59.7372,-26.4457,0,South Sandwich Islands region,
us7000qcvv,5.2,10.0,416,-6.1833,142.3374,0,"77 km WSW of Tari, Papua New Guinea",
us7000qctd,5.8,8.0,518,83.2703,-33.136,0,near the north coast of Greenland,0.0
us7000qcrv,5.7,48.15,500,-30.0661,-177.9432,0,"Kermadec Islands, New Zealand",0.0
us7000qcqx,5.0,35.0,385,-20.5026,-174.28,0,"76 km S of Pangai, Tonga",
us7000qcqt,5.2,10.0,416,29.3332,129.4346,0,"99 km N of Tatsug?, Japan",
us7000qcqe,5.4,50.0,454,18.1482,120.6989,0,"2 km SW of Piddig, Philippines",0.0
us7000qcp2,5.8,74.0,518,46.5459,151.4305,0,Kuril Islands,0.0
us7000qcmt,5.1,10.0,400,-13.3198,-111.7371,0,central East Pacific Rise,
us7000qclp,6.2,10.0,592,6.1706,-82.7372,1,"206 km S of Burica, Panama",0.0
us7000qcky,5.0,10.0,385,-2.0582,120.7279,0,"70 km NE of Masamba, Indonesia",
us7000qcjp,5.0,10.0,385,55.6669,164.9884,0,"168 km ESE of Ust?-Kamchatsk Staryy, Russia",
us7000qcik,6.7,70.687,715,-6.2201,131.2331,1,"180 km WSW of Tual, Indonesia",0.0
us7000qcih,5.2,35.0,418,1.3313,126.566,0,"108 km WNW of Ternate, Indonesia",
us7000qcif,5.2,10.0,463,36.7449,-1.8443,0,"23 km E of San Jos?, Spain",
us7000qcft,5.1,31.808,400,7.1206,127.3934,0,"92 km ESE of Santiago, Philippines",
us7000qcet,5.2,10.771,416,9.3388,93.8813,0,"285 km SSE of Port Blair, India",0.0
us7000qceh,5.0,10.0,385,29.2619,129.4963,0,"90 km N of Tatsug?, Japan",
us7000qceg,5.0,10.0,385,29.3681,129.5346,0,"101 km N of Tatsug?, Japan",
us7000qcd8,5.3,32.428,441,-18.1332,168.3777,0,"44 km S of Port-Vila, Vanuatu",
us7000qcd6,5.0,182.238,385,-24.1879,-66.7496,0,"43 km W of San Antonio de los Cobres, Argentina",
us7000qc7q,5.3,222.473,432,-29.9747,-178.8097,0,"Kermadec Islands, New Zealand",
us7000qc6r,5.0,10.0,385,29.3935,129.4081,0,"106 km N of Tatsug?, Japan",
us7000qc58,5.1,10.0,400,-4.3587,132.5761,0,"141 km N of Tual, Indonesia",
us7000qc0q,5.0,59.324,385,3.1709,97.3212,0,"82 km SE of Blangpidie, Indonesia",
us7000qbz6,5.1,10.0,400,24.0592,125.9035,0,"100 km SE of Miyakojima, Japan",
us7000qbyc,5.1,10.0,400,-9.061,67.3253,0,Mid-Indian Ridge,
us7000qbsz,5.0,81.638,385,15.7167,-93.8596,0,"25 km SW of Doctor Belisario Dom?nguez (La Barra), Mexico",
us7000qbrz,5.0,122.615,388,-18.9676,-69.059,0,"54 km NE of Camiña, Chile",
us7000qbr5,5.2,182.007,416,-15.5549,-174.5243,0,"89 km WNW of Hihifo, Tonga",
us7000qbp5,5.0,10.0,386,-4.528,35.1204,0,"18 km SSE of Basotu, Tanzania",
us7000qbn2,5.2,575.164,416,-27.1666,-63.3263,0,"17 km SSW of El Hoyo, Argentina",
us7000qbk1,5.3,10.0,432,30.6514,140.162,0,"Izu Islands, Japan region",
us7000qbgp,5.1,79.767,403,-6.2841,104.7897,0,"107 km SSW of Bandar Lampung, Indonesia",0.0
us7000qbfv,5.7,10.0,768,14.4503,-90.6483,0,"3 km SSW of Amatitlán, Guatemala",33083120.0
us7000qbe5,5.2,10.0,416,-2.9618,147.5003,0,"105 km SSE of Lorengau, Papua New Guinea",
us7000qbe3,5.2,10.0,416,-3.0032,147.4676,0,"109 km SSE of Lorengau, Papua New Guinea",
us7000qbdr,5.1,10.0,400,3.1408,-31.3548,0,central Mid-Atlantic Ridge,
us7000qbc5,5.2,10.0,416,-3.1085,147.5224,0,"122 km SSE of Lorengau, Papua New Guinea",
us7000qbba,5.0,47.252,390,-13.6775,-76.4345,0,"25 km W of Pisco, Peru",
us7000qb4s,6.2,22.0,604,-47.1735,165.4962,0,"213 km WSW of Riverton, New Zealand",0.0
us7000qb4a,5.1,10.0,400,9.3716,93.9749,0,"287 km SSE of Port Blair, India",
us7000qb44,5.0,10.0,385,1.5784,66.8078,0,Carlsberg Ridge,
us7000qb29,5.0,133.058,385,-8.5233,118.3239,0,"15 km W of Dompu, Indonesia",
us7000qb20,5.5,10.0,465,-20.9353,-174.3501,0,"77 km NE of ‘Ohonua, Tonga",0.0
us7000qb08,5.2,10.0,417,-15.3245,-173.1934,0,"95 km NE of Hihifo, Tonga",
us7000qazs,5.1,10.0,401,-5.5489,-77.0114,0,"53 km N of Moyobamba, Peru",50.0
us7000qaza,5.0,40.859,385,43.6191,147.136,0,"38 km ESE of Shikotan, Russia",
us7000qaz4,5.3,114.179,433,-4.0744,141.92,0,"100 km W of Ambunti, Papua New Guinea",
us7000qayf,5.5,10.0,465,29.3813,129.5412,0,"103 km N of Tatsugō, Japan",0.0
us7000qaxz,5.1,10.0,400,-52.837,20.1006,0,south of Africa,
us7000qaxw,5.2,35.0,416,-30.4815,-177.9331,0,"Kermadec Islands, New Zealand",
us7000qavd,5.3,30.478,432,-22.7016,172.0886,0,southeast of the Loyalty Islands,
us7000qavc,5.5,10.0,465,6.2844,95.0881,0,"50 km NNW of Sabang, Indonesia",0.0
us7000qarl,5.4,10.0,449,29.3862,129.3214,0,"107 km NNW of Tatsugō, Japan",0.0
us7000qamr,5.6,10.0,483,-57.0542,-67.4161,0,"256 km SSE of Ushuaia, Argentina",0.0
us7000qalz,5.0,10.0,385,-14.5639,-76.5587,0,"83 km SSW of Paracas, Peru",
us7000qal5,5.2,10.0,416,6.0835,94.9874,0,"42 km WNW of Sabang, Indonesia",
us7000qaif,5.0,10.0,385,5.8287,61.4716,0,Carlsberg Ridge,
us7000qafs,5.1,10.0,400,-19.0717,168.8194,0,"71 km NW of Isangel, Vanuatu",
us7000qaeh,5.4,10.0,449,-62.5065,-158.8092,0,Pacific-Antarctic Ridge,0.0
us7000qae0,5.1,10.0,400,-22.6175,-174.8829,0,"141 km S of ‘Ohonua, Tonga",
us7000qadp,5.5,10.0,465,29.3808,129.4093,0,"104 km N of Tatsugō, Japan",0.0
us7000qade,5.0,552.378,385,-27.2389,-63.2084,0,"23 km S of El Hoyo, Argentina",
us7000qad7,5.4,194.757,450,-21.3567,-67.2971,0,"100 km E of Ollagüe, Chile",0.0
us7000qaby,5.3,10.0,432,-16.5707,175.6912,0,"220 km WNW of Lautoka, Fiji",
us7000qa92,5.2,35.0,416,-59.3685,-25.501,0,South Sandwich Islands region,
us7000qa7e,5.2,10.0,416,29.2946,129.2373,0,"100 km NNW of Tatsugō, Japan",
us7000qa5i,5.0,10.0,385,29.3086,129.2135,0,"102 km NNW of Tatsugō, Japan",
us7000qa5h,5.6,526.92,482,-17.6546,-178.9462,0,"189 km ENE of Levuka, Fiji",0.0
us7000qa5e,5.6,10.0,483,29.2518,129.1665,0,"98 km NNW of Tatsugō, Japan",0.0
us7000qa5c,5.0,10.0,385,29.1409,129.549,0,"76 km N of Tatsugō, Japan",
us7000qa56,5.3,10.0,432,29.2039,129.1728,0,"93 km NNW of Tatsugō, Japan",
us7000qa57,5.2,10.0,416,29.2307,129.268,0,"92 km NNW of Tatsugō, Japan",
us7000qa55,5.2,10.0,416,29.2292,129.1858,0,"95 km NNW of Tatsugō, Japan",
us7000qa52,5.1,10.0,400,28.9448,129.5135,0,"55 km N of Tatsugō, Japan",
us7000qa4b,5.4,10.0,449,-26.8607,-176.3594,0,south of the Fiji Islands,0.0
us7000qa3y,5.5,10.0,466,-33.6025,-72.5628,0,"88 km W of San Antonio, Chile",0.0
us7000qa1v,5.1,10.0,400,29.3444,129.4049,0,"100 km N of Tatsugō, Japan",
