mag,place,time,updated,tz,url,detail,felt,cdi,mmi,alert,status,tsunami,sig,net,code,ids,sources,types,nst,dmin,rms,gap,magType,type,title,longitude,latitude,depth,event_id,date_time,year,month,day,hour,Damage_Level,felt_log,cdi_imputed,felt_log_imputed
4.54,"8 km SSE of Deep Springs, CA",1751164678310,1782701289929,,https://earthquake.usgs.gov/earthquakes/eventpage/nc75202001,https://earthquake.usgs.gov/fdsnws/event/1/query?eventid=nc75202001&format=geojson,139.0,3.4,4.456,green,reviewed,0,364,nc,75202001,",ew1751164680,nc75202001,us7000q9g4,nn00899682,",",ew,nc,us,nn,",",dyfi,event-sequence,focal-mechanism,losspager,moment-tensor,nearby-cities,oaf,origin,phase-data,scitech-link,shake-alert,shakemap,",65.0,0.3013,0.1,69.0,mw,earthquake,"M 4.5 - 8 km SSE of Deep Springs, CA",-117.920666666667,37.316,11.6,nc75202001,2025-06-29 02:37:58.310000+00:00,2025,6,29,2,Faible,4.941642422609304,3.4,4.941642422609304
5.4,"98 km NNW of Tatsugō, Japan",1751159725559,1757018401040,,https://earthquake.usgs.gov/earthquakes/eventpage/us7000q9fs,https://earthquake.usgs.gov/fdsnws/event/1/query?eventid=us7000q9fs&format=geojson,,,4.712,green,reviewed,0,449,us,7000q9fs,",usauto7000q9fs,us7000q9fs,",",usauto,us,",",internal-moment-tensor,losspager,origin,phase-data,shakemap,",76.0,2.396,0.91,33.0,mww,earthquake,"M 5.4 - 98 km NNW of Tatsugō, Japan",129.3422,29.3062,10.0,us7000q9fs,2025-06-29 01:15:25.559000+00:00,2025,6,29,1,Faible,,4.1,2.5649493574615367
5.2,"56 km NNE of Barkhan, Pakistan",1751149440294,1757018401040,,https://earthquake.usgs.gov/earthquakes/eventpage/us7000q9f3,https://earthquake.usgs.gov/fdsnws/event/1/query?eventid=us7000q9f3&format=geojson,4.0,8.6,6.342,green,reviewed,0,419,us,7000q9f3,",us7000q9f3,usauto7000q9f3,",",us,usauto,",",dyfi,ground-failure,impact-text,internal-moment-tensor,losspager,origin,phase-data,shakemap,",107.0,4.191,0.92,72.0,mww,earthquake,"M 5.2 - 56 km NNE of Barkhan, Pakistan",69.7968,30.3495,10.0,us7000q9f3,2025-06-28 22:24:00.294000+00:00,2025,6,28,22,Faible,1.6094379124341003,8.6,1.6094379124341003
6.6,Scotia Sea,1751099540957,1757018401040,,https://earthquake.usgs.gov/earthquakes/eventpage/us7000q9b5,https://earthquake.usgs.gov/fdsnws/event/1/query?eventid=us7000q9b5&format=geojson,,,0.0,green,reviewed,1,670,us,7000q9b5,",pt25179001,at00syk51t,usauto7000q9b5,us7000q9b5,",",pt,at,usauto,us,",",impact-link,internal-moment-tensor,internal-origin,losspager,moment-tensor,origin,phase-data,shakemap,",135.0,6.844,0.63,52.0,mww,earthquake,M 6.6 - Scotia Sea,-38.9672,-60.9793,10.0,us7000q9b5,2025-06-28 08:32:20.957000+00:00,2025,6,28,8,Faible,,4.1,2.5649493574615367
5.5,"161 km NNW of Houma, Tonga",1751084228545,1757018400040,,https://earthquake.usgs.gov/earthquakes/eventpage/us7000q99p,https://earthquake.usgs.gov/fdsnws/event/1/query?eventid=us7000q99p&format=geojson,,,3.002,green,reviewed,0,465,us,7000q99p,",usauto7000q99p,pt25179000,us7000q99p,",",usauto,pt,us,",",internal-moment-tensor,internal-origin,losspager,moment-tensor,origin,phase-data,shakemap,",75.0,5.527,1.07,74.0,mww,earthquake,"M 5.5 - 161 km NNW of Houma, Tonga",-176.0335,-19.8818,229.0,us7000q99p,2025-06-28 04:17:08.545000+00:00,2025,6,28,4,Faible,,4.1,2.5649493574615367
6.0,"65 km E of Sarangani, Philippines",1751065630371,1757018400040,,https://earthquake.usgs.gov/earthquakes/eventpage/us7000q97d,https://earthquake.usgs.gov/fdsnws/event/1/query?eventid=us7000q97d&format=geojson,64.0,6.2,5.092,green,reviewed,0,594,us,7000q97d,",us7000q97d,usauto7000q97d,at00syjevy,pt25178000,",",us,usauto,at,pt,",",dyfi,ground-failure,impact-text,internal-moment-tensor,internal-origin,losspager,moment-tensor,origin,phase-data,shakemap,",131.0,0.787,0.99,19.0,mww,earthquake,"M 6.0 - 65 km E of Sarangani, Philippines",126.0425,5.2888,99.77,us7000q97d,2025-06-27 23:07:10.371000+00:00,2025,6,27,23,Faible,4.174387269895637,6.2,4.174387269895637
6.2,southern Mid-Atlantic Ridge,1750889773700,1757018399040,,https://earthquake.usgs.gov/earthquakes/eventpage/us7000q8tw,https://earthquake.usgs.gov/fdsnws/event/1/query?eventid=us7000q8tw&format=geojson,0.0,1.0,0.0,green,reviewed,0,591,us,7000q8tw,",us7000q8tw,usauto7000q8tw,",",us,usauto,",",dyfi,internal-moment-tensor,losspager,moment-tensor,origin,phase-data,shakemap,",131.0,4.044,0.87,53.0,mww,earthquake,M 6.2 - southern Mid-Atlantic Ridge,-17.0441,-35.7221,10.0,us7000q8tw,2025-06-25 22:16:13.700000+00:00,2025,6,25,22,Faible,0.0,1.0,0.0
5.4,"276 km SSE of Port Blair, India",1750815208230,1757018397040,,https://earthquake.usgs.gov/earthquakes/eventpage/us7000q8l7,https://earthquake.usgs.gov/fdsnws/event/1/query?eventid=us7000q8l7&format=geojson,1.0,2.0,3.67,green,reviewed,0,449,us,7000q8l7,",us7000q8l7,usauto7000q8l7,",",us,usauto,",",dyfi,internal-moment-tensor,losspager,origin,phase-data,shakemap,",150.0,5.162,0.94,45.0,mww,earthquake,"M 5.4 - 276 km SSE of Port Blair, India",93.8934,9.4363,10.0,us7000q8l7,2025-06-25 01:33:28.230000+00:00,2025,6,25,1,Faible,0.6931471805599453,2.0,0.6931471805599453
5.7,"77 km NNE of Punta Cana, Dominican Republic",1750733143620,1782269749004,,https://earthquake.usgs.gov/earthquakes/eventpage/pr2025175000,https://earthquake.usgs.gov/fdsnws/event/1/query?eventid=pr2025175000&format=geojson,1340.0,6.0,4.39,green,reviewed,0,1100,pr,2025175000,",pt25175001,us7000q8bs,pr2025175000,",",pt,us,pr,",",dyfi,event-sequence,losspager,moment-tensor,oaf,origin,phase-data,shakemap,",26.0,0.7606,0.62,189.0,mw,earthquake,"M 5.7 - 77 km NNE of Punta Cana, Dominican Republic",-68.1103,19.2245,68.0,pr2025175000,2025-06-24 02:45:43.620000+00:00,2025,6,24,2,Faible,7.201170883281678,6.0,7.201170883281678
5.5,"95 km SE of Kirakira, Solomon Islands",1750730321616,1756848222040,,https://earthquake.usgs.gov/earthquakes/eventpage/us7000q8be,https://earthquake.usgs.gov/fdsnws/event/1/query?eventid=us7000q8be&format=geojson,,,4.604,green,reviewed,0,465,us,7000q8be,",usauto7000q8be,us7000q8be,",",usauto,us,",",internal-moment-tensor,losspager,moment-tensor,origin,phase-data,shakemap,",162.0,3.041,0.57,40.0,mww,earthquake,"M 5.5 - 95 km SE of Kirakira, Solomon Islands",162.6253,-10.9655,39.859,us7000q8be,2025-06-24 01:58:41.616000+00:00,2025,6,24,1,Faible,,4.1,2.5649493574615367
6.2,east of the Philippine Islands,1750730286248,1756848222040,,https://earthquake.usgs.gov/earthquakes/eventpage/us7000q8bd,https://earthquake.usgs.gov/fdsnws/event/1/query?eventid=us7000q8bd&format=geojson,14.0,3.4,0.0,green,reviewed,0,596,us,7000q8bd,",us7000q8bd,at00syc851,pt25175000,",",us,at,pt,",",dyfi,internal-origin,losspager,moment-tensor,origin,phase-data,shakemap,",238.0,4.436,0.67,15.0,mww,earthquake,M 6.2 - east of the Philippine Islands,129.9606,7.9765,10.0,us7000q8bd,2025-06-24 01:58:06.248000+00:00,2025,6,24,1,Faible,2.70805020110221,3.4,2.70805020110221
5.4,"34 km NNW of Dededo Village, Guam",1750706066214,1782242675732,,https://earthquake.usgs.gov/earthquakes/eventpage/us7000q89a,https://earthquake.usgs.gov/fdsnws/event/1/query?eventid=us7000q89a&format=geojson,12.0,3.4,3.727,green,reviewed,0,453,us,7000q89a,",us7000q89a,usauto7000q89a,",",us,usauto,",",dyfi,event-sequence,internal-moment-tensor,losspager,moment-tensor,oaf,origin,phase-data,shakemap,",118.0,0.27,0.87,55.0,mww,earthquake,"M 5.4 - 34 km NNW of Dededo Village, Guam",144.6729,13.7816,146.154,us7000q89a,2025-06-23 19:14:26.214000+00:00,2025,6,23,19,Faible,2.5649493574615367,3.4,2.5649493574615367
3.6,"38 km SSW of Skwentna, Alaska",1750630026085,1756848221040,,https://earthquake.usgs.gov/earthquakes/eventpage/ak0257yh436m,https://earthquake.usgs.gov/fdsnws/event/1/query?eventid=ak0257yh436m&format=geojson,2.0,3.1,2.907,green,reviewed,0,200,ak,0257yh436m,",ak0257yh436m,us6000qlut,",",ak,us,",",dyfi,losspager,moment-tensor,origin,phase-data,shakemap,",,,0.74,,ml,earthquake,"M 3.6 - 38 km SSW of Skwentna, Alaska",-151.7804,61.6946,94.0,ak0257yh436m,2025-06-22 22:07:06.085000+00:00,2025,6,22,22,Faible,1.0986122886681098,3.1,1.0986122886681098
6.0,"82 km SE of Nemuro, Japan",1750540998562,1756848220040,,https://earthquake.usgs.gov/earthquakes/eventpage/us6000qlnz,https://earthquake.usgs.gov/fdsnws/event/1/query?eventid=us6000qlnz&format=geojson,1.0,2.2,4.449,green,reviewed,0,554,us,6000qlnz,",us6000qlnz,usauto6000qlnz,pt25172000,at00sy862x,",",us,usauto,pt,at,",",dyfi,ground-failure,internal-moment-tensor,internal-origin,losspager,moment-tensor,origin,phase-data,shakemap,",134.0,2.558,0.65,59.0,mww,earthquake,"M 6.0 - 82 km SE of Nemuro, Japan",146.4037,42.8951,18.0,us6000qlnz,2025-06-21 21:23:18.562000+00:00,2025,6,21,21,Faible,0.6931471805599453,2.2,0.6931471805599453
5.5,"42 km N of Finschhafen, Papua New Guinea",1750351062503,1756848218040,,https://earthquake.usgs.gov/earthquakes/eventpage/us6000ql8u,https://earthquake.usgs.gov/fdsnws/event/1/query?eventid=us6000ql8u&format=geojson,,,4.409,green,reviewed,0,465,us,6000ql8u,",usauto6000ql8u,us6000ql8u,",",usauto,us,",",internal-moment-tensor,losspager,moment-tensor,origin,phase-data,shakemap,",104.0,3.286,0.8,19.0,mww,earthquake,"M 5.5 - 42 km N of Finschhafen, Papua New Guinea",147.856,-6.171,37.0,us6000ql8u,2025-06-19 16:37:42.503000+00:00,2025,6,19,16,Faible,,4.1,2.5649493574615367
5.9,"84 km ESE of Nemuro, Japan",1750288086586,1756848218040,,https://earthquake.usgs.gov/earthquakes/eventpage/us6000ql4i,https://earthquake.usgs.gov/fdsnws/event/1/query?eventid=us6000ql4i&format=geojson,1.0,1.0,4.356,green,reviewed,0,536,us,6000ql4i,",us6000ql4i,usauto6000ql4i,pt25169001,",",us,usauto,pt,",",dyfi,internal-moment-tensor,internal-origin,losspager,moment-tensor,origin,phase-data,shakemap,",322.0,2.625,0.61,61.0,mww,earthquake,"M 5.9 - 84 km ESE of Nemuro, Japan",146.4787,42.9403,19.0,us6000ql4i,2025-06-18 23:08:06.586000+00:00,2025,6,18,23,Faible,0.6931471805599453,1.0,0.6931471805599453
5.4,"232 km SW of Riverton, New Zealand",1750258314114,1756848218040,,https://earthquake.usgs.gov/earthquakes/eventpage/us6000ql15,https://earthquake.usgs.gov/fdsnws/event/1/query?eventid=us6000ql15&format=geojson,,,3.286,green,reviewed,0,449,us,6000ql15,",usauto6000ql15,us6000ql15,",",usauto,us,",",internal-moment-tensor,losspager,moment-tensor,origin,phase-data,shakemap,",56.0,1.619,0.45,98.0,mww,earthquake,"M 5.4 - 232 km SW of Riverton, New Zealand",165.542,-47.5843,10.0,us6000ql15,2025-06-18 14:51:54.114000+00:00,2025,6,18,14,Faible,,4.1,2.5649493574615367
5.4,"22 km S of Puerto El Triunfo, El Salvador",1750247844407,1756848217040,,https://earthquake.usgs.gov/earthquakes/eventpage/us6000ql02,https://earthquake.usgs.gov/fdsnws/event/1/query?eventid=us6000ql02&format=geojson,20.0,4.7,4.502,green,reviewed,0,458,us,6000ql02,",us6000ql02,usauto6000ql02,",",us,usauto,",",dyfi,internal-moment-tensor,losspager,moment-tensor,origin,phase-data,shakemap,",143.0,0.457,0.99,133.0,mww,earthquake,"M 5.4 - 22 km S of Puerto El Triunfo, El Salvador",-88.5694,13.0775,79.464,us6000ql02,2025-06-18 11:57:24.407000+00:00,2025,6,18,11,Faible,3.044522437723423,4.7,3.044522437723423
5.8,"123 km SW of El Palmarcito, Mexico",1750240162518,1756848217040,,https://earthquake.usgs.gov/earthquakes/eventpage/us6000qkzh,https://earthquake.usgs.gov/fdsnws/event/1/query?eventid=us6000qkzh&format=geojson,1.0,2.0,3.786,green,reviewed,0,518,us,6000qkzh,",us6000qkzh,usauto6000qkzh,pt25169000,at00sy1pyi,",",us,usauto,pt,at,",",dyfi,internal-moment-tensor,internal-origin,losspager,moment-tensor,origin,phase-data,shakemap,",266.0,1.825,0.78,124.0,mww,earthquake,"M 5.8 - 123 km SW of El Palmarcito, Mexico",-94.0883,14.7728,9.0,us6000qkzh,2025-06-18 09:49:22.518000+00:00,2025,6,18,9,Faible,0.6931471805599453,2.0,0.6931471805599453
5.6,"37 km WSW of Callao, Peru",1750005329241,1786988589466,,https://earthquake.usgs.gov/earthquakes/eventpage/us6000qkg7,https://earthquake.usgs.gov/fdsnws/event/1/query?eventid=us6000qkg7&format=geojson,194.0,5.4,5.748,yellow,reviewed,0,755,us,6000qkg7,",us6000qkg7,usauto6000qkg7,",",us,usauto,",",dyfi,ground-failure,impact-text,internal-moment-tensor,losspager,moment-tensor,origin,phase-data,shakemap,",102.0,0.617,1.04,44.0,mww,earthquake,"M 5.6 - 37 km WSW of Callao, Peru",-77.4434,-12.1764,40.0,us6000qkg7,2025-06-15 16:35:29.241000+00:00,2025,6,15,16,Modéré,5.272999558563747,5.4,5.272999558563747
5.3,Carlsberg Ridge,1749900725319,1755894360040,,https://earthquake.usgs.gov/earthquakes/eventpage/us6000qka3,https://earthquake.usgs.gov/fdsnws/event/1/query?eventid=us6000qka3&format=geojson,,,0.0,green,reviewed,0,432,us,6000qka3,",usauto6000qka3,us6000qka3,",",usauto,us,",",internal-moment-tensor,losspager,origin,phase-data,shakemap,",77.0,6.396,0.83,54.0,mww,earthquake,M 5.3 - Carlsberg Ridge,66.8265,2.2015,10.0,us6000qka3,2025-06-14 11:32:05.319000+00:00,2025,6,14,11,Faible,,4.1,2.5649493574615367
5.6,southern East Pacific Rise,1749883413708,1755894360040,,https://earthquake.usgs.gov/earthquakes/eventpage/us6000qk90,https://earthquake.usgs.gov/fdsnws/event/1/query?eventid=us6000qk90&format=geojson,,,0.0,green,reviewed,0,482,us,6000qk90,",usauto6000qk90,us6000qk90,",",usauto,us,",",internal-moment-tensor,losspager,moment-tensor,origin,phase-data,shakemap,",76.0,30.75,0.52,158.0,mww,earthquake,M 5.6 - southern East Pacific Rise,-110.5689,-36.5978,10.0,us6000qk90,2025-06-14 06:43:33.708000+00:00,2025,6,14,6,Faible,,4.1,2.5649493574615367
5.7,southern East Pacific Rise,1749870659726,1755894360040,,https://earthquake.usgs.gov/earthquakes/eventpage/us6000qk7h,https://earthquake.usgs.gov/fdsnws/event/1/query?eventid=us6000qk7h&format=geojson,,,0.0,green,reviewed,0,500,us,6000qk7h,",usauto6000qk7h,us6000qk7h,",",usauto,us,",",internal-moment-tensor,losspager,moment-tensor,origin,phase-data,shakemap,",56.0,30.196,0.94,117.0,mww,earthquake,M 5.7 - southern East Pacific Rise,-110.8137,-36.397,10.0,us6000qk7h,2025-06-14 03:10:59.726000+00:00,2025,6,14,3,Faible,,4.1,2.5649493574615367
6.0,Kuril Islands,1749839714935,1755894360040,,https://earthquake.usgs.gov/earthquakes/eventpage/us6000qk4v,https://earthquake.usgs.gov/fdsnws/event/1/query?eventid=us6000qk4v&format=geojson,,,3.872,green,reviewed,0,554,us,6000qk4v,",us6000qk4v,usauto6000qk4v,pt25164000,",",us,usauto,pt,",",ground-failure,internal-moment-tensor,internal-origin,losspager,moment-tensor,origin,phase-data,shakemap,",241.0,7.392,1.1,23.0,mww,earthquake,M 6.0 - Kuril Islands,153.426,46.1842,35.0,us6000qk4v,2025-06-13 18:35:14.935000+00:00,2025,6,13,18,Faible,,4.1,2.5649493574615367
4.08,"51 km WNW of Petrolia, CA",1749800687750,1755894360040,,https://earthquake.usgs.gov/earthquakes/eventpage/nc75195021,https://earthquake.usgs.gov/fdsnws/event/1/query?eventid=nc75195021&format=geojson,47.0,4.7,3.1,green,reviewed,0,278,nc,75195021,",ew1749800690,nc75195021,us6000qk1l,",",ew,nc,us,",",dyfi,focal-mechanism,losspager,moment-tensor,nearby-cities,origin,phase-data,scitech-link,shake-alert,shakemap,",185.0,0.4142,0.3,230.0,mw,earthquake,"M 4.1 - 51 km WNW of Petrolia, CA",-124.881,40.3341666666667,8.99,nc75195021,2025-06-13 07:44:47.750000+00:00,2025,6,13,7,Faible,3.871201010907891,4.7,3.871201010907891
3.39,"10 km SSW of Volcano, Hawaii",1749765509090,1755894360040,,https://earthquake.usgs.gov/earthquakes/eventpage/hv74696217,https://earthquake.usgs.gov/fdsnws/event/1/query?eventid=hv74696217&format=geojson,11.0,3.7,4.088,green,reviewed,0,181,hv,74696217,",us6000qjy7,hv74696217,",",us,hv,",",dyfi,losspager,origin,phase-data,shakemap,",64.0,0.01922,0.12,62.0,ml,earthquake,"M 3.4 - 10 km SSW of Volcano, Hawaii",-155.272666666667,19.3543333333333,30.58,hv74696217,2025-06-12 21:58:29.090000+00:00,2025,6,12,21,Faible,2.4849066497880004,3.7,2.4849066497880004
5.5,Pacific-Antarctic Ridge,1749708866535,1755894359040,,https://earthquake.usgs.gov/earthquakes/eventpage/us6000qjrq,https://earthquake.usgs.gov/fdsnws/event/1/query?eventid=us6000qjrq&format=geojson,,,0.0,green,reviewed,0,465,us,6000qjrq,",us6000qjrq,",",us,",",losspager,moment-tensor,origin,phase-data,shakemap,",47.0,17.194,0.59,116.0,mww,earthquake,M 5.5 - Pacific-Antarctic Ridge,-164.4234,-63.2081,10.0,us6000qjrq,2025-06-12 06:14:26.535000+00:00,2025,6,12,6,Faible,,4.1,2.5649493574615367
5.7,Pacific-Antarctic Ridge,1749704306463,1755894359040,,https://earthquake.usgs.gov/earthquakes/eventpage/us6000qjr3,https://earthquake.usgs.gov/fdsnws/event/1/query?eventid=us6000qjr3&format=geojson,,,0.0,green,reviewed,0,500,us,6000qjr3,",usauto6000qjr3,us6000qjr3,",",usauto,us,",",internal-moment-tensor,losspager,moment-tensor,origin,phase-data,shakemap,",61.0,17.268,1.27,60.0,mww,earthquake,M 5.7 - Pacific-Antarctic Ridge,-163.7581,-63.2412,10.0,us6000qjr3,2025-06-12 04:58:26.463000+00:00,2025,6,12,4,Faible,,4.1,2.5649493574615367
4.4,"75 km NW of Fort St. John, Canada",1749666507371,1755894358040,,https://earthquake.usgs.gov/earthquakes/eventpage/us6000qjm5,https://earthquake.usgs.gov/fdsnws/event/1/query?eventid=us6000qjm5&format=geojson,7.0,4.3,4.47,green,reviewed,0,301,us,6000qjm5,",us6000qjm5,",",us,",",dyfi,losspager,moment-tensor,origin,phase-data,shakemap,",193.0,0.74,0.5,19.0,mwr,earthquake,"M 4.4 - 75 km NW of Fort St. John, Canada",-121.6934,56.7419,10.744,us6000qjm5,2025-06-11 18:28:27.371000+00:00,2025,6,11,18,Faible,2.0794415416798357,4.3,2.0794415416798357
5.9,"67 km S of Hualien City, Taiwan",1749639628001,1755894358040,,https://earthquake.usgs.gov/earthquakes/eventpage/us6000qjj5,https://earthquake.usgs.gov/fdsnws/event/1/query?eventid=us6000qjj5&format=geojson,63.0,4.7,5.447,green,reviewed,0,565,us,6000qjj5,",us6000qjj5,usauto6000qjj5,pt25162000,",",us,usauto,pt,",",dyfi,ground-failure,internal-moment-tensor,internal-origin,losspager,moment-tensor,origin,phase-data,shakemap,",219.0,0.301,0.92,30.0,mww,earthquake,"M 5.9 - 67 km S of Hualien City, Taiwan",121.6239,23.3659,29.331,us6000qjj5,2025-06-11 11:00:28.001000+00:00,2025,6,11,11,Faible,4.1588830833596715,4.7,4.1588830833596715
3.9,"25 km ESE of Skwentna, Alaska",1749558499897,1761337088366,,https://earthquake.usgs.gov/earthquakes/eventpage/ak0257egu4bq,https://earthquake.usgs.gov/fdsnws/event/1/query?eventid=ak0257egu4bq&format=geojson,552.0,3.4,3.784,green,reviewed,0,422,ak,0257egu4bq,",ak0257egu4bq,us6000qjck,",",ak,us,",",dyfi,losspager,moment-tensor,origin,phase-data,shakemap,",,,0.76,,mwr,earthquake,"M 3.9 - 25 km ESE of Skwentna, Alaska",-150.9481,61.902,15.5,ak0257egu4bq,2025-06-10 12:28:19.897000+00:00,2025,6,10,12,Faible,6.315358001522335,3.4,6.315358001522335
3.7,"57 km S of Whites City, New Mexico",1749535363507,1755706140040,,https://earthquake.usgs.gov/earthquakes/eventpage/tx2025lgul,https://earthquake.usgs.gov/fdsnws/event/1/query?eventid=tx2025lgul&format=geojson,4.0,3.9,4.204,green,reviewed,0,212,tx,2025lgul,",tx2025lgul,us6000qjan,",",tx,us,",",dyfi,losspager,moment-tensor,origin,phase-data,shakemap,",42.0,0.0,0.2,67.0,ml,earthquake,"M 3.7 - 57 km S of Whites City, New Mexico",-104.297,31.658,6.9458,tx2025lgul,2025-06-10 06:02:43.507000+00:00,2025,6,10,6,Faible,1.6094379124341003,3.9,1.6094379124341003
5.6,South Sandwich Islands region,1749528440359,1755706139040,,https://earthquake.usgs.gov/earthquakes/eventpage/us6000qja6,https://earthquake.usgs.gov/fdsnws/event/1/query?eventid=us6000qja6&format=geojson,,,3.091,green,reviewed,0,482,us,6000qja6,",usauto6000qja6,us6000qja6,",",usauto,us,",",internal-moment-tensor,losspager,moment-tensor,origin,phase-data,shakemap,",144.0,5.003,0.44,43.0,mww,earthquake,M 5.6 - South Sandwich Islands region,-28.0375,-55.3523,11.592,us6000qja6,2025-06-10 04:07:20.359000+00:00,2025,6,10,4,Faible,,4.1,2.5649493574615367
5.4,South Sandwich Islands region,1749527165728,1755706139040,,https://earthquake.usgs.gov/earthquakes/eventpage/us6000qj9w,https://earthquake.usgs.gov/fdsnws/event/1/query?eventid=us6000qj9w&format=geojson,,,3.071,green,reviewed,0,449,us,6000qj9w,",usauto6000qj9w,us6000qj9w,",",usauto,us,",",internal-moment-tensor,losspager,origin,phase-data,shakemap,",145.0,4.946,0.63,27.0,mww,earthquake,M 5.4 - South Sandwich Islands region,-28.168,-55.4483,15.227,us6000qj9w,2025-06-10 03:46:05.728000+00:00,2025,6,10,3,Faible,,4.1,2.5649493574615367
5.5,western Indian-Antarctic Ridge,1749418088469,1755706138040,,https://earthquake.usgs.gov/earthquakes/eventpage/us6000qj0l,https://earthquake.usgs.gov/fdsnws/event/1/query?eventid=us6000qj0l&format=geojson,1.0,0.0,0.0,green,reviewed,0,465,us,6000qj0l,",us6000qj0l,",",us,",",dyfi,losspager,moment-tensor,origin,phase-data,shakemap,",96.0,14.975,0.89,29.0,mww,earthquake,M 5.5 - western Indian-Antarctic Ridge,115.9579,-47.8884,10.0,us6000qj0l,2025-06-08 21:28:08.469000+00:00,2025,6,8,21,Faible,0.6931471805599453,0.0,0.6931471805599453
5.9,western Indian-Antarctic Ridge,1749417306129,1755706138040,,https://earthquake.usgs.gov/earthquakes/eventpage/us6000qj0h,https://earthquake.usgs.gov/fdsnws/event/1/query?eventid=us6000qj0h&format=geojson,,,0.0,green,reviewed,0,536,us,6000qj0h,",usauto6000qj0h,at00sxk319,pt25159001,us6000qj0h,",",usauto,at,pt,us,",",internal-moment-tensor,internal-origin,losspager,moment-tensor,origin,phase-data,shakemap,",120.0,12.972,0.84,36.0,mww,earthquake,M 5.9 - western Indian-Antarctic Ridge,116.0489,-47.8029,9.0,us6000qj0h,2025-06-08 21:15:06.129000+00:00,2025,6,8,21,Faible,,4.1,2.5649493574615367
4.3,"24 km E of Clayton, Idaho",1749402345993,1780941536501,,https://earthquake.usgs.gov/earthquakes/eventpage/us6000qiz0,https://earthquake.usgs.gov/fdsnws/event/1/query?eventid=us6000qiz0&format=geojson,27.0,4.6,4.191,green,reviewed,0,297,us,6000qiz0,",us6000qiz0,mb90094773,",",us,mb,",",dyfi,event-sequence,losspager,moment-tensor,oaf,origin,phase-data,shakemap,",112.0,0.125,0.68,27.0,mwr,earthquake,"M 4.3 - 24 km E of Clayton, Idaho",-114.0999,44.2664,7.033,us6000qiz0,2025-06-08 17:05:45.993000+00:00,2025,6,8,17,Faible,3.332204510175204,4.6,3.332204510175204
6.3,"15 km NE of Paratebueno, Colombia",1749388085797,1787337849417,,https://earthquake.usgs.gov/earthquakes/eventpage/us6000qixr,https://earthquake.usgs.gov/fdsnws/event/1/query?eventid=us6000qixr&format=geojson,393.0,8.2,8.272,yellow,reviewed,0,972,us,6000qixr,",us6000qixr,usauto6000qixr,pt25159000,at00sxjghg,",",us,usauto,pt,at,",",dyfi,ground-failure,impact-text,internal-moment-tensor,internal-origin,losspager,moment-tensor,origin,phase-data,shakemap,",163.0,1.245,0.89,21.0,mww,earthquake,"M 6.3 - 15 km NE of Paratebueno, Colombia",-73.1248,4.4852,9.0,us6000qixr,2025-06-08 13:08:05.797000+00:00,2025,6,8,13,Modéré,5.976350909297934,8.2,5.976350909297934
6.2,western Indian-Antarctic Ridge,1749338445671,1755706138040,,https://earthquake.usgs.gov/earthquakes/eventpage/us6000qisj,https://earthquake.usgs.gov/fdsnws/event/1/query?eventid=us6000qisj&format=geojson,,,0.0,green,reviewed,0,591,us,6000qisj,",usauto6000qisj,at00sxie6m,pt25158000,us6000qisj,",",usauto,at,pt,us,",",internal-moment-tensor,internal-origin,losspager,moment-tensor,origin,phase-data,shakemap,",90.0,14.912,1.04,43.0,mww,earthquake,M 6.2 - western Indian-Antarctic Ridge,115.9955,-47.8272,10.0,us6000qisj,2025-06-07 23:20:45.671000+00:00,2025,6,7,23,Faible,,4.1,2.5649493574615367
5.4,"6 km WNW of Karyes, Greece",1749300380307,1755706137040,,https://earthquake.usgs.gov/earthquakes/eventpage/us6000qiq1,https://earthquake.usgs.gov/fdsnws/event/1/query?eventid=us6000qiq1&format=geojson,54.0,7.8,7.956,green,reviewed,0,491,us,6000qiq1,",us6000qiq1,usauto6000qiq1,",",us,usauto,",",dyfi,ground-failure,impact-text,internal-moment-tensor,losspager,moment-tensor,origin,phase-data,shakemap,",95.0,1.296,0.95,22.0,mww,earthquake,"M 5.4 - 6 km WNW of Karyes, Greece",24.1669,40.2717,10.093,us6000qiq1,2025-06-07 12:46:20.307000+00:00,2025,6,7,12,Faible,4.007333185232471,7.8,4.007333185232471
5.3,"288 km SSE of Ushuaia, Argentina",1749294364640,1755706137040,,https://earthquake.usgs.gov/earthquakes/eventpage/us6000qipm,https://earthquake.usgs.gov/fdsnws/event/1/query?eventid=us6000qipm&format=geojson,1.0,1.0,3.288,green,reviewed,0,432,us,6000qipm,",us6000qipm,usauto6000qipm,",",us,usauto,",",dyfi,internal-moment-tensor,losspager,moment-tensor,origin,phase-data,shakemap,",62.0,2.385,0.82,102.0,mww,earthquake,"M 5.3 - 288 km SSE of Ushuaia, Argentina",-66.8962,-57.2756,10.0,us6000qipm,2025-06-07 11:06:04.640000+00:00,2025,6,7,11,Faible,0.6931471805599453,1.0,0.6931471805599453
5.5,Mid-Indian Ridge,1749281620295,1755706137040,,https://earthquake.usgs.gov/earthquakes/eventpage/us6000qinr,https://earthquake.usgs.gov/fdsnws/event/1/query?eventid=us6000qinr&format=geojson,,,0.0,green,reviewed,0,465,us,6000qinr,",usauto6000qinr,us6000qinr,",",usauto,us,",",internal-moment-tensor,losspager,moment-tensor,origin,phase-data,shakemap,",110.0,16.497,0.73,57.0,mww,earthquake,M 5.5 - Mid-Indian Ridge,66.7948,-14.9216,10.0,us6000qinr,2025-06-07 07:33:40.295000+00:00,2025,6,7,7,Faible,,4.1,2.5649493574615367
3.9,"17 km NW of Stanley, Idaho",1749240045824,1755706136040,,https://earthquake.usgs.gov/earthquakes/eventpage/us6000qiix,https://earthquake.usgs.gov/fdsnws/event/1/query?eventid=us6000qiix&format=geojson,10.0,3.1,3.809,green,reviewed,0,237,us,6000qiix,",us6000qiix,mb90094208,",",us,mb,",",dyfi,losspager,moment-tensor,origin,phase-data,shakemap,",129.0,0.289,0.64,20.0,mwr,earthquake,"M 3.9 - 17 km NW of Stanley, Idaho",-115.0927,44.3351,12.95,us6000qiix,2025-06-06 20:00:45.824000+00:00,2025,6,6,20,Faible,2.3978952727983707,3.1,2.3978952727983707
5.9,"299 km WSW of Houma, Tonga",1749238110995,1755706136040,,https://earthquake.usgs.gov/earthquakes/eventpage/us6000qiig,https://earthquake.usgs.gov/fdsnws/event/1/query?eventid=us6000qiig&format=geojson,1.0,2.2,2.507,green,reviewed,0,536,us,6000qiig,",us6000qiig,usauto6000qiig,pt25157002,at00sxg8rk,",",us,usauto,pt,at,",",dyfi,internal-moment-tensor,internal-origin,losspager,moment-tensor,origin,phase-data,shakemap,",220.0,5.628,0.8,26.0,mww,earthquake,"M 5.9 - 299 km WSW of Houma, Tonga",-178.0449,-22.0335,359.0,us6000qiig,2025-06-06 19:28:30.995000+00:00,2025,6,6,19,Faible,0.6931471805599453,2.2,0.6931471805599453
6.4,"45 km SW of Diego de Almagro, Chile",1749230106807,1755706136040,,https://earthquake.usgs.gov/earthquakes/eventpage/us6000qigd,https://earthquake.usgs.gov/fdsnws/event/1/query?eventid=us6000qigd&format=geojson,46.0,7.3,7.031,yellow,reviewed,1,684,us,6000qigd,",at00sxg2l4,pt25157001,us6000qigd,usauto6000qigd,",",at,pt,us,usauto,",",dyfi,ground-failure,impact-link,impact-text,internal-moment-tensor,internal-origin,losspager,moment-tensor,origin,phase-data,shakemap,",320.0,0.519,0.67,16.0,mww,earthquake,"M 6.4 - 45 km SW of Diego de Almagro, Chile",-70.4039,-26.639,75.0,us6000qigd,2025-06-06 17:15:06.807000+00:00,2025,6,6,17,Modéré,3.8501476017100584,7.3,3.8501476017100584
3.93,"18 km ESE of Naalehu, Hawaii",1749208324720,1755706136040,,https://earthquake.usgs.gov/earthquakes/eventpage/hv74689562,https://earthquake.usgs.gov/fdsnws/event/1/query?eventid=hv74689562&format=geojson,5.0,3.2,3.578,green,reviewed,0,239,hv,74689562,",us6000qidx,hv74689562,",",us,hv,",",dyfi,losspager,origin,phase-data,shakemap,",56.0,0.1585,0.13,217.0,ml,earthquake,"M 3.9 - 18 km ESE of Naalehu, Hawaii",-155.422833333333,19.0005,37.07,hv74689562,2025-06-06 11:12:04.720000+00:00,2025,6,6,11,Faible,1.791759469228055,3.2,1.791759469228055
4.0,"40 km SSW of Caliente, Nevada",1749194172812,1780730782887,,https://earthquake.usgs.gov/earthquakes/eventpage/nn00898573,https://earthquake.usgs.gov/fdsnws/event/1/query?eventid=nn00898573&format=geojson,37.0,3.8,4.281,green,reviewed,0,260,nn,00898573,",us6000qid0,nn00898573,",",us,nn,",",dyfi,event-sequence,losspager,moment-tensor,oaf,origin,phase-data,shakemap,",12.0,0.354,0.1596,87.08,mw,earthquake,"M 4.0 - 40 km SSW of Caliente, Nevada",-114.6424,37.266,4.3,nn00898573,2025-06-06 07:16:12.812000+00:00,2025,6,6,7,Faible,3.6375861597263857,3.8,3.6375861597263857
5.6,"297 km S of Burica, Panama",1749082158730,1755706135040,,https://earthquake.usgs.gov/earthquakes/eventpage/us6000qi0w,https://earthquake.usgs.gov/fdsnws/event/1/query?eventid=us6000qi0w&format=geojson,,,2.769,green,reviewed,0,482,us,6000qi0w,",usauto6000qi0w,pt25156000,us6000qi0w,",",usauto,pt,us,",",internal-moment-tensor,internal-origin,losspager,moment-tensor,origin,phase-data,shakemap,",242.0,3.928,0.63,62.0,mww,earthquake,"M 5.6 - 297 km S of Burica, Panama",-82.6724,5.3502,10.0,us6000qi0w,2025-06-05 00:09:18.730000+00:00,2025,6,5,0,Faible,,4.1,2.5649493574615367
3.9,"16 km NNW of Stanley, Idaho",1749077901130,1755706135040,,https://earthquake.usgs.gov/earthquakes/eventpage/us6000qi0n,https://earthquake.usgs.gov/fdsnws/event/1/query?eventid=us6000qi0n&format=geojson,6.0,4.1,3.797,green,reviewed,0,236,us,6000qi0n,",us6000qi0n,",",us,",",dyfi,losspager,moment-tensor,origin,phase-data,shakemap,",31.0,0.278,0.4,56.0,mwr,earthquake,"M 3.9 - 16 km NNW of Stanley, Idaho",-115.0039,44.3598,12.421,us6000qi0n,2025-06-04 22:58:21.130000+00:00,2025,6,4,22,Faible,1.9459101490553132,4.1,1.9459101490553132
4.0,"15 km NNW of Stanley, Idaho",1748951974544,1755381255040,,https://earthquake.usgs.gov/earthquakes/eventpage/us6000qhmg,https://earthquake.usgs.gov/fdsnws/event/1/query?eventid=us6000qhmg&format=geojson,13.0,4.1,3.951,green,reviewed,0,251,us,6000qhmg,",us6000qhmg,",",us,",",dyfi,losspager,moment-tensor,origin,phase-data,shakemap,",48.0,0.265,0.66,59.0,mwr,earthquake,"M 4.0 - 15 km NNW of Stanley, Idaho",-115.012,44.3432,13.846,us6000qhmg,2025-06-03 11:59:34.544000+00:00,2025,6,3,11,Faible,2.6390573296152584,4.1,2.6390573296152584
4.0,"17 km NNW of Stanley, Idaho",1748936081686,1755381255040,,https://earthquake.usgs.gov/earthquakes/eventpage/us6000qhl8,https://earthquake.usgs.gov/fdsnws/event/1/query?eventid=us6000qhl8&format=geojson,13.0,3.4,4.069,green,reviewed,0,251,us,6000qhl8,",us6000qhl8,",",us,",",dyfi,losspager,moment-tensor,origin,phase-data,shakemap,",44.0,0.288,0.88,31.0,mwr,earthquake,"M 4.0 - 17 km NNW of Stanley, Idaho",-115.0345,44.3608,10.0,us6000qhl8,2025-06-03 07:34:41.686000+00:00,2025,6,3,7,Faible,2.6390573296152584,3.4,2.6390573296152584
5.8,"8 km SSW of İçmeler, Turkey",1748906248209,1762464775468,,https://earthquake.usgs.gov/earthquakes/eventpage/us6000qhiq,https://earthquake.usgs.gov/fdsnws/event/1/query?eventid=us6000qhiq&format=geojson,406.0,5.6,5.755,green,reviewed,0,745,us,6000qhiq,",us6000qhiq,usauto6000qhiq,pt25153000,",",us,usauto,pt,",",dyfi,ground-failure,impact-text,internal-moment-tensor,internal-origin,losspager,moment-tensor,origin,phase-data,shakemap,",139.0,0.514,0.66,29.0,mww,earthquake,"M 5.8 - 8 km SSW of İçmeler, Turkey",28.1891,36.7258,72.0,us6000qhiq,2025-06-02 23:17:28.209000+00:00,2025,6,2,23,Faible,6.008813185442595,5.6,6.008813185442595
5.8,"68 km SSE of Hiroo, Japan",1748803912960,1755381253040,,https://earthquake.usgs.gov/earthquakes/eventpage/us6000qhaf,https://earthquake.usgs.gov/fdsnws/event/1/query?eventid=us6000qhaf&format=geojson,,,4.238,green,reviewed,0,518,us,6000qhaf,",us6000qhaf,usauto6000qhaf,pt25152000,",",us,usauto,pt,",",ground-failure,internal-moment-tensor,internal-origin,losspager,moment-tensor,origin,phase-data,shakemap,",128.0,0.48,0.87,95.0,mww,earthquake,"M 5.8 - 68 km SSE of Hiroo, Japan",143.6866,41.7431,27.0,us6000qhaf,2025-06-01 18:51:52.960000+00:00,2025,6,1,18,Faible,,4.1,2.5649493574615367
6.2,Kermadec Islands region,1748730382460,1755381252040,,https://earthquake.usgs.gov/earthquakes/eventpage/us6000qh5j,https://earthquake.usgs.gov/fdsnws/event/1/query?eventid=us6000qh5j&format=geojson,,,3.428,green,reviewed,0,591,us,6000qh5j,",us6000qh5j,usauto6000qh5j,at00sx5czz,pt25151003,",",us,usauto,at,pt,",",ground-failure,internal-moment-tensor,internal-origin,losspager,moment-tensor,origin,phase-data,shakemap,",64.0,1.401,0.82,56.0,mww,earthquake,M 6.2 - Kermadec Islands region,-178.1234,-27.8491,10.0,us6000qh5j,2025-05-31 22:26:22.460000+00:00,2025,5,31,22,Faible,,4.1,2.5649493574615367
6.0,Kermadec Islands region,1748726471250,1755381252040,,https://earthquake.usgs.gov/earthquakes/eventpage/us6000qh59,https://earthquake.usgs.gov/fdsnws/event/1/query?eventid=us6000qh59&format=geojson,,,3.166,green,reviewed,0,554,us,6000qh59,",us6000qh59,usauto6000qh59,at00sx59z9,pt25151002,",",us,usauto,at,pt,",",ground-failure,internal-moment-tensor,internal-origin,losspager,moment-tensor,origin,phase-data,shakemap,",70.0,1.183,1.14,80.0,mww,earthquake,M 6.0 - Kermadec Islands region,-178.5389,-28.1865,10.0,us6000qh59,2025-05-31 21:21:11.250000+00:00,2025,5,31,21,Faible,,4.1,2.5649493574615367
6.1,Kermadec Islands region,1748701729890,1755381252040,,https://earthquake.usgs.gov/earthquakes/eventpage/us6000qh35,https://earthquake.usgs.gov/fdsnws/event/1/query?eventid=us6000qh35&format=geojson,,,3.258,green,reviewed,0,572,us,6000qh35,",us6000qh35,usauto6000qh35,at00sx4qw6,pt25151001,",",us,usauto,at,pt,",",ground-failure,internal-moment-tensor,internal-origin,losspager,moment-tensor,origin,phase-data,shakemap,",131.0,1.5,0.66,25.0,mww,earthquake,M 6.1 - Kermadec Islands region,-177.9502,-27.7396,10.0,us6000qh35,2025-05-31 14:28:49.890000+00:00,2025,5,31,14,Faible,,4.1,2.5649493574615367
6.0,"78 km S of Kushiro, Japan",1748680637097,1755381251040,,https://earthquake.usgs.gov/earthquakes/eventpage/us6000qh1r,https://earthquake.usgs.gov/fdsnws/event/1/query?eventid=us6000qh1r&format=geojson,1.0,3.1,4.221,green,reviewed,0,554,us,6000qh1r,",us6000qh1r,usauto6000qh1r,at00sx4am7,pt25151000,",",us,usauto,at,pt,",",dyfi,ground-failure,internal-moment-tensor,internal-origin,losspager,moment-tensor,origin,phase-data,shakemap,",138.0,1.023,0.71,55.0,mww,earthquake,"M 6.0 - 78 km S of Kushiro, Japan",144.4895,42.2705,21.0,us6000qh1r,2025-05-31 08:37:17.097000+00:00,2025,5,31,8,Faible,0.6931471805599453,3.1,0.6931471805599453
6.2,southwest of Africa,1748583398351,1755381250040,,https://earthquake.usgs.gov/earthquakes/eventpage/us6000qgts,https://earthquake.usgs.gov/fdsnws/event/1/query?eventid=us6000qgts&format=geojson,,,0.0,green,reviewed,0,591,us,6000qgts,",usauto6000qgts,pt25150000,at00sx27l4,us6000qgts,",",usauto,pt,at,us,",",internal-moment-tensor,internal-origin,losspager,moment-tensor,origin,phase-data,shakemap,",60.0,19.186,0.84,51.0,mww,earthquake,M 6.2 - southwest of Africa,9.1051,-53.2836,10.0,us6000qgts,2025-05-30 05:36:38.351000+00:00,2025,5,30,5,Faible,,4.1,2.5649493574615367
5.4,"49 km E of Shikotan, Russia",1748557384649,1755381250040,,https://earthquake.usgs.gov/earthquakes/eventpage/us6000qgsb,https://earthquake.usgs.gov/fdsnws/event/1/query?eventid=us6000qgsb&format=geojson,1.0,1.0,4.466,green,reviewed,0,449,us,6000qgsb,",us6000qgsb,usauto6000qgsb,",",us,usauto,",",dyfi,internal-moment-tensor,losspager,moment-tensor,origin,phase-data,shakemap,",133.0,3.429,0.72,47.0,mww,earthquake,"M 5.4 - 49 km E of Shikotan, Russia",147.3295,43.8477,60.428,us6000qgsb,2025-05-29 22:23:04.649000+00:00,2025,5,29,22,Faible,0.6931471805599453,1.0,0.6931471805599453
5.8,"63 km SSE of Inarajan Village, Guam",1748439253998,1779975855961,,https://earthquake.usgs.gov/earthquakes/eventpage/us6000qgeq,https://earthquake.usgs.gov/fdsnws/event/1/query?eventid=us6000qgeq&format=geojson,99.0,5.6,4.633,green,reviewed,0,573,us,6000qgeq,",pt25148002,us6000qgeq,usauto6000qgeq,",",pt,us,usauto,",",dyfi,event-sequence,internal-moment-tensor,internal-origin,losspager,moment-tensor,oaf,origin,phase-data,shakemap,",222.0,0.854,0.95,45.0,mww,earthquake,"M 5.8 - 63 km SSE of Inarajan Village, Guam",144.957,12.7347,28.0,us6000qgeq,2025-05-28 13:34:13.998000+00:00,2025,5,28,13,Faible,4.605170185988092,5.6,4.605170185988092
5.4,Revilla Gigedo Islands region,1748422899229,1755381249040,,https://earthquake.usgs.gov/earthquakes/eventpage/us6000qgdb,https://earthquake.usgs.gov/fdsnws/event/1/query?eventid=us6000qgdb&format=geojson,,,3.383,green,reviewed,0,449,us,6000qgdb,",usauto6000qgdb,us6000qgdb,",",usauto,us,",",internal-moment-tensor,losspager,moment-tensor,origin,phase-data,shakemap,",143.0,1.761,0.72,107.0,mww,earthquake,M 5.4 - Revilla Gigedo Islands region,-109.3426,19.7156,10.0,us6000qgdb,2025-05-28 09:01:39.229000+00:00,2025,5,28,9,Faible,,4.1,2.5649493574615367
5.9,"41 km SW of Sola, Vanuatu",1748422667561,1755381249040,,https://earthquake.usgs.gov/earthquakes/eventpage/us6000qgd9,https://earthquake.usgs.gov/fdsnws/event/1/query?eventid=us6000qgd9&format=geojson,,,3.679,green,reviewed,0,536,us,6000qgd9,",usauto6000qgd9,at00swyrkd,pt25148001,us6000qgd9,",",usauto,at,pt,us,",",internal-moment-tensor,internal-origin,losspager,moment-tensor,origin,phase-data,shakemap,",135.0,1.262,0.86,23.0,mww,earthquake,"M 5.9 - 41 km SW of Sola, Vanuatu",167.3309,-14.1835,190.0,us6000qgd9,2025-05-28 08:57:47.561000+00:00,2025,5,28,8,Faible,,4.1,2.5649493574615367
5.8,Revilla Gigedo Islands region,1748395837701,1755381248040,,https://earthquake.usgs.gov/earthquakes/eventpage/us6000qgb5,https://earthquake.usgs.gov/fdsnws/event/1/query?eventid=us6000qgb5&format=geojson,,,3.692,green,reviewed,0,518,us,6000qgb5,",usauto6000qgb5,at00swy6v3,pt25148000,us6000qgb5,",",usauto,at,pt,us,",",internal-moment-tensor,internal-origin,losspager,moment-tensor,origin,phase-data,shakemap,",94.0,6.93,0.83,96.0,mww,earthquake,M 5.8 - Revilla Gigedo Islands region,-109.1593,19.5611,10.0,us6000qgb5,2025-05-28 01:30:37.701000+00:00,2025,5,28,1,Faible,,4.1,2.5649493574615367
5.8,Revilla Gigedo Islands region,1748383151398,1755098065040,,https://earthquake.usgs.gov/earthquakes/eventpage/us6000qga6,https://earthquake.usgs.gov/fdsnws/event/1/query?eventid=us6000qga6&format=geojson,,,3.712,green,reviewed,0,518,us,6000qga6,",usauto6000qga6,pt25147001,us6000qga6,",",usauto,pt,us,",",internal-moment-tensor,internal-origin,losspager,moment-tensor,origin,phase-data,shakemap,",88.0,1.868,0.84,47.0,mww,earthquake,M 5.8 - Revilla Gigedo Islands region,-109.194,19.688,10.0,us6000qga6,2025-05-27 21:59:11.398000+00:00,2025,5,27,21,Faible,,4.1,2.5649493574615367
5.3,"249 km S of Pundong, Indonesia",1748307304856,1755098073040,,https://earthquake.usgs.gov/earthquakes/eventpage/us7000q1ni,https://earthquake.usgs.gov/fdsnws/event/1/query?eventid=us7000q1ni&format=geojson,4.0,3.1,0.0,green,reviewed,0,433,us,7000q1ni,",us7000q1ni,usauto7000q1ni,",",us,usauto,",",dyfi,internal-moment-tensor,losspager,moment-tensor,origin,phase-data,shakemap,",135.0,3.145,0.75,21.0,mww,earthquake,"M 5.3 - 249 km S of Pundong, Indonesia",110.3,-10.2116,10.0,us7000q1ni,2025-05-27 00:55:04.856000+00:00,2025,5,27,0,Faible,1.6094379124341003,3.1,1.6094379124341003
4.63,"31 km W of Petrolia, CA",1748247477630,1755098072040,,https://earthquake.usgs.gov/earthquakes/eventpage/nc75186621,https://earthquake.usgs.gov/fdsnws/event/1/query?eventid=nc75186621&format=geojson,101.0,4.9,3.607,green,reviewed,0,379,nc,75186621,",us7000q1i1,nc75186621,",",us,nc,",",dyfi,focal-mechanism,losspager,moment-tensor,nearby-cities,origin,phase-data,scitech-link,shakemap,",78.0,0.2596,0.26,230.0,mw,earthquake,"M 4.6 - 31 km W of Petrolia, CA",-124.637,40.2655,2.92,nc75186621,2025-05-26 08:17:57.630000+00:00,2025,5,26,8,Faible,4.624972813284271,4.9,4.624972813284271
3.78,"29 km W of Petrolia, CA",1748247441950,1755098072040,,https://earthquake.usgs.gov/earthquakes/eventpage/nc75186616,https://earthquake.usgs.gov/fdsnws/event/1/query?eventid=nc75186616&format=geojson,,,2.661,green,reviewed,1,220,nc,75186616,",nc75186616,at00swv0cx,us7000q1i0,",",nc,at,us,",",impact-link,losspager,nearby-cities,origin,phase-data,scitech-link,shakemap,trump-origin,",48.0,0.2428,0.17,264.0,ml,earthquake,"M 3.8 - 29 km W of Petrolia, CA",-124.619666666667,40.2776666666667,4.98,nc75186616,2025-05-26 08:17:21.950000+00:00,2025,5,26,8,Faible,,4.1,2.5649493574615367
5.7,"33 km S of Camiña, Chile",1748231425655,1755098072040,,https://earthquake.usgs.gov/earthquakes/eventpage/us7000q1h3,https://earthquake.usgs.gov/fdsnws/event/1/query?eventid=us7000q1h3&format=geojson,50.0,4.2,4.57,green,reviewed,0,521,us,7000q1h3,",us7000q1h3,usauto7000q1h3,pt25146000,",",us,usauto,pt,",",dyfi,internal-moment-tensor,internal-origin,losspager,moment-tensor,origin,phase-data,shakemap,",276.0,0.247,0.85,34.0,mww,earthquake,"M 5.7 - 33 km S of Camiña, Chile",-69.4505,-19.6168,105.0,us7000q1h3,2025-05-26 03:50:25.655000+00:00,2025,5,26,3,Faible,3.9318256327243257,4.2,3.9318256327243257
6.0,"187 km SSW of ‘Ohonua, Tonga",1748170199192,1755098072040,,https://earthquake.usgs.gov/earthquakes/eventpage/us7000q1e7,https://earthquake.usgs.gov/fdsnws/event/1/query?eventid=us7000q1e7&format=geojson,5.0,2.7,3.522,green,reviewed,0,555,us,7000q1e7,",us7000q1e7,usauto7000q1e7,pt25145000,",",us,usauto,pt,",",dyfi,ground-failure,internal-moment-tensor,internal-origin,losspager,moment-tensor,origin,phase-data,shakemap,",216.0,6.661,0.75,22.0,mww,earthquake,"M 6.0 - 187 km SSW of ‘Ohonua, Tonga",-175.8016,-22.8374,48.0,us7000q1e7,2025-05-25 10:49:59.192000+00:00,2025,5,25,10,Faible,1.791759469228055,2.7,1.791759469228055
4.1,"33 km W of Petrolia, CA",1748166996830,1755098072040,,https://earthquake.usgs.gov/earthquakes/eventpage/nc75186201,https://earthquake.usgs.gov/fdsnws/event/1/query?eventid=nc75186201&format=geojson,12.0,3.4,2.336,green,reviewed,0,263,nc,75186201,",nc75186201,us7000q1e0,",",nc,us,",",dyfi,losspager,moment-tensor,nearby-cities,origin,phase-data,scitech-link,shakemap,",101.0,0.2793,0.27,243.0,mw,earthquake,"M 4.1 - 33 km W of Petrolia, CA",-124.671333333333,40.2805,5.73,nc75186201,2025-05-25 09:56:36.830000+00:00,2025,5,25,9,Faible,2.5649493574615367,3.4,2.5649493574615367
6.1,west of Macquarie Island,1748018005438,1755098071040,,https://earthquake.usgs.gov/earthquakes/eventpage/us7000q14k,https://earthquake.usgs.gov/fdsnws/event/1/query?eventid=us7000q14k&format=geojson,,,0.0,green,reviewed,0,572,us,7000q14k,",usauto7000q14k,pt25143000,us7000q14k,",",usauto,pt,us,",",internal-moment-tensor,internal-origin,losspager,moment-tensor,origin,phase-data,shakemap,",103.0,6.725,0.93,48.0,mww,earthquake,M 6.1 - west of Macquarie Island,147.6655,-56.5536,10.0,us7000q14k,2025-05-23 16:33:25.438000+00:00,2025,5,23,16,Faible,,4.1,2.5649493574615367
5.4,"33 km SW of Urakawa, Japan",1747949280611,1755098070040,,https://earthquake.usgs.gov/earthquakes/eventpage/us7000q0yk,https://earthquake.usgs.gov/fdsnws/event/1/query?eventid=us7000q0yk&format=geojson,1.0,2.7,4.212,green,reviewed,0,449,us,7000q0yk,",us7000q0yk,usauto7000q0yk,",",us,usauto,",",dyfi,internal-moment-tensor,losspager,moment-tensor,origin,phase-data,shakemap,",115.0,0.477,0.61,91.0,mww,earthquake,"M 5.4 - 33 km SW of Urakawa, Japan",142.532,41.9147,48.0,us7000q0yk,2025-05-22 21:28:00.611000+00:00,2025,5,22,21,Faible,0.6931471805599453,2.7,0.6931471805599453
5.7,"21 km S of Bengkulu, Indonesia",1747943556892,1755098070040,,https://earthquake.usgs.gov/earthquakes/eventpage/us7000q0w7,https://earthquake.usgs.gov/fdsnws/event/1/query?eventid=us7000q0w7&format=geojson,11.0,6.3,5.809,green,reviewed,0,507,us,7000q0w7,",us7000q0w7,usauto7000q0w7,pt25142002,",",us,usauto,pt,",",dyfi,ground-failure,impact-text,internal-moment-tensor,internal-origin,losspager,moment-tensor,origin,phase-data,shakemap,",114.0,0.79,0.64,58.0,mww,earthquake,"M 5.7 - 21 km S of Bengkulu, Indonesia",102.2539,-3.9908,47.0,us7000q0w7,2025-05-22 19:52:36.892000+00:00,2025,5,22,19,Faible,2.4849066497880004,6.3,2.4849066497880004
5.7,South Indian Ocean,1747902876774,1755098070040,,https://earthquake.usgs.gov/earthquakes/eventpage/us7000q0re,https://earthquake.usgs.gov/fdsnws/event/1/query?eventid=us7000q0re&format=geojson,,,0.0,green,reviewed,0,500,us,7000q0re,",usauto7000q0re,pt25142001,us7000q0re,",",usauto,pt,us,",",internal-moment-tensor,internal-origin,losspager,moment-tensor,origin,phase-data,shakemap,",131.0,8.945,0.51,22.0,mww,earthquake,M 5.7 - South Indian Ocean,51.3609,-37.4859,10.0,us7000q0re,2025-05-22 08:34:36.774000+00:00,2025,5,22,8,Faible,,4.1,2.5649493574615367
6.2,"66 km SE of Emporeío, Greece",1747883975518,1755098070040,,https://earthquake.usgs.gov/earthquakes/eventpage/us7000q0pq,https://earthquake.usgs.gov/fdsnws/event/1/query?eventid=us7000q0pq&format=geojson,819.0,7.0,6.849,yellow,reviewed,0,1223,us,7000q0pq,",us7000q0pq,usauto7000q0pq,at00swn7wl,pt25142000,",",us,usauto,at,pt,",",dyfi,ground-failure,impact-text,internal-moment-tensor,internal-origin,losspager,moment-tensor,origin,phase-data,shakemap,",168.0,1.03,0.78,35.0,mww,earthquake,"M 6.2 - 66 km SE of Emporeío, Greece",25.9159,35.8915,64.0,us7000q0pq,2025-05-22 03:19:35.518000+00:00,2025,5,22,3,Modéré,6.709304340258298,7.0,6.709304340258298
5.2,"251 km SSE of Ushuaia, Argentina",1747787892308,1755098069040,,https://earthquake.usgs.gov/earthquakes/eventpage/us7000q0gl,https://earthquake.usgs.gov/fdsnws/event/1/query?eventid=us7000q0gl&format=geojson,4.0,4.3,3.93,green,reviewed,0,418,us,7000q0gl,",us7000q0gl,usauto7000q0gl,",",us,usauto,",",dyfi,internal-moment-tensor,losspager,moment-tensor,origin,phase-data,shakemap,",89.0,2.058,0.62,93.0,mwb,earthquake,"M 5.2 - 251 km SSE of Ushuaia, Argentina",-67.0983,-56.9634,10.0,us7000q0gl,2025-05-21 00:38:12.308000+00:00,2025,5,21,0,Faible,1.6094379124341003,4.3,1.6094379124341003
4.18,"18 km SE of Pāhala, Hawaii",1747769857030,1753463180040,,https://earthquake.usgs.gov/earthquakes/eventpage/hv74676927,https://earthquake.usgs.gov/fdsnws/event/1/query?eventid=hv74676927&format=geojson,77.0,4.0,3.899,green,reviewed,0,300,hv,74676927,",pt25140001,hv74676927,us7000q0f1,",",pt,hv,us,",",dyfi,losspager,origin,phase-data,shakemap,",62.0,0.1204,0.11,200.0,ml,earthquake,"M 4.2 - 18 km SE of Pāhala, Hawaii",-155.3615,19.0811666666667,32.44,hv74676927,2025-05-20 19:37:37.030000+00:00,2025,5,20,19,Faible,4.356708826689592,4.0,4.356708826689592
6.5,"89 km ENE of Angoram, Papua New Guinea",1747753559387,1753463180040,,https://earthquake.usgs.gov/earthquakes/eventpage/us7000q0bm,https://earthquake.usgs.gov/fdsnws/event/1/query?eventid=us7000q0bm&format=geojson,16.0,7.7,7.531,green,reviewed,1,662,us,7000q0bm,",us7000q0bm,pt25140000,at00swkfa5,usauto7000q0bm,",",us,pt,at,usauto,",",dyfi,ground-failure,impact-link,internal-moment-tensor,internal-origin,losspager,moment-tensor,origin,phase-data,shakemap,",301.0,3.067,0.59,17.0,mww,earthquake,"M 6.5 - 89 km ENE of Angoram, Papua New Guinea",144.8116,-3.7575,16.819,us7000q0bm,2025-05-20 15:05:59.387000+00:00,2025,5,20,15,Faible,2.833213344056216,7.7,2.833213344056216
5.6,northern Mid-Atlantic Ridge,1747717892589,1753463180040,,https://earthquake.usgs.gov/earthquakes/eventpage/us7000q09z,https://earthquake.usgs.gov/fdsnws/event/1/query?eventid=us7000q09z&format=geojson,,,0.0,green,reviewed,0,482,us,7000q09z,",usauto7000q09z,us7000q09z,",",usauto,us,",",internal-moment-tensor,losspager,moment-tensor,origin,phase-data,shakemap,",245.0,8.776,0.51,43.0,mww,earthquake,M 5.6 - northern Mid-Atlantic Ridge,-36.01,35.3444,10.0,us7000q09z,2025-05-20 05:11:32.589000+00:00,2025,5,20,5,Faible,,4.1,2.5649493574615367
5.4,southeast of Easter Island,1747653421893,1753463179040,,https://earthquake.usgs.gov/earthquakes/eventpage/us7000q053,https://earthquake.usgs.gov/fdsnws/event/1/query?eventid=us7000q053&format=geojson,,,0.0,green,reviewed,0,449,us,7000q053,",usauto7000q053,us7000q053,",",usauto,us,",",internal-moment-tensor,losspager,moment-tensor,origin,phase-data,shakemap,",110.0,24.503,0.79,70.0,mww,earthquake,M 5.4 - southeast of Easter Island,-102.9882,-35.7217,10.0,us7000q053,2025-05-19 11:17:01.893000+00:00,2025,5,19,11,Faible,,4.1,2.5649493574615367
3.9,"35 km SE of Fox River, Alaska",1747478814332,1753463177040,,https://earthquake.usgs.gov/earthquakes/eventpage/ak0256aquus7,https://earthquake.usgs.gov/fdsnws/event/1/query?eventid=ak0256aquus7&format=geojson,14.0,3.4,3.227,green,reviewed,1,239,ak,0256aquus7,",us7000pzu2,ak0256aquus7,at00sweja5,",",us,ak,at,",",dyfi,impact-link,losspager,origin,phase-data,shakemap,",,,0.92,,ml,earthquake,"M 3.9 - 35 km SE of Fox River, Alaska",-150.5227,59.6299,41.9,ak0256aquus7,2025-05-17 10:46:54.332000+00:00,2025,5,17,10,Faible,2.70805020110221,3.4,2.70805020110221
5.9,"5 km W of San Pedro, Peru",1747477334394,1753463177040,,https://earthquake.usgs.gov/earthquakes/eventpage/us7000pztw,https://earthquake.usgs.gov/fdsnws/event/1/query?eventid=us7000pztw&format=geojson,31.0,6.1,5.616,green,reviewed,0,554,us,7000pztw,",us7000pztw,usauto7000pztw,at00swei50,pt25137001,",",us,usauto,at,pt,",",dyfi,ground-failure,impact-text,internal-moment-tensor,internal-origin,losspager,moment-tensor,origin,phase-data,shakemap,",106.0,3.807,0.69,65.0,mww,earthquake,"M 5.9 - 5 km W of San Pedro, Peru",-74.1437,-14.7608,101.0,us7000pztw,2025-05-17 10:22:14.394000+00:00,2025,5,17,10,Faible,3.4657359027997265,6.1,3.4657359027997265
5.5,Pacific-Antarctic Ridge,1747313959020,1753463176040,,https://earthquake.usgs.gov/earthquakes/eventpage/us7000pzcp,https://earthquake.usgs.gov/fdsnws/event/1/query?eventid=us7000pzcp&format=geojson,,,0.0,green,reviewed,0,465,us,7000pzcp,",usauto7000pzcp,us7000pzcp,",",usauto,us,",",internal-moment-tensor,losspager,moment-tensor,origin,phase-data,shakemap,",35.0,28.682,0.68,145.0,mww,earthquake,M 5.5 - Pacific-Antarctic Ridge,-135.3414,-54.5498,10.0,us7000pzcp,2025-05-15 12:59:19.020000+00:00,2025,5,15,12,Faible,,4.1,2.5649493574615367
5.9,"152 km NNW of Baukau, Timor Leste",1747270252272,1753463175040,,https://earthquake.usgs.gov/earthquakes/eventpage/us7000pzaa,https://earthquake.usgs.gov/fdsnws/event/1/query?eventid=us7000pzaa&format=geojson,3.0,2.8,2.318,green,reviewed,0,536,us,7000pzaa,",us7000pzaa,usauto7000pzaa,pt25135000,",",us,usauto,pt,",",dyfi,internal-moment-tensor,internal-origin,losspager,moment-tensor,origin,phase-data,shakemap,",248.0,3.19,0.57,24.0,mww,earthquake,"M 5.9 - 152 km NNW of Baukau, Timor Leste",126.1331,-7.136,476.627,us7000pzaa,2025-05-15 00:50:52.272000+00:00,2025,5,15,0,Faible,1.3862943611198906,2.8,1.3862943611198906
3.9,"57 km NE of Valmy, Nevada",1747226118448,1753463175040,,https://earthquake.usgs.gov/earthquakes/eventpage/nn00897585,https://earthquake.usgs.gov/fdsnws/event/1/query?eventid=nn00897585&format=geojson,7.0,3.8,3.848,green,reviewed,0,237,nn,00897585,",us7000pz64,nn00897585,",",us,nn,",",dyfi,losspager,moment-tensor,origin,phase-data,shakemap,",10.0,0.325,0.1224,142.33999999999995,mw,earthquake,"M 3.9 - 57 km NE of Valmy, Nevada",-116.7261,41.2074,7.6,nn00897585,2025-05-14 12:35:18.448000+00:00,2025,5,14,12,Faible,2.0794415416798357,3.8,2.0794415416798357
6.4,"142 km W of Neiafu, Tonga",1747196140513,1753463174040,,https://earthquake.usgs.gov/earthquakes/eventpage/us7000pz41,https://earthquake.usgs.gov/fdsnws/event/1/query?eventid=us7000pz41&format=geojson,8.0,2.7,3.556,green,reviewed,0,632,us,7000pz41,",us7000pz41,usauto7000pz41,pt25134000,at00sw8h61,",",us,usauto,pt,at,",",dyfi,ground-failure,internal-moment-tensor,internal-origin,losspager,moment-tensor,origin,phase-data,shakemap,",262.0,5.518,0.7,30.0,mww,earthquake,"M 6.4 - 142 km W of Neiafu, Tonga",-175.3343,-18.7126,260.0,us7000pz41,2025-05-14 04:15:40.513000+00:00,2025,5,14,4,Faible,2.1972245773362196,2.7,2.1972245773362196
6.0,"20 km SSE of Fry, Greece",1747176675880,1753392616040,,https://earthquake.usgs.gov/earthquakes/eventpage/us7000pz2p,https://earthquake.usgs.gov/fdsnws/event/1/query?eventid=us7000pz2p&format=geojson,931.0,6.1,6.168,green,reviewed,0,1122,us,7000pz2p,",us7000pz2p,usauto7000pz2p,pt25133001,",",us,usauto,pt,",",dyfi,ground-failure,internal-moment-tensor,internal-origin,losspager,moment-tensor,origin,phase-data,shakemap,",124.0,0.338,0.56,42.0,mww,earthquake,"M 6.0 - 20 km SSE of Fry, Greece",26.9951,35.237,76.202,us7000pz2p,2025-05-13 22:51:15.880000+00:00,2025,5,13,22,Faible,6.837332814685591,6.1,6.837332814685591
5.9,"240 km SW of La Cruz de Loreto, Mexico",1747168984081,1753392616040,,https://earthquake.usgs.gov/earthquakes/eventpage/us7000pz23,https://earthquake.usgs.gov/fdsnws/event/1/query?eventid=us7000pz23&format=geojson,6.0,2.7,3.497,green,reviewed,0,537,us,7000pz23,",us7000pz23,usauto7000pz23,pt25133000,",",us,usauto,pt,",",dyfi,internal-moment-tensor,internal-origin,losspager,moment-tensor,origin,phase-data,shakemap,",136.0,5.789,0.76,102.0,mww,earthquake,"M 5.9 - 240 km SW of La Cruz de Loreto, Mexico",-107.2678,18.6822,11.902,us7000pz23,2025-05-13 20:43:04.081000+00:00,2025,5,13,20,Faible,1.9459101490553132,2.7,1.9459101490553132
5.6,"Bonin Islands, Japan region",1747155154486,1753392616040,,https://earthquake.usgs.gov/earthquakes/eventpage/us7000pyzs,https://earthquake.usgs.gov/fdsnws/event/1/query?eventid=us7000pyzs&format=geojson,,,1.081,green,reviewed,0,482,us,7000pyzs,",usauto7000pyzs,us7000pyzs,",",usauto,us,",",internal-moment-tensor,losspager,moment-tensor,origin,phase-data,shakemap,",278.0,1.899,0.59,30.0,mww,earthquake,"M 5.6 - Bonin Islands, Japan region",140.058,27.2228,445.198,us7000pyzs,2025-05-13 16:52:34.486000+00:00,2025,5,13,16,Faible,,4.1,2.5649493574615367
5.4,"79 km SSE of Pangai, Tonga",1747001096074,1753392615040,,https://earthquake.usgs.gov/earthquakes/eventpage/us7000pyqf,https://earthquake.usgs.gov/fdsnws/event/1/query?eventid=us7000pyqf&format=geojson,,,3.913,green,reviewed,0,449,us,7000pyqf,",usauto7000pyqf,us7000pyqf,",",usauto,us,",",internal-moment-tensor,losspager,moment-tensor,origin,phase-data,shakemap,",81.0,6.928,0.67,69.0,mww,earthquake,"M 5.4 - 79 km SSE of Pangai, Tonga",-174.1371,-20.4984,10.0,us7000pyqf,2025-05-11 22:04:56.074000+00:00,2025,5,11,22,Faible,,4.1,2.5649493574615367
5.5,"126 km W of Rikaze, China",1746997882060,1753392614040,,https://earthquake.usgs.gov/earthquakes/eventpage/us7000pyq7,https://earthquake.usgs.gov/fdsnws/event/1/query?eventid=us7000pyq7&format=geojson,17.0,7.9,7.955,yellow,reviewed,0,663,us,7000pyq7,",us7000pyq7,usauto7000pyq7,",",us,usauto,",",dyfi,ground-failure,impact-text,internal-moment-tensor,losspager,moment-tensor,origin,phase-data,shakemap,",151.0,2.401,0.67,22.0,mww,earthquake,"M 5.5 - 126 km W of Rikaze, China",87.6068,29.0536,9.0,us7000pyq7,2025-05-11 21:11:22.060000+00:00,2025,5,11,21,Modéré,2.8903717578961645,7.9,2.8903717578961645
5.9,"5 km N of Port-Vila, Vanuatu",1746962541597,1753392614040,,https://earthquake.usgs.gov/earthquakes/eventpage/us7000pyn1,https://earthquake.usgs.gov/fdsnws/event/1/query?eventid=us7000pyn1&format=geojson,57.0,5.6,6.329,green,reviewed,0,567,us,7000pyn1,",us7000pyn1,usauto7000pyn1,pt25131001,at00sw3gxc,",",us,usauto,pt,at,",",dyfi,ground-failure,internal-moment-tensor,internal-origin,losspager,moment-tensor,origin,phase-data,shakemap,",183.0,2.468,0.7,35.0,mww,earthquake,"M 5.9 - 5 km N of Port-Vila, Vanuatu",168.3085,-17.6883,60.0,us7000pyn1,2025-05-11 11:22:21.597000+00:00,2025,5,11,11,Faible,4.060443010546419,5.6,4.060443010546419
5.7,"19 km ENE of Blangpidie, Indonesia",1746953863494,1753392614040,,https://earthquake.usgs.gov/earthquakes/eventpage/us7000pyjn,https://earthquake.usgs.gov/fdsnws/event/1/query?eventid=us7000pyjn&format=geojson,47.0,7.4,4.294,green,reviewed,0,535,us,7000pyjn,",us7000pyjn,usauto7000pyjn,pt25131000,",",us,usauto,pt,",",dyfi,impact-text,internal-moment-tensor,internal-origin,losspager,moment-tensor,origin,phase-data,shakemap,",114.0,1.428,1.26,37.0,mww,earthquake,"M 5.7 - 19 km ENE of Blangpidie, Indonesia",97.0065,3.7925,85.754,us7000pyjn,2025-05-11 08:57:43.494000+00:00,2025,5,11,8,Faible,3.871201010907891,7.4,3.871201010907891
4.1,"21 km SE of Greenback, Tennessee",1746882260360,1786066692919,,https://earthquake.usgs.gov/earthquakes/eventpage/se60605931,https://earthquake.usgs.gov/fdsnws/event/1/query?eventid=se60605931&format=geojson,45935.0,4.8,4.679,green,reviewed,0,739,se,60605931,",us7000pyf4,se60605931,",",us,se,",",dyfi,event-sequence,losspager,moment-tensor,oaf,origin,phase-data,shakemap,",41.0,0.09554,0.2,35.0,mw,earthquake,"M 4.1 - 21 km SE of Greenback, Tennessee",-83.9868333333333,35.545,25.36,se60605931,2025-05-10 13:04:20.360000+00:00,2025,5,10,13,Faible,10.735004402360845,4.8,10.735004402360845
5.7,Macquarie Island region,1746741670028,1753392612040,,https://earthquake.usgs.gov/earthquakes/eventpage/us7000py39,https://earthquake.usgs.gov/fdsnws/event/1/query?eventid=us7000py39&format=geojson,,,0.0,green,reviewed,0,500,us,7000py39,",usauto7000py39,us7000py39,",",usauto,us,",",internal-moment-tensor,losspager,moment-tensor,origin,phase-data,shakemap,",32.0,6.094,0.88,68.0,mww,earthquake,M 5.7 - Macquarie Island region,160.0246,-60.5475,10.0,us7000py39,2025-05-08 22:01:10.028000+00:00,2025,5,8,22,Faible,,4.1,2.5649493574615367
5.4,"12 km NNW of Cañaveral, Peru",1746703360880,1753392611040,,https://earthquake.usgs.gov/earthquakes/eventpage/us7000pxx7,https://earthquake.usgs.gov/fdsnws/event/1/query?eventid=us7000pxx7&format=geojson,8.0,6.0,4.416,green,reviewed,0,453,us,7000pxx7,",us7000pxx7,usauto7000pxx7,",",us,usauto,",",dyfi,internal-moment-tensor,losspager,moment-tensor,origin,phase-data,shakemap,",109.0,1.985,0.82,31.0,mww,earthquake,"M 5.4 - 12 km NNW of Cañaveral, Peru",-80.7011,-3.8399,45.0,us7000pxx7,2025-05-08 11:22:40.880000+00:00,2025,5,8,11,Faible,2.1972245773362196,6.0,2.1972245773362196
5.4,southeast of Easter Island,1746694695015,1753392611040,,https://earthquake.usgs.gov/earthquakes/eventpage/us7000pxwq,https://earthquake.usgs.gov/fdsnws/event/1/query?eventid=us7000pxwq&format=geojson,,,0.0,green,reviewed,0,449,us,7000pxwq,",usauto7000pxwq,us7000pxwq,",",usauto,us,",",internal-moment-tensor,losspager,moment-tensor,origin,phase-data,shakemap,",130.0,9.519,0.71,153.0,mww,earthquake,M 5.4 - southeast of Easter Island,-103.7898,-35.4083,10.0,us7000pxwq,2025-05-08 08:58:15.015000+00:00,2025,5,8,8,Faible,,4.1,2.5649493574615367
5.7,central East Pacific Rise,1746555310547,1752337847040,,https://earthquake.usgs.gov/earthquakes/eventpage/us7000pxjh,https://earthquake.usgs.gov/fdsnws/event/1/query?eventid=us7000pxjh&format=geojson,,,0.0,green,reviewed,0,500,us,7000pxjh,",usauto7000pxjh,us7000pxjh,",",usauto,us,",",internal-moment-tensor,losspager,moment-tensor,origin,phase-data,shakemap,",156.0,13.686,0.62,44.0,mww,earthquake,M 5.7 - central East Pacific Rise,-104.1959,-4.0452,10.0,us7000pxjh,2025-05-06 18:15:10.547000+00:00,2025,5,6,18,Faible,,4.1,2.5649493574615367
5.5,"50 km SSE of Isangel, Vanuatu",1746553531436,1752337847040,,https://earthquake.usgs.gov/earthquakes/eventpage/us7000pxj7,https://earthquake.usgs.gov/fdsnws/event/1/query?eventid=us7000pxj7&format=geojson,1.0,3.8,4.034,green,reviewed,0,466,us,7000pxj7,",us7000pxj7,usauto7000pxj7,",",us,usauto,",",dyfi,internal-moment-tensor,losspager,moment-tensor,origin,phase-data,shakemap,",126.0,3.249,0.91,35.0,mww,earthquake,"M 5.5 - 50 km SSE of Isangel, Vanuatu",169.4788,-19.9606,102.0,us7000pxj7,2025-05-06 17:45:31.436000+00:00,2025,5,6,17,Faible,0.6931471805599453,3.8,0.6931471805599453
5.6,"37 km ESE of Hualien City, Taiwan",1746442407776,1752337846040,,https://earthquake.usgs.gov/earthquakes/eventpage/us7000px8h,https://earthquake.usgs.gov/fdsnws/event/1/query?eventid=us7000px8h&format=geojson,12.0,4.9,4.512,green,reviewed,0,488,us,7000px8h,",us7000px8h,usauto7000px8h,",",us,usauto,",",dyfi,internal-moment-tensor,losspager,moment-tensor,origin,phase-data,shakemap,",144.0,0.43,0.9,34.0,mww,earthquake,"M 5.6 - 37 km ESE of Hualien City, Taiwan",121.9671,23.909,27.0,us7000px8h,2025-05-05 10:53:27.776000+00:00,2025,5,5,10,Faible,2.5649493574615367,4.9,2.5649493574615367
5.8,"5 km NNE of Nuevo León, Mexico",1746433693833,1752337845040,,https://earthquake.usgs.gov/earthquakes/eventpage/us7000px7i,https://earthquake.usgs.gov/fdsnws/event/1/query?eventid=us7000px7i&format=geojson,7.0,3.8,3.029,green,reviewed,0,520,us,7000px7i,",us7000px7i,usauto7000px7i,pt25125000,",",us,usauto,pt,",",dyfi,internal-moment-tensor,internal-origin,losspager,moment-tensor,origin,phase-data,shakemap,",174.0,0.469,0.63,75.0,mww,earthquake,"M 5.8 - 5 km NNE of Nuevo León, Mexico",-92.5534,16.5292,261.0,us7000px7i,2025-05-05 08:28:13.833000+00:00,2025,5,5,8,Faible,2.0794415416798357,3.8,2.0794415416798357
6.0,southern East Pacific Rise,1746417339960,1752337845040,,https://earthquake.usgs.gov/earthquakes/eventpage/us7000px6v,https://earthquake.usgs.gov/fdsnws/event/1/query?eventid=us7000px6v&format=geojson,,,0.0,green,reviewed,0,554,us,7000px6v,",usauto7000px6w,us7000px6v,",",usauto,us,",",internal-moment-tensor,losspager,moment-tensor,origin,phase-data,shakemap,",139.0,28.091,0.85,65.0,mww,earthquake,M 6.0 - southern East Pacific Rise,-107.4203,-35.1429,10.0,us7000px6v,2025-05-05 03:55:39.960000+00:00,2025,5,5,3,Faible,,4.1,2.5649493574615367
5.4,"59 km S of Whites City, New Mexico",1746323225553,1777859829962,,https://earthquake.usgs.gov/earthquakes/eventpage/tx2025iqwk,https://earthquake.usgs.gov/fdsnws/event/1/query?eventid=tx2025iqwk&format=geojson,1696.0,5.3,6.745,green,reviewed,0,979,tx,2025iqwk,",us7000pwzs,tx2025iqwk,usauto7000pwzs,",",us,tx,usauto,",",dyfi,event-sequence,ground-failure,internal-moment-tensor,losspager,moment-tensor,oaf,origin,phase-data,shakemap,",12.0,0.0,0.1,69.0,ml,earthquake,"M 5.4 - 59 km S of Whites City, New Mexico",-104.458,31.647,7.5354,tx2025iqwk,2025-05-04 01:47:05.553000+00:00,2025,5,4,1,Faible,7.436617265234227,5.3,7.436617265234227
5.9,"158 km W of Gorontalo, Indonesia",1746276703462,1752337843040,,https://earthquake.usgs.gov/earthquakes/eventpage/us7000pwvy,https://earthquake.usgs.gov/fdsnws/event/1/query?eventid=us7000pwvy&format=geojson,8.0,6.4,4.375,green,reviewed,0,541,us,7000pwvy,",us7000pwvy,usauto7000pwvy,pt25123000,at00svorqa,",",us,usauto,pt,at,",",dyfi,ground-failure,impact-text,internal-moment-tensor,internal-origin,losspager,moment-tensor,origin,phase-data,shakemap,",155.0,1.045,0.94,19.0,mww,earthquake,"M 5.9 - 158 km W of Gorontalo, Indonesia",121.636,0.5053,92.0,us7000pwvy,2025-05-03 12:51:43.462000+00:00,2025,5,3,12,Faible,2.1972245773362196,6.4,2.1972245773362196
5.2,"62 km SSW of Vanimo, Papua New Guinea",1746249036688,1752337843040,,https://earthquake.usgs.gov/earthquakes/eventpage/us7000pwu9,https://earthquake.usgs.gov/fdsnws/event/1/query?eventid=us7000pwu9&format=geojson,9.0,6.0,6.339,green,reviewed,0,421,us,7000pwu9,",us7000pwu9,usauto7000pwu9,",",us,usauto,",",dyfi,ground-failure,internal-moment-tensor,losspager,origin,phase-data,shakemap,",106.0,0.753,0.65,49.0,mww,earthquake,"M 5.2 - 62 km SSW of Vanimo, Papua New Guinea",141.0465,-3.1894,10.0,us7000pwu9,2025-05-03 05:10:36.688000+00:00,2025,5,3,5,Faible,2.302585092994046,6.0,2.302585092994046
5.3,"266 km SSE of Ushuaia, Argentina",1746216855352,1752337842040,,https://earthquake.usgs.gov/earthquakes/eventpage/us7000pwrl,https://earthquake.usgs.gov/fdsnws/event/1/query?eventid=us7000pwrl&format=geojson,,,3.168,green,reviewed,0,432,us,7000pwrl,",us7000pwrl,",",us,",",losspager,origin,phase-data,shakemap,",131.0,3.76,0.54,89.0,mb,earthquake,"M 5.3 - 266 km SSE of Ushuaia, Argentina",-67.2677,-57.1328,10.0,us7000pwrl,2025-05-02 20:14:15.352000+00:00,2025,5,2,20,Faible,,4.1,2.5649493574615367
6.4,"289 km SSE of Ushuaia, Argentina",1746208747662,1752337842040,,https://earthquake.usgs.gov/earthquakes/eventpage/us7000pwpu,https://earthquake.usgs.gov/fdsnws/event/1/query?eventid=us7000pwpu&format=geojson,6.0,5.7,4.057,green,reviewed,1,634,us,7000pwpu,",at00svnbao,usauto7000pwpu,us7000pwpu,pt25122002,at00svnbaq,usauto7000pwpv,",",at,usauto,us,pt,at,usauto,",",associate,dyfi,impact-link,internal-moment-tensor,internal-origin,losspager,moment-tensor,origin,phase-data,shakemap,",287.0,2.402,0.57,16.0,mww,earthquake,"M 6.4 - 289 km SSE of Ushuaia, Argentina",-67.0168,-57.304,8.0,us7000pwpu,2025-05-02 17:59:07.662000+00:00,2025,5,2,17,Faible,1.9459101490553132,5.7,1.9459101490553132
5.3,"279 km S of Ushuaia, Argentina",1746194102779,1752337842040,,https://earthquake.usgs.gov/earthquakes/eventpage/us7000pwl6,https://earthquake.usgs.gov/fdsnws/event/1/query?eventid=us7000pwl6&format=geojson,,,3.132,green,reviewed,0,432,us,7000pwl6,",us7000pwl6,",",us,",",losspager,origin,phase-data,shakemap,",91.0,3.82,0.62,62.0,mb,earthquake,"M 5.3 - 279 km S of Ushuaia, Argentina",-67.5325,-57.2793,10.0,us7000pwl6,2025-05-02 13:55:02.779000+00:00,2025,5,2,13,Faible,,4.1,2.5649493574615367
5.6,"262 km SSE of Ushuaia, Argentina",1746191408321,1752337842040,,https://earthquake.usgs.gov/earthquakes/eventpage/us7000pwl0,https://earthquake.usgs.gov/fdsnws/event/1/query?eventid=us7000pwl0&format=geojson,,,3.518,green,reviewed,0,482,us,7000pwl0,",us7000pwl0,",",us,",",losspager,origin,phase-data,shakemap,",76.0,3.688,0.7,41.0,mb,earthquake,"M 5.6 - 262 km SSE of Ushuaia, Argentina",-67.4986,-57.121,10.0,us7000pwl0,2025-05-02 13:10:08.321000+00:00,2025,5,2,13,Faible,,4.1,2.5649493574615367
5.7,"278 km SSE of Ushuaia, Argentina",1746191380634,1752337842040,,https://earthquake.usgs.gov/earthquakes/eventpage/us7000pwkz,https://earthquake.usgs.gov/fdsnws/event/1/query?eventid=us7000pwkz&format=geojson,,,3.51,green,reviewed,0,500,us,7000pwkz,",us7000pwkz,",",us,",",losspager,origin,phase-data,shakemap,",140.0,2.322,0.65,101.0,mb,earthquake,"M 5.7 - 278 km SSE of Ushuaia, Argentina",-67.2023,-57.2358,10.0,us7000pwkz,2025-05-02 13:09:40.634000+00:00,2025,5,2,13,Faible,,4.1,2.5649493574615367
5.4,"228 km S of Ushuaia, Argentina",1746191265852,1752337842040,,https://earthquake.usgs.gov/earthquakes/eventpage/us7000pwl1,https://earthquake.usgs.gov/fdsnws/event/1/query?eventid=us7000pwl1&format=geojson,1.0,2.7,3.389,green,reviewed,0,449,us,7000pwl1,",us7000pwl1,",",us,",",dyfi,losspager,origin,phase-data,shakemap,",94.0,2.389,0.8,111.0,mb,earthquake,"M 5.4 - 228 km S of Ushuaia, Argentina",-68.5794,-56.8541,10.0,us7000pwl1,2025-05-02 13:07:45.852000+00:00,2025,5,2,13,Faible,0.6931471805599453,2.7,0.6931471805599453
5.5,"256 km SSE of Ushuaia, Argentina",1746190996417,1752337843040,,https://earthquake.usgs.gov/earthquakes/eventpage/us7000pwt4,https://earthquake.usgs.gov/fdsnws/event/1/query?eventid=us7000pwt4&format=geojson,,,3.457,green,reviewed,0,465,us,7000pwt4,",us7000pwt4,",",us,",",losspager,origin,phase-data,shakemap,",31.0,2.135,0.55,170.0,mb,earthquake,"M 5.5 - 256 km SSE of Ushuaia, Argentina",-67.3954,-57.0575,10.0,us7000pwt4,2025-05-02 13:03:16.417000+00:00,2025,5,2,13,Faible,,4.1,2.5649493574615367
7.4,2025 Drake Passage Earthquake,1746190706014,1752337842040,,https://earthquake.usgs.gov/earthquakes/eventpage/us7000pwkn,https://earthquake.usgs.gov/fdsnws/event/1/query?eventid=us7000pwkn&format=geojson,53.0,8.9,5.159,green,reviewed,1,890,us,7000pwkn,",at00svmxdi,us7000pwkn,pt25122001,usauto7000pwkn,",",at,us,pt,usauto,",",dyfi,earthquake-name,finite-fault,general-text,ground-failure,impact-link,impact-text,internal-moment-tensor,internal-origin,losspager,moment-tensor,origin,phase-data,shakemap,",284.0,1.9,0.75,20.0,mww,earthquake,M 7.4 - 2025 Drake Passage Earthquake,-68.1019,-56.8094,10.0,us7000pwkn,2025-05-02 12:58:26.014000+00:00,2025,5,2,12,Faible,3.9889840465642745,8.9,3.9889840465642745
5.8,"118 km SE of Panguna, Papua New Guinea",1746183559540,1752337841040,,https://earthquake.usgs.gov/earthquakes/eventpage/us7000pwjw,https://earthquake.usgs.gov/fdsnws/event/1/query?eventid=us7000pwjw&format=geojson,1.0,2.7,4.307,green,reviewed,0,518,us,7000pwjw,",us7000pwjw,usauto7000pwjw,pt25122000,",",us,usauto,pt,",",dyfi,internal-moment-tensor,internal-origin,losspager,moment-tensor,origin,phase-data,shakemap,",148.0,4.395,0.54,30.0,mww,earthquake,"M 5.8 - 118 km SE of Panguna, Papua New Guinea",156.1376,-7.164,43.0,us7000pwjw,2025-05-02 10:59:19.540000+00:00,2025,5,2,10,Faible,0.6931471805599453,2.7,0.6931471805599453
5.4,"56 km S of Tinogasta, Argentina",1746115492814,1752337841040,,https://earthquake.usgs.gov/earthquakes/eventpage/us7000pwdl,https://earthquake.usgs.gov/fdsnws/event/1/query?eventid=us7000pwdl&format=geojson,11.0,6.8,7.154,green,reviewed,0,456,us,7000pwdl,",us7000pwdl,usauto7000pwdl,",",us,usauto,",",dyfi,ground-failure,impact-text,internal-moment-tensor,losspager,moment-tensor,origin,phase-data,shakemap,",126.0,2.822,0.83,18.0,mww,earthquake,"M 5.4 - 56 km S of Tinogasta, Argentina",-67.4699,-28.5676,11.0,us7000pwdl,2025-05-01 16:04:52.814000+00:00,2025,5,1,16,Faible,2.4849066497880004,6.8,2.4849066497880004
3.94,"4 km WNW of Independence, Utah",1746079878930,1760720715055,,https://earthquake.usgs.gov/earthquakes/eventpage/uu80106731,https://earthquake.usgs.gov/fdsnws/event/1/query?eventid=uu80106731&format=geojson,2650.0,3.8,4.025,green,reviewed,0,619,uu,80106731,",us7000pwb4,uu80106731,",",us,uu,",",dyfi,losspager,moment-tensor,origin,phase-data,shakemap,",48.0,0.271,0.2,107.0,ml,earthquake,"M 3.9 - 4 km WNW of Independence, Utah",-111.304166666667,40.3173333333333,13.8,uu80106731,2025-05-01 06:11:18.930000+00:00,2025,5,1,6,Faible,7.8826922062890254,3.8,7.8826922062890254
5.4,"101 km E of Kimbe, Papua New Guinea",1746013903977,1752337840040,,https://earthquake.usgs.gov/earthquakes/eventpage/us7000pw2m,https://earthquake.usgs.gov/fdsnws/event/1/query?eventid=us7000pw2m&format=geojson,1.0,0.0,4.428,green,reviewed,0,449,us,7000pw2m,",us7000pw2m,usauto7000pw2m,",",us,usauto,",",dyfi,internal-moment-tensor,losspager,moment-tensor,origin,phase-data,shakemap,",176.0,1.79,0.93,30.0,mww,earthquake,"M 5.4 - 101 km E of Kimbe, Papua New Guinea",151.0556,-5.6091,74.502,us7000pw2m,2025-04-30 11:51:43.977000+00:00,2025,4,30,11,Faible,0.6931471805599453,0.0,0.6931471805599453
3.98016704865122,"91 km SSW of Alberto Oviedo Mota, B.C., MX",1746004421170,1764103643287,,https://earthquake.usgs.gov/earthquakes/eventpage/ci41140272,https://earthquake.usgs.gov/fdsnws/event/1/query?eventid=ci41140272&format=geojson,6.0,3.3,3.787,green,reviewed,0,246,ci,41140272,",ci41140272,us7000pw1r,ew1746004440,",",ci,us,ew,",",dyfi,losspager,moment-tensor,nearby-cities,origin,phase-data,scitech-link,shake-alert,shakemap,",15.0,0.1786,0.23,107.0,mw,earthquake,"M 4.0 - 91 km SSW of Alberto Oviedo Mota, B.C., MX",-115.6216667,31.5041667,7.83,ci41140272,2025-04-30 09:13:41.170000+00:00,2025,4,30,9,Faible,1.9459101490553132,3.3,1.9459101490553132
6.8,Macquarie Island region,1745938417897,1752248783040,,https://earthquake.usgs.gov/earthquakes/eventpage/us7000pvtr,https://earthquake.usgs.gov/fdsnws/event/1/query?eventid=us7000pvtr&format=geojson,0.0,1.0,3.92,green,reviewed,1,711,us,7000pvtr,",us7000pvtr,pt25119052,at00svhipf,usauto7000pvtr,",",us,pt,at,usauto,",",dyfi,ground-failure,impact-link,internal-moment-tensor,internal-origin,losspager,moment-tensor,origin,phase-data,shakemap,",475.0,1.942,0.51,11.0,mww,earthquake,M 6.8 - Macquarie Island region,155.6446,-54.2616,18.957,us7000pvtr,2025-04-29 14:53:37.897000+00:00,2025,4,29,14,Faible,0.0,1.0,0.0
5.6,Kermadec Islands region,1745933430110,1752671162578,,https://earthquake.usgs.gov/earthquakes/eventpage/us7000pvta,https://earthquake.usgs.gov/fdsnws/event/1/query?eventid=us7000pvta&format=geojson,,,0.0,green,reviewed,0,482,us,7000pvta,",us7000pvta,",",us,",",losspager,origin,phase-data,shakemap,",104.0,2.561,0.54,80.0,mww,earthquake,M 5.6 - Kermadec Islands region,-175.2966,-28.1396,10.0,us7000pvta,2025-04-29 13:30:30.110000+00:00,2025,4,29,13,Faible,,4.1,2.5649493574615367
6.2,"285 km SW of Bluff, New Zealand",1745932592562,1752248783040,,https://earthquake.usgs.gov/earthquakes/eventpage/us7000pvt7,https://earthquake.usgs.gov/fdsnws/event/1/query?eventid=us7000pvt7&format=geojson,,,3.94,green,reviewed,0,591,us,7000pvt7,",us7000pvt7,usauto7000pvt7,at00svhe7n,pt25119051,",",us,usauto,at,pt,",",ground-failure,internal-moment-tensor,internal-origin,losspager,moment-tensor,origin,phase-data,shakemap,",174.0,2.21,0.69,42.0,mww,earthquake,"M 6.2 - 285 km SW of Bluff, New Zealand",165.3571,-48.1824,10.595,us7000pvt7,2025-04-29 13:16:32.562000+00:00,2025,4,29,13,Faible,,4.1,2.5649493574615367
4.5,"29 km SW of Hope, Alaska",1745913820871,1752248783040,,https://earthquake.usgs.gov/earthquakes/eventpage/ak0255gxqhup,https://earthquake.usgs.gov/fdsnws/event/1/query?eventid=ak0255gxqhup&format=geojson,1891.0,4.1,3.636,green,reviewed,1,722,ak,0255gxqhup,",ak0255gxqhup,at00svgzq4,us7000pvrr,",",ak,at,us,",",dyfi,impact-link,losspager,moment-tensor,origin,phase-data,shakemap,",,,0.87,,mwr,earthquake,"M 4.5 - 29 km SW of Hope, Alaska",-150.0416,60.7376,41.5,ak0255gxqhup,2025-04-29 08:03:40.871000+00:00,2025,4,29,8,Faible,7.545389749611823,4.1,7.545389749611823
5.4,"39 km E of Kandrian, Papua New Guinea",1745899282438,1752248783040,,https://earthquake.usgs.gov/earthquakes/eventpage/us7000pvqh,https://earthquake.usgs.gov/fdsnws/event/1/query?eventid=us7000pvqh&format=geojson,,,4.819,green,reviewed,0,449,us,7000pvqh,",usauto7000pvqh,us7000pvqh,",",usauto,us,",",internal-moment-tensor,losspager,origin,phase-data,shakemap,",212.0,3.048,0.72,24.0,mww,earthquake,"M 5.4 - 39 km E of Kandrian, Papua New Guinea",149.8973,-6.2542,35.0,us7000pvqh,2025-04-29 04:01:22.438000+00:00,2025,4,29,4,Faible,,4.1,2.5649493574615367
5.6,"65 km N of Namuac, Philippines",1745774307488,1752248782040,,https://earthquake.usgs.gov/earthquakes/eventpage/us7000pvfd,https://earthquake.usgs.gov/fdsnws/event/1/query?eventid=us7000pvfd&format=geojson,4.0,5.0,4.712,green,reviewed,0,484,us,7000pvfd,",us7000pvfd,usauto7000pvfd,pt25117001,",",us,usauto,pt,",",dyfi,ground-failure,internal-moment-tensor,internal-origin,losspager,moment-tensor,origin,phase-data,shakemap,",130.0,3.593,0.99,26.0,mww,earthquake,"M 5.6 - 65 km N of Namuac, Philippines",121.1565,19.2068,18.0,us7000pvfd,2025-04-27 17:18:27.488000+00:00,2025,4,27,17,Faible,1.6094379124341003,5.0,1.6094379124341003
5.5,"66 km N of Claveria, Philippines",1745772865986,1752248782040,,https://earthquake.usgs.gov/earthquakes/eventpage/us7000pvfb,https://earthquake.usgs.gov/fdsnws/event/1/query?eventid=us7000pvfb&format=geojson,0.0,1.0,4.92,green,reviewed,0,465,us,7000pvfb,",us7000pvfb,usauto7000pvfb,",",us,usauto,",",dyfi,ground-failure,internal-moment-tensor,losspager,moment-tensor,origin,phase-data,shakemap,",96.0,3.59,1.08,26.0,mww,earthquake,"M 5.5 - 66 km N of Claveria, Philippines",121.0904,19.2094,20.0,us7000pvfb,2025-04-27 16:54:25.986000+00:00,2025,4,27,16,Faible,0.0,1.0,0.0
5.9,west of Macquarie Island,1745745762704,1752248781040,,https://earthquake.usgs.gov/earthquakes/eventpage/us7000pvd8,https://earthquake.usgs.gov/fdsnws/event/1/query?eventid=us7000pvd8&format=geojson,,,0.0,green,reviewed,0,536,us,7000pvd8,",usauto7000pvd8,pt25117000,us7000pvd8,",",usauto,pt,us,",",internal-moment-tensor,internal-origin,losspager,moment-tensor,origin,phase-data,shakemap,",139.0,6.969,0.8,45.0,mww,earthquake,M 5.9 - west of Macquarie Island,147.0791,-56.1563,10.0,us7000pvd8,2025-04-27 09:22:42.704000+00:00,2025,4,27,9,Faible,,4.1,2.5649493574615367
4.2,"3 km WSW of Ninilchik, Alaska",1745697293757,1752248781040,,https://earthquake.usgs.gov/earthquakes/eventpage/ak0255c5z643,https://earthquake.usgs.gov/fdsnws/event/1/query?eventid=ak0255c5z643&format=geojson,220.0,3.5,3.52,green,reviewed,1,348,ak,0255c5z643,",at00svccnh,ak0255c5z643,us7000pv9w,",",at,ak,us,",",dyfi,impact-link,losspager,moment-tensor,origin,phase-data,shakemap,",,,0.94,,mwr,earthquake,"M 4.2 - 3 km WSW of Ninilchik, Alaska",-151.7327,60.0437,62.1,ak0255c5z643,2025-04-26 19:54:53.757000+00:00,2025,4,26,19,Faible,5.3981627015177525,3.5,5.3981627015177525
6.3,"19 km NE of Esmeraldas, Ecuador",1745581492634,1752248780040,,https://earthquake.usgs.gov/earthquakes/eventpage/us7000pv06,https://earthquake.usgs.gov/fdsnws/event/1/query?eventid=us7000pv06&format=geojson,61.0,7.3,7.42,yellow,reviewed,0,695,us,7000pv06,",us7000pv06,usauto7000pv06,at00sv9vas,pt25115000,",",us,usauto,at,pt,",",dyfi,ground-failure,impact-text,internal-moment-tensor,internal-origin,losspager,moment-tensor,origin,phase-data,shakemap,",208.0,0.715,1.12,32.0,mww,earthquake,"M 6.3 - 19 km NE of Esmeraldas, Ecuador",-79.5319,1.0835,18.0,us7000pv06,2025-04-25 11:44:52.634000+00:00,2025,4,25,11,Modéré,4.127134385045092,7.3,4.127134385045092
5.7,southeast Indian Ridge,1745533377397,1752248780040,,https://earthquake.usgs.gov/earthquakes/eventpage/us7000pux2,https://earthquake.usgs.gov/fdsnws/event/1/query?eventid=us7000pux2&format=geojson,,,0.0,green,reviewed,0,500,us,7000pux2,",usauto7000pux2,us7000pux2,",",usauto,us,",",internal-moment-tensor,losspager,moment-tensor,origin,phase-data,shakemap,",62.0,17.521,0.88,43.0,mww,earthquake,M 5.7 - southeast Indian Ridge,95.9761,-46.3555,10.0,us7000pux2,2025-04-24 22:22:57.397000+00:00,2025,4,24,22,Faible,,4.1,2.5649493574615367
4.22,"56 km WNW of Petrolia, CA",1745466106120,1752248779040,,https://earthquake.usgs.gov/earthquakes/eventpage/nc75170586,https://earthquake.usgs.gov/fdsnws/event/1/query?eventid=nc75170586&format=geojson,21.0,3.8,2.755,green,reviewed,0,282,nc,75170586,",ew1745466110,nc75170586,us7000puna,",",ew,nc,us,",",dyfi,focal-mechanism,losspager,moment-tensor,nearby-cities,origin,phase-data,scitech-link,shake-alert,shakemap,",184.0,0.4651,0.21,232.0,mw,earthquake,"M 4.2 - 56 km WNW of Petrolia, CA",-124.944666666667,40.3551666666667,10.06,nc75170586,2025-04-24 03:41:46.120000+00:00,2025,4,24,3,Faible,3.091042453358316,3.8,3.091042453358316
6.2,"24 km SE of Marmara Ereğlisi, Turkey",1745401751631,1785952840803,,https://earthquake.usgs.gov/earthquakes/eventpage/us7000pufs,https://earthquake.usgs.gov/fdsnws/event/1/query?eventid=us7000pufs&format=geojson,937.0,7.3,8.039,orange,reviewed,0,1684,us,7000pufs,",us7000pufs,usauto7000pufs,pt25113000,at00sv60m1,",",us,usauto,pt,at,",",dyfi,ground-failure,impact-text,internal-moment-tensor,internal-origin,losspager,moment-tensor,origin,phase-data,shakemap,",275.0,1.129,0.51,17.0,mww,earthquake,"M 6.2 - 24 km SE of Marmara Ereğlisi, Turkey",28.1897,40.8342,12.736,us7000pufs,2025-04-23 09:49:11.631000+00:00,2025,4,23,9,Sévère,6.843749949006225,7.3,6.843749949006225
4.5,"6 km NW of Willow, Alaska",1745367891298,1764267227937,,https://earthquake.usgs.gov/earthquakes/eventpage/ak02556vvgv8,https://earthquake.usgs.gov/fdsnws/event/1/query?eventid=ak02556vvgv8&format=geojson,1659.0,4.5,3.905,green,reviewed,1,762,ak,02556vvgv8,",ak02556vvgv8,at00sv5ahe,us7000pude,",",ak,at,us,",",dyfi,impact-link,losspager,moment-tensor,origin,phase-data,shakemap,",,,0.96,,mwr,earthquake,"M 4.5 - 6 km NW of Willow, Alaska",-150.1102,61.7972,40.8,ak02556vvgv8,2025-04-23 00:24:51.298000+00:00,2025,4,23,0,Faible,7.414572881350589,4.5,7.414572881350589
5.7,"92 km NNW of Sola, Vanuatu",1745340932564,1750984491040,,https://earthquake.usgs.gov/earthquakes/eventpage/us7000pua3,https://earthquake.usgs.gov/fdsnws/event/1/query?eventid=us7000pua3&format=geojson,,,3.342,green,reviewed,0,500,us,7000pua3,",usauto7000pua3,us7000pua3,",",usauto,us,",",internal-moment-tensor,losspager,moment-tensor,origin,phase-data,shakemap,",397.0,2.31,0.7,16.0,mww,earthquake,"M 5.7 - 92 km NNW of Sola, Vanuatu",167.1763,-13.1236,197.0,us7000pua3,2025-04-22 16:55:32.564000+00:00,2025,4,22,16,Faible,,4.1,2.5649493574615367
5.7,"135 km N of Lae, Papua New Guinea",1745328548956,1750984490040,,https://earthquake.usgs.gov/earthquakes/eventpage/us7000pu7q,https://earthquake.usgs.gov/fdsnws/event/1/query?eventid=us7000pu7q&format=geojson,5.0,3.3,3.289,green,reviewed,0,501,us,7000pu7q,",us7000pu7q,usauto7000pu7q,",",us,usauto,",",dyfi,internal-moment-tensor,losspager,moment-tensor,origin,phase-data,shakemap,",374.0,3.452,0.8,10.0,mww,earthquake,"M 5.7 - 135 km N of Lae, Papua New Guinea",146.9905,-5.498,199.0,us7000pu7q,2025-04-22 13:29:08.956000+00:00,2025,4,22,13,Faible,1.791759469228055,3.3,1.791759469228055
6.2,"271 km SE of Pondaguitan, Philippines",1745317031888,1750984489040,,https://earthquake.usgs.gov/earthquakes/eventpage/us7000pu62,https://earthquake.usgs.gov/fdsnws/event/1/query?eventid=us7000pu62&format=geojson,8.0,3.3,4.11,green,reviewed,0,594,us,7000pu62,",us7000pu62,usauto7000pu62,pt25112000,at00sv478r,",",us,usauto,pt,at,",",dyfi,ground-failure,internal-moment-tensor,internal-origin,losspager,moment-tensor,origin,phase-data,shakemap,",242.0,2.351,0.85,23.0,mww,earthquake,"M 6.2 - 271 km SE of Pondaguitan, Philippines",127.831,4.5538,104.0,us7000pu62,2025-04-22 10:17:11.888000+00:00,2025,4,22,10,Faible,2.1972245773362196,3.3,2.1972245773362196
5.2,"122 km SSW of Banjar, Indonesia",1745316844442,1750984489040,,https://earthquake.usgs.gov/earthquakes/eventpage/us7000pu5z,https://earthquake.usgs.gov/fdsnws/event/1/query?eventid=us7000pu5z&format=geojson,7.0,3.1,3.831,green,reviewed,0,418,us,7000pu5z,",us7000pu5z,usauto7000pu5z,",",us,usauto,",",dyfi,internal-moment-tensor,losspager,origin,phase-data,shakemap,",161.0,1.008,0.51,41.0,mww,earthquake,"M 5.2 - 122 km SSW of Banjar, Indonesia",106.94,-8.1895,41.502,us7000pu5z,2025-04-22 10:14:04.442000+00:00,2025,4,22,10,Faible,2.0794415416798357,3.1,2.0794415416798357
5.4,"152 km WSW of Fakfak, Indonesia",1745173190158,1750984480040,,https://earthquake.usgs.gov/earthquakes/eventpage/us6000q7ex,https://earthquake.usgs.gov/fdsnws/event/1/query?eventid=us6000q7ex&format=geojson,,,5.12,green,reviewed,0,449,us,6000q7ex,",usauto6000q7ex,us6000q7ex,",",usauto,us,",",internal-moment-tensor,losspager,moment-tensor,origin,phase-data,shakemap,",93.0,1.328,0.66,27.0,mww,earthquake,"M 5.4 - 152 km WSW of Fakfak, Indonesia",130.9957,-3.3667,10.0,us6000q7ex,2025-04-20 18:19:50.158000+00:00,2025,4,20,18,Faible,,4.1,2.5649493574615367
5.5,"96 km NNE of Hihifo, Tonga",1745081705702,1750984474040,,https://earthquake.usgs.gov/earthquakes/eventpage/us6000q78n,https://earthquake.usgs.gov/fdsnws/event/1/query?eventid=us6000q78n&format=geojson,4.0,4.2,3.872,green,reviewed,0,467,us,6000q78n,",us6000q78n,usauto6000q78n,",",us,usauto,",",dyfi,internal-moment-tensor,losspager,moment-tensor,origin,phase-data,shakemap,",189.0,2.066,0.69,43.0,mww,earthquake,"M 5.5 - 96 km NNE of Hihifo, Tonga",-173.5079,-15.1316,36.899,us6000q78n,2025-04-19 16:55:05.702000+00:00,2025,4,19,16,Faible,1.6094379124341003,4.2,1.6094379124341003
5.9,"39 km SW of Malisbeng, Philippines",1745079074518,1751473898737,,https://earthquake.usgs.gov/earthquakes/eventpage/us6000q78l,https://earthquake.usgs.gov/fdsnws/event/1/query?eventid=us6000q78l&format=geojson,34.0,7.4,4.933,green,reviewed,0,561,us,6000q78l,",us6000q78l,usauto6000q78l,at00suz3mw,pt25109001,",",us,usauto,at,pt,",",dyfi,internal-moment-tensor,internal-origin,losspager,moment-tensor,origin,phase-data,shakemap,",174.0,1.719,0.71,15.0,mww,earthquake,"M 5.9 - 39 km SW of Malisbeng, Philippines",124.1463,5.8328,12.0,us6000q78l,2025-04-19 16:11:14.518000+00:00,2025,4,19,16,Faible,3.5553480614894135,7.4,3.5553480614894135
5.6,central Mid-Atlantic Ridge,1745070622145,1750984473040,,https://earthquake.usgs.gov/earthquakes/eventpage/us6000q787,https://earthquake.usgs.gov/fdsnws/event/1/query?eventid=us6000q787&format=geojson,,,0.0,green,reviewed,0,482,us,6000q787,",usauto6000q787,us6000q787,",",usauto,us,",",internal-moment-tensor,losspager,moment-tensor,origin,phase-data,shakemap,",79.0,13.053,0.61,55.0,mww,earthquake,M 5.6 - central Mid-Atlantic Ridge,-34.3576,7.2218,10.0,us6000q787,2025-04-19 13:50:22.145000+00:00,2025,4,19,13,Faible,,4.1,2.5649493574615367
3.9,"23 km NW of Ninilchik, Alaska",1745067687428,1750984472040,,https://earthquake.usgs.gov/earthquakes/eventpage/ak02550hbqgs,https://earthquake.usgs.gov/fdsnws/event/1/query?eventid=ak02550hbqgs&format=geojson,39.0,4.1,3.333,green,reviewed,1,250,ak,02550hbqgs,",us6000q77z,ak02550hbqgs,at00suyuue,",",us,ak,at,",",dyfi,impact-link,losspager,moment-tensor,origin,phase-data,shakemap,",,,0.83,,ml,earthquake,"M 3.9 - 23 km NW of Ninilchik, Alaska",-151.9271,60.2191,80.8,ak02550hbqgs,2025-04-19 13:01:27.428000+00:00,2025,4,19,13,Faible,3.6888794541139363,4.1,3.6888794541139363
4.5,"20 km WNW of Tyonek, Alaska",1745047135500,1750984470040,,https://earthquake.usgs.gov/earthquakes/eventpage/ak02550duu6u,https://earthquake.usgs.gov/fdsnws/event/1/query?eventid=ak02550duu6u&format=geojson,1444.0,3.8,3.527,green,reviewed,1,692,ak,02550duu6u,",ak02550duu6u,at00suyezi,us6000q76j,",",ak,at,us,",",dyfi,impact-link,losspager,moment-tensor,origin,phase-data,shakemap,",,,0.89,,mwr,earthquake,"M 4.5 - 20 km WNW of Tyonek, Alaska",-151.4744,61.159,90.5,ak02550duu6u,2025-04-19 07:18:55.500000+00:00,2025,4,19,7,Faible,7.275864600546533,3.8,7.275864600546533
5.7,"58 km SSW of Ashkāsham, Afghanistan",1745045275932,1750984470040,,https://earthquake.usgs.gov/earthquakes/eventpage/us6000q76g,https://earthquake.usgs.gov/fdsnws/event/1/query?eventid=us6000q76g&format=geojson,20.0,4.6,3.851,green,reviewed,0,509,us,6000q76g,",us6000q76g,usauto6000q76g,pt25109000,",",us,usauto,pt,",",dyfi,internal-moment-tensor,internal-origin,losspager,moment-tensor,origin,phase-data,shakemap,",178.0,2.316,0.82,23.0,mww,earthquake,"M 5.7 - 58 km SSW of Ashkāsham, Afghanistan",71.2246,36.2223,98.0,us6000q76g,2025-04-19 06:47:55.932000+00:00,2025,4,19,6,Faible,3.044522437723423,4.6,3.044522437723423
5.4,"156 km SE of Ust’-Kamchatsk Staryy, Russia",1745001703324,1750984467040,,https://earthquake.usgs.gov/earthquakes/eventpage/us6000q72m,https://earthquake.usgs.gov/fdsnws/event/1/query?eventid=us6000q72m&format=geojson,,,3.787,green,reviewed,0,449,us,6000q72m,",usauto6000q72m,us6000q72m,",",usauto,us,",",internal-moment-tensor,losspager,moment-tensor,origin,phase-data,shakemap,",284.0,4.149,0.62,46.0,mww,earthquake,"M 5.4 - 156 km SE of Ust’-Kamchatsk Staryy, Russia",164.4654,55.3765,10.0,us6000q72m,2025-04-18 18:41:43.324000+00:00,2025,4,18,18,Faible,,4.1,2.5649493574615367
3.9,"15 km E of Jackson, Wyoming",1744952834553,1786856068370,,https://earthquake.usgs.gov/earthquakes/eventpage/us6000q6yt,https://earthquake.usgs.gov/fdsnws/event/1/query?eventid=us6000q6yt&format=geojson,192.0,3.9,4.157,green,reviewed,0,309,us,6000q6yt,",us6000q6yt,mb90079213,",",us,mb,",",dyfi,losspager,moment-tensor,origin,phase-data,shakemap,",89.0,0.137,0.59,34.0,mwr,earthquake,"M 3.9 - 15 km E of Jackson, Wyoming",-110.5667,43.4729,3.564,us6000q6yt,2025-04-18 05:07:14.553000+00:00,2025,4,18,5,Faible,5.262690188904886,3.9,5.262690188904886
5.6,"66 km SSE of San Pedro de Atacama, Chile",1744935018965,1750984461040,,https://earthquake.usgs.gov/earthquakes/eventpage/us6000q6xh,https://earthquake.usgs.gov/fdsnws/event/1/query?eventid=us6000q6xh&format=geojson,5.0,3.4,3.864,green,reviewed,0,484,us,6000q6xh,",us6000q6xh,usauto6000q6xh,",",us,usauto,",",dyfi,internal-moment-tensor,losspager,moment-tensor,origin,phase-data,shakemap,",135.0,0.553,0.75,65.0,mww,earthquake,"M 5.6 - 66 km SSE of San Pedro de Atacama, Chile",-67.9999,-23.4826,137.0,us6000q6xh,2025-04-18 00:10:18.965000+00:00,2025,4,18,0,Faible,1.791759469228055,3.4,1.791759469228055
5.4,"243 km S of Nusa Dua, Indonesia",1744864504748,1750984501040,,https://earthquake.usgs.gov/earthquakes/eventpage/us7000pwmg,https://earthquake.usgs.gov/fdsnws/event/1/query?eventid=us7000pwmg&format=geojson,,,0.0,green,reviewed,0,449,us,7000pwmg,",us7000pwmg,",",us,",",losspager,origin,phase-data,shakemap,",44.0,2.835,1.0,156.0,mb,earthquake,"M 5.4 - 243 km S of Nusa Dua, Indonesia",115.5206,-10.9801,10.0,us7000pwmg,2025-04-17 04:35:04.748000+00:00,2025,4,17,4,Faible,,4.1,2.5649493574615367
5.5,"48 km ESE of Modisi, Indonesia",1744851084547,1750984456040,,https://earthquake.usgs.gov/earthquakes/eventpage/us6000q6n2,https://earthquake.usgs.gov/fdsnws/event/1/query?eventid=us6000q6n2&format=geojson,,,4.402,green,reviewed,0,465,us,6000q6n2,",usauto6000q6n2,pt25107000,us6000q6n2,",",usauto,pt,us,",",internal-moment-tensor,internal-origin,losspager,moment-tensor,origin,phase-data,shakemap,",208.0,1.087,0.57,16.0,mww,earthquake,"M 5.5 - 48 km ESE of Modisi, Indonesia",124.8572,0.3501,21.676,us6000q6n2,2025-04-17 00:51:24.547000+00:00,2025,4,17,0,Faible,,4.1,2.5649493574615367
5.4,south of the Kermadec Islands,1744825483559,1750984452040,,https://earthquake.usgs.gov/earthquakes/eventpage/us6000q6kn,https://earthquake.usgs.gov/fdsnws/event/1/query?eventid=us6000q6kn&format=geojson,,,2.502,green,reviewed,0,449,us,6000q6kn,",usauto6000q6kn,us6000q6kn,",",usauto,us,",",internal-moment-tensor,losspager,moment-tensor,origin,phase-data,shakemap,",106.0,4.157,0.92,79.0,mww,earthquake,M 5.4 - south of the Kermadec Islands,-179.3438,-33.8625,58.661,us6000q6kn,2025-04-16 17:44:43.559000+00:00,2025,4,16,17,Faible,,4.1,2.5649493574615367
5.6,southern Mid-Atlantic Ridge,1744807261865,1750984450040,,https://earthquake.usgs.gov/earthquakes/eventpage/us6000q6fi,https://earthquake.usgs.gov/fdsnws/event/1/query?eventid=us6000q6fi&format=geojson,,,0.0,green,reviewed,0,482,us,6000q6fi,",usauto6000q6fi,us6000q6fi,",",usauto,us,",",internal-moment-tensor,losspager,moment-tensor,origin,phase-data,shakemap,",114.0,4.849,0.53,57.0,mww,earthquake,M 5.6 - southern Mid-Atlantic Ridge,-14.2721,-32.4828,10.0,us6000q6fi,2025-04-16 12:41:01.865000+00:00,2025,4,16,12,Faible,,4.1,2.5649493574615367
6.6,southeast Indian Ridge,1744767779524,1758056319056,,https://earthquake.usgs.gov/earthquakes/eventpage/us6000q6cs,https://earthquake.usgs.gov/fdsnws/event/1/query?eventid=us6000q6cs&format=geojson,2.0,0.0,0.0,green,reviewed,0,670,us,6000q6cs,",us6000q6cs,usauto6000q6cs,at00susffs,pt25106000,",",us,usauto,at,pt,",",dyfi,internal-moment-tensor,internal-origin,losspager,moment-tensor,origin,phase-data,shakemap,",127.0,19.39,0.77,43.0,mww,earthquake,M 6.6 - southeast Indian Ridge,99.613,-47.8089,10.0,us6000q6cs,2025-04-16 01:42:59.524000+00:00,2025,4,16,1,Faible,1.0986122886681098,0.0,1.0986122886681098
5.6,"66 km NNW of Pārūn, Afghanistan",1744758839048,1749925604040,,https://earthquake.usgs.gov/earthquakes/eventpage/us6000q6c3,https://earthquake.usgs.gov/fdsnws/event/1/query?eventid=us6000q6c3&format=geojson,115.0,5.0,3.87,green,reviewed,0,540,us,6000q6c3,",us6000q6c3,usauto6000q6c3,pt25105001,",",us,usauto,pt,",",dyfi,internal-moment-tensor,internal-origin,losspager,moment-tensor,origin,phase-data,shakemap,",119.0,1.856,0.56,21.0,mww,earthquake,"M 5.6 - 66 km NNW of Pārūn, Afghanistan",70.5792,35.9493,99.0,us6000q6c3,2025-04-15 23:13:59.048000+00:00,2025,4,15,23,Faible,4.7535901911063645,5.0,4.7535901911063645
5.6,"37 km SSW of Maguling, Philippines",1744753362326,1749925604040,,https://earthquake.usgs.gov/earthquakes/eventpage/us6000q6br,https://earthquake.usgs.gov/fdsnws/event/1/query?eventid=us6000q6br&format=geojson,12.0,3.7,4.212,green,reviewed,0,487,us,6000q6br,",us6000q6br,usauto6000q6br,pt25105000,",",us,usauto,pt,",",dyfi,internal-moment-tensor,internal-origin,losspager,moment-tensor,origin,phase-data,shakemap,",90.0,1.632,0.46,38.0,mww,earthquake,"M 5.6 - 37 km SSW of Maguling, Philippines",124.2362,5.8038,10.0,us6000q6br,2025-04-15 21:42:42.326000+00:00,2025,4,15,21,Faible,2.5649493574615367,3.7,2.5649493574615367
5.21,"5 km S of Julian, CA",1744650508110,1782429364675,,https://earthquake.usgs.gov/earthquakes/eventpage/ci40925991,https://earthquake.usgs.gov/fdsnws/event/1/query?eventid=ci40925991&format=geojson,42638.0,6.1,6.375,green,reviewed,1,1028,ci,40925991,",ew1744650510,ci40925991,us6000q5zu,at00supwy4,usauto6000q5zu,pt25104000,",",ew,ci,us,at,usauto,pt,",",dyfi,event-sequence,focal-mechanism,general-link,ground-failure,impact-link,internal-moment-tensor,internal-origin,losspager,moment-tensor,nearby-cities,oaf,origin,phase-data,scitech-link,shake-alert,shakemap,",119.0,0.04508,0.21,20.0,mw,earthquake,"M 5.2 - 5 km S of Julian, CA",-116.5948333,33.0358333,14.29,ci40925991,2025-04-14 17:08:28.110000+00:00,2025,4,14,17,Faible,10.66052460640712,6.1,10.66052460640712
6.5,south of the Fiji Islands,1744574602841,1749925602040,,https://earthquake.usgs.gov/earthquakes/eventpage/us6000q5tp,https://earthquake.usgs.gov/fdsnws/event/1/query?eventid=us6000q5tp&format=geojson,5.0,0.0,3.076,green,reviewed,1,650,us,6000q5tp,",at00suoad0,us6000q5tp,pt25103001,usauto6000q5tp,",",at,us,pt,usauto,",",associate,dyfi,ground-failure,impact-link,internal-moment-tensor,internal-origin,losspager,moment-tensor,origin,phase-data,shakemap,",102.0,3.27,0.73,27.0,mww,earthquake,M 6.5 - south of the Fiji Islands,-178.3309,-25.9815,271.0,us6000q5tp,2025-04-13 20:03:22.841000+00:00,2025,4,13,20,Faible,1.791759469228055,0.0,1.791759469228055
5.9,northwest of the Kuril Islands,1744535612789,1749925602040,,https://earthquake.usgs.gov/earthquakes/eventpage/us6000q5re,https://earthquake.usgs.gov/fdsnws/event/1/query?eventid=us6000q5re&format=geojson,,,2.433,green,reviewed,0,536,us,6000q5re,",usauto6000q5re,us6000q5re,",",usauto,us,",",internal-moment-tensor,losspager,moment-tensor,origin,phase-data,shakemap,",197.0,5.043,0.87,30.0,mww,earthquake,M 5.9 - northwest of the Kuril Islands,149.7932,48.7331,369.0,us6000q5re,2025-04-13 09:13:32.789000+00:00,2025,4,13,9,Faible,,4.1,2.5649493574615367
5.8,"42 km ESE of Rasht, Tajikistan",1744518240966,1749925597040,,https://earthquake.usgs.gov/earthquakes/eventpage/us6000q5q8,https://earthquake.usgs.gov/fdsnws/event/1/query?eventid=us6000q5q8&format=geojson,31.0,7.3,7.896,yellow,reviewed,0,673,us,6000q5q8,",us6000q5q8,usauto6000q5q8,pt25103000,",",us,usauto,pt,",",dyfi,ground-failure,impact-text,internal-moment-tensor,internal-origin,losspager,moment-tensor,origin,phase-data,shakemap,",125.0,0.948,0.89,24.0,mww,earthquake,"M 5.8 - 42 km ESE of Rasht, Tajikistan",70.8325,38.8992,8.0,us6000q5q8,2025-04-13 04:24:00.966000+00:00,2025,4,13,4,Modéré,3.4657359027997265,7.3,3.4657359027997265
5.4,"46 km E of Lae, Papua New Guinea",1744516103572,1749925602040,,https://earthquake.usgs.gov/earthquakes/eventpage/us6000q5q0,https://earthquake.usgs.gov/fdsnws/event/1/query?eventid=us6000q5q0&format=geojson,4.0,3.2,4.657,green,reviewed,0,450,us,6000q5q0,",us6000q5q0,usauto6000q5q0,",",us,usauto,",",dyfi,internal-moment-tensor,losspager,moment-tensor,origin,phase-data,shakemap,",129.0,2.682,0.86,27.0,mww,earthquake,"M 5.4 - 46 km E of Lae, Papua New Guinea",147.414,-6.7172,63.058,us6000q5q0,2025-04-13 03:48:23.572000+00:00,2025,4,13,3,Faible,1.6094379124341003,3.2,1.6094379124341003
5.3,"41 km S of Kyaukse, Burma (Myanmar)",1744511097717,1749925597040,,https://earthquake.usgs.gov/earthquakes/eventpage/us6000q5ps,https://earthquake.usgs.gov/fdsnws/event/1/query?eventid=us6000q5ps&format=geojson,28.0,8.3,8.086,orange,reviewed,0,1023,us,6000q5ps,",us6000q5ps,usauto6000q5ps,",",us,usauto,",",dyfi,ground-failure,impact-text,internal-moment-tensor,losspager,moment-tensor,origin,phase-data,shakemap,",104.0,0.994,0.74,32.0,mww,earthquake,"M 5.3 - 41 km S of Kyaukse, Burma (Myanmar)",96.0897,21.2292,10.0,us6000q5ps,2025-04-13 02:24:57.717000+00:00,2025,4,13,2,Sévère,3.367295829986474,8.3,3.367295829986474
6.1,"104 km ESE of Kokopo, Papua New Guinea",1744429628682,1749925601040,,https://earthquake.usgs.gov/earthquakes/eventpage/us6000q5ka,https://earthquake.usgs.gov/fdsnws/event/1/query?eventid=us6000q5ka&format=geojson,4.0,3.4,4.907,green,reviewed,0,574,us,6000q5ka,",us6000q5ka,usauto6000q5ka,pt25102000,at00sul6ip,",",us,usauto,pt,at,",",dyfi,ground-failure,internal-moment-tensor,internal-origin,losspager,moment-tensor,origin,phase-data,shakemap,",128.0,1.102,1.05,24.0,mww,earthquake,"M 6.1 - 104 km ESE of Kokopo, Papua New Guinea",153.1423,-4.7074,52.0,us6000q5ka,2025-04-12 03:47:08.682000+00:00,2025,4,12,3,Faible,1.6094379124341003,3.4,1.6094379124341003
5.3,"73 km SE of Agats, Indonesia",1744271603652,1749925599040,,https://earthquake.usgs.gov/earthquakes/eventpage/us6000q52k,https://earthquake.usgs.gov/fdsnws/event/1/query?eventid=us6000q52k&format=geojson,3.0,2.3,5.853,green,reviewed,0,433,us,6000q52k,",us6000q52k,usauto6000q52k,",",us,usauto,",",dyfi,ground-failure,internal-moment-tensor,losspager,moment-tensor,origin,phase-data,shakemap,",109.0,1.536,0.72,56.0,mww,earthquake,"M 5.3 - 73 km SE of Agats, Indonesia",138.6803,-5.9218,35.0,us6000q52k,2025-04-10 07:53:23.652000+00:00,2025,4,10,7,Faible,1.3862943611198906,2.3,1.3862943611198906
5.4,Easter Island region,1744262813718,1749925599040,,https://earthquake.usgs.gov/earthquakes/eventpage/us6000q526,https://earthquake.usgs.gov/fdsnws/event/1/query?eventid=us6000q526&format=geojson,,,0.0,green,reviewed,0,449,us,6000q526,",usauto6000q526,us6000q526,",",usauto,us,",",internal-moment-tensor,losspager,origin,phase-data,shakemap,",105.0,3.366,0.43,79.0,mww,earthquake,M 5.4 - Easter Island region,-112.2139,-29.4766,10.0,us6000q526,2025-04-10 05:26:53.718000+00:00,2025,4,10,5,Faible,,4.1,2.5649493574615367
5.3,"162 km ESE of Kimbe, Papua New Guinea",1744253007951,1749925599040,,https://earthquake.usgs.gov/earthquakes/eventpage/us6000q519,https://earthquake.usgs.gov/fdsnws/event/1/query?eventid=us6000q519&format=geojson,,,4.248,green,reviewed,0,432,us,6000q519,",usauto6000q519,us6000q519,",",usauto,us,",",internal-moment-tensor,losspager,origin,phase-data,shakemap,",156.0,1.937,0.93,56.0,mww,earthquake,"M 5.3 - 162 km ESE of Kimbe, Papua New Guinea",151.4633,-6.1735,10.0,us6000q519,2025-04-10 02:43:27.951000+00:00,2025,4,10,2,Faible,,4.1,2.5649493574615367
5.4,central Mid-Atlantic Ridge,1744184394327,1749925598040,,https://earthquake.usgs.gov/earthquakes/eventpage/us6000q4vv,https://earthquake.usgs.gov/fdsnws/event/1/query?eventid=us6000q4vv&format=geojson,,,0.0,green,reviewed,0,449,us,6000q4vv,",usauto6000q4vv,us6000q4vv,",",usauto,us,",",internal-moment-tensor,losspager,moment-tensor,origin,phase-data,shakemap,",84.0,13.994,0.95,35.0,mww,earthquake,M 5.4 - central Mid-Atlantic Ridge,-38.0993,8.0867,10.0,us6000q4vv,2025-04-09 07:39:54.327000+00:00,2025,4,9,7,Faible,,4.1,2.5649493574615367
5.3,"46 km NNE of Yonakuni, Japan",1744125994272,1749476324040,,https://earthquake.usgs.gov/earthquakes/eventpage/us6000q4rh,https://earthquake.usgs.gov/fdsnws/event/1/query?eventid=us6000q4rh&format=geojson,38.0,4.2,3.635,green,reviewed,0,448,us,6000q4rh,",us6000q4rh,usauto6000q4rh,pt25098000,",",us,usauto,pt,",",dyfi,internal-moment-tensor,internal-origin,losspager,moment-tensor,origin,phase-data,shakemap,",215.0,0.413,0.62,31.0,mww,earthquake,"M 5.3 - 46 km NNE of Yonakuni, Japan",123.1405,24.8643,123.918,us6000q4rh,2025-04-08 15:26:34.272000+00:00,2025,4,8,15,Faible,3.6635616461296463,4.2,3.6635616461296463
5.8,"64 km SE of Sinabang, Indonesia",1744055360552,1749476323040,,https://earthquake.usgs.gov/earthquakes/eventpage/us6000q4lv,https://earthquake.usgs.gov/fdsnws/event/1/query?eventid=us6000q4lv&format=geojson,1.0,2.0,5.427,green,reviewed,0,518,us,6000q4lv,",us6000q4lv,usauto6000q4lv,pt25097000,",",us,usauto,pt,",",dyfi,ground-failure,internal-moment-tensor,internal-origin,losspager,moment-tensor,origin,phase-data,shakemap,",101.0,3.174,0.63,66.0,mww,earthquake,"M 5.8 - 64 km SE of Sinabang, Indonesia",96.7622,2.0388,18.0,us6000q4lv,2025-04-07 19:49:20.552000+00:00,2025,4,7,19,Faible,0.6931471805599453,2.0,0.6931471805599453
5.3,"156 km SSW of Severo-Kuril’sk, Russia",1743994770867,1749476323040,,https://earthquake.usgs.gov/earthquakes/eventpage/us6000q4gt,https://earthquake.usgs.gov/fdsnws/event/1/query?eventid=us6000q4gt&format=geojson,,,4.007,green,reviewed,0,432,us,6000q4gt,",usauto6000q4gt,us6000q4gt,",",usauto,us,",",internal-moment-tensor,losspager,moment-tensor,origin,phase-data,shakemap,",286.0,4.032,0.57,72.0,mww,earthquake,"M 5.3 - 156 km SSW of Severo-Kuril’sk, Russia",155.5222,49.321,59.051,us6000q4gt,2025-04-07 02:59:30.867000+00:00,2025,4,7,2,Faible,,4.1,2.5649493574615367
5.0,north of Severnaya Zemlya,1743935819675,1749476322040,,https://earthquake.usgs.gov/earthquakes/eventpage/us6000q4di,https://earthquake.usgs.gov/fdsnws/event/1/query?eventid=us6000q4di&format=geojson,,,0.0,green,reviewed,0,385,us,6000q4di,",usauto6000q4di,us6000q4di,",",usauto,us,",",internal-moment-tensor,losspager,moment-tensor,origin,phase-data,shakemap,",172.0,12.324,0.74,21.0,mww,earthquake,M 5.0 - north of Severnaya Zemlya,113.5862,83.5411,10.0,us6000q4di,2025-04-06 10:36:59.675000+00:00,2025,4,6,10,Faible,,4.1,2.5649493574615367
5.6,South Sandwich Islands region,1743852729400,1749476321040,,https://earthquake.usgs.gov/earthquakes/eventpage/us6000q48h,https://earthquake.usgs.gov/fdsnws/event/1/query?eventid=us6000q48h&format=geojson,,,3.282,green,reviewed,0,482,us,6000q48h,",us6000q48h,",",us,",",losspager,origin,phase-data,shakemap,",51.0,17.269,0.86,82.0,mb,earthquake,M 5.6 - South Sandwich Islands region,-25.508,-57.2438,24.567,us6000q48h,2025-04-05 11:32:09.400000+00:00,2025,4,5,11,Faible,,4.1,2.5649493574615367
5.5,South Sandwich Islands region,1743852552069,1749476321040,,https://earthquake.usgs.gov/earthquakes/eventpage/us6000q48d,https://earthquake.usgs.gov/fdsnws/event/1/query?eventid=us6000q48d&format=geojson,,,3.494,green,reviewed,0,465,us,6000q48d,",usauto6000q48d,us6000q48d,",",usauto,us,",",internal-moment-tensor,losspager,moment-tensor,origin,phase-data,shakemap,",71.0,17.274,1.12,69.0,mww,earthquake,M 5.5 - South Sandwich Islands region,-25.624,-57.2671,27.985,us6000q48d,2025-04-05 11:29:12.069000+00:00,2025,4,5,11,Faible,,4.1,2.5649493574615367
5.4,"184 km ESE of Kimbe, Papua New Guinea",1743843880003,1749476321040,,https://earthquake.usgs.gov/earthquakes/eventpage/us6000q47u,https://earthquake.usgs.gov/fdsnws/event/1/query?eventid=us6000q47u&format=geojson,,,3.877,green,reviewed,0,449,us,6000q47u,",usauto6000q47u,us6000q47u,",",usauto,us,",",internal-moment-tensor,losspager,moment-tensor,origin,phase-data,shakemap,",62.0,2.301,0.85,60.0,mww,earthquake,"M 5.4 - 184 km ESE of Kimbe, Papua New Guinea",151.5526,-6.4253,10.0,us6000q47u,2025-04-05 09:04:40.003000+00:00,2025,4,5,9,Faible,,4.1,2.5649493574615367
5.5,Reykjanes Ridge,1743839829413,1749476321040,,https://earthquake.usgs.gov/earthquakes/eventpage/us6000q47k,https://earthquake.usgs.gov/fdsnws/event/1/query?eventid=us6000q47k&format=geojson,,,0.0,green,reviewed,0,465,us,6000q47k,",usauto6000q47k,us6000q47k,",",usauto,us,",",internal-moment-tensor,losspager,moment-tensor,origin,phase-data,shakemap,",155.0,11.327,0.64,97.0,mww,earthquake,M 5.5 - Reykjanes Ridge,-32.0879,52.488,10.0,us6000q47k,2025-04-05 07:57:09.413000+00:00,2025,4,5,7,Faible,,4.1,2.5649493574615367
5.4,"176 km ESE of Kimbe, Papua New Guinea",1743797820683,1749476325040,,https://earthquake.usgs.gov/earthquakes/eventpage/us6000q66u,https://earthquake.usgs.gov/fdsnws/event/1/query?eventid=us6000q66u&format=geojson,,,4.262,green,reviewed,0,449,us,6000q66u,",us6000q66u,",",us,",",losspager,origin,phase-data,shakemap,",83.0,1.88,0.78,65.0,mb,earthquake,"M 5.4 - 176 km ESE of Kimbe, Papua New Guinea",151.6096,-6.1528,10.0,us6000q66u,2025-04-04 20:17:00.683000+00:00,2025,4,4,20,Faible,,4.1,2.5649493574615367
6.9,"184 km ESE of Kimbe, Papua New Guinea",1743797078129,1749476320040,,https://earthquake.usgs.gov/earthquakes/eventpage/us6000q41n,https://earthquake.usgs.gov/fdsnws/event/1/query?eventid=us6000q41n&format=geojson,13.0,5.3,5.967,green,reviewed,1,739,us,6000q41n,",at00su7mhf,us6000q41n,pt25094051,usauto6000q41n,",",at,us,pt,usauto,",",associate,dyfi,ground-failure,impact-link,impact-text,internal-moment-tensor,internal-origin,losspager,moment-tensor,origin,phase-data,shakemap,",333.0,2.022,0.78,11.0,mww,earthquake,"M 6.9 - 184 km ESE of Kimbe, Papua New Guinea",151.6257,-6.3025,9.0,us6000q41n,2025-04-04 20:04:38.129000+00:00,2025,4,4,20,Faible,2.6390573296152584,5.3,2.6390573296152584
5.6,"81 km WNW of Hihifo, Tonga",1743753666751,1749476320040,,https://earthquake.usgs.gov/earthquakes/eventpage/us6000q3w4,https://earthquake.usgs.gov/fdsnws/event/1/query?eventid=us6000q3w4&format=geojson,,,3.168,green,reviewed,0,482,us,6000q3w4,",usauto6000q3w4,us6000q3w4,pt25094050,",",usauto,us,pt,",",internal-moment-tensor,losspager,moment-tensor,origin,phase-data,shakemap,",95.0,3.114,0.78,43.0,mww,earthquake,"M 5.6 - 81 km WNW of Hihifo, Tonga",-174.4737,-15.6272,201.0,us6000q3w4,2025-04-04 08:01:06.751000+00:00,2025,4,4,8,Faible,,4.1,2.5649493574615367
5.4,Reykjanes Ridge,1743696318717,1749476319040,,https://earthquake.usgs.gov/earthquakes/eventpage/us6000q3qi,https://earthquake.usgs.gov/fdsnws/event/1/query?eventid=us6000q3qi&format=geojson,,,0.0,green,reviewed,0,449,us,6000q3qi,",us6000q3qi,",",us,",",losspager,origin,phase-data,shakemap,",218.0,11.108,0.8,31.0,mb,earthquake,M 5.4 - Reykjanes Ridge,-34.8664,52.7835,10.0,us6000q3qi,2025-04-03 16:05:18.717000+00:00,2025,4,3,16,Faible,,4.1,2.5649493574615367
6.9,Reykjanes Ridge,1743689369739,1758854480426,,https://earthquake.usgs.gov/earthquakes/eventpage/us6000q3nw,https://earthquake.usgs.gov/fdsnws/event/1/query?eventid=us6000q3nw&format=geojson,,,0.0,green,reviewed,1,732,us,6000q3nw,",us6000q3nw,at00su5bbw,pt25093000,usauto6000q3nw,",",us,at,pt,usauto,",",impact-link,internal-moment-tensor,internal-origin,losspager,moment-tensor,origin,phase-data,shakemap,",165.0,11.349,0.57,19.0,mww,earthquake,M 6.9 - Reykjanes Ridge,-32.1071,52.4538,10.0,us6000q3nw,2025-04-03 14:09:29.739000+00:00,2025,4,3,14,Faible,,4.1,2.5649493574615367
5.5,Balleny Islands region,1743653897878,1749476319040,,https://earthquake.usgs.gov/earthquakes/eventpage/us6000q3l2,https://earthquake.usgs.gov/fdsnws/event/1/query?eventid=us6000q3l2&format=geojson,,,2.594,green,reviewed,0,465,us,6000q3l2,",usauto6000q3l2,us6000q3l2,",",usauto,us,",",internal-moment-tensor,losspager,moment-tensor,origin,phase-data,shakemap,",57.0,13.29,0.73,116.0,mww,earthquake,M 5.5 - Balleny Islands region,179.3367,-65.1723,10.0,us6000q3l2,2025-04-03 04:18:17.878000+00:00,2025,4,3,4,Faible,,4.1,2.5649493574615367
5.8,"149 km WNW of Tobelo, Indonesia",1743627820049,1749476318040,,https://earthquake.usgs.gov/earthquakes/eventpage/us6000q3iu,https://earthquake.usgs.gov/fdsnws/event/1/query?eventid=us6000q3iu&format=geojson,1.0,3.4,3.744,green,reviewed,0,518,us,6000q3iu,",us6000q3iu,usauto6000q3iu,pt25092001,",",us,usauto,pt,",",dyfi,internal-moment-tensor,internal-origin,losspager,moment-tensor,origin,phase-data,shakemap,",319.0,1.496,0.81,18.0,mww,earthquake,"M 5.8 - 149 km WNW of Tobelo, Indonesia",126.7258,2.1324,44.0,us6000q3iu,2025-04-02 21:03:40.049000+00:00,2025,4,2,21,Faible,0.6931471805599453,3.4,0.6931471805599453
5.5,"46 km NNW of Attu Station, Alaska",1743611195709,1749476329040,,https://earthquake.usgs.gov/earthquakes/eventpage/us7000ppga,https://earthquake.usgs.gov/fdsnws/event/1/query?eventid=us7000ppga&format=geojson,,,4.614,green,reviewed,1,465,us,7000ppga,",at00su3n0f,usauto7000ppga,us7000ppga,ak02548f4k89,",",at,usauto,us,ak,",",impact-link,internal-moment-tensor,losspager,moment-tensor,origin,phase-data,shakemap,",278.0,0.858,0.9,53.0,mww,earthquake,"M 5.5 - 46 km NNW of Attu Station, Alaska",172.961,53.2407,14.015,us7000ppga,2025-04-02 16:26:35.709000+00:00,2025,4,2,16,Faible,,4.1,2.5649493574615367
6.1,"56 km ENE of Nishinoomote, Japan",1743602637825,1749476329040,,https://earthquake.usgs.gov/earthquakes/eventpage/us7000ppfy,https://earthquake.usgs.gov/fdsnws/event/1/query?eventid=us7000ppfy&format=geojson,13.0,6.4,4.652,green,reviewed,0,581,us,7000ppfy,",us7000ppfy,usauto7000ppfy,at00su3gek,pt25092000,",",us,usauto,at,pt,",",dyfi,ground-failure,internal-moment-tensor,internal-origin,losspager,moment-tensor,origin,phase-data,shakemap,",266.0,1.057,0.62,87.0,mww,earthquake,"M 6.1 - 56 km ENE of Nishinoomote, Japan",131.522,30.9792,29.0,us7000ppfy,2025-04-02 14:03:57.825000+00:00,2025,4,2,14,Faible,2.6390573296152584,6.4,2.6390573296152584
6.3,Pacific-Antarctic Ridge,1743553762306,1749476329040,,https://earthquake.usgs.gov/earthquakes/eventpage/us7000ppd9,https://earthquake.usgs.gov/fdsnws/event/1/query?eventid=us7000ppd9&format=geojson,1.0,0.0,0.0,green,reviewed,0,611,us,7000ppd9,",us7000ppd9,usauto7000ppd9,",",us,usauto,",",dyfi,internal-moment-tensor,losspager,moment-tensor,origin,phase-data,shakemap,",96.0,25.291,0.71,55.0,mww,earthquake,M 6.3 - Pacific-Antarctic Ridge,-142.2862,-57.0079,10.0,us7000ppd9,2025-04-02 00:29:22.306000+00:00,2025,4,2,0,Faible,0.6931471805599453,0.0,0.6931471805599453
5.7,"207 km NE of Lospalos, Timor Leste",1743502556075,1749244349040,,https://earthquake.usgs.gov/earthquakes/eventpage/us7000pp7n,https://earthquake.usgs.gov/fdsnws/event/1/query?eventid=us7000pp7n&format=geojson,9.0,4.3,3.574,green,reviewed,0,504,us,7000pp7n,",us7000pp7n,usauto7000pp7n,pt25091000,",",us,usauto,pt,",",dyfi,internal-moment-tensor,internal-origin,losspager,moment-tensor,origin,phase-data,shakemap,",153.0,3.202,0.53,18.0,mww,earthquake,"M 5.7 - 207 km NE of Lospalos, Timor Leste",128.5286,-7.4362,143.585,us7000pp7n,2025-04-01 10:15:56.075000+00:00,2025,4,1,10,Faible,2.302585092994046,4.3,2.302585092994046
3.64,"57 km NE of Valmy, Nevada",1743438494460,1781287274379,,https://earthquake.usgs.gov/earthquakes/eventpage/nn00895440,https://earthquake.usgs.gov/fdsnws/event/1/query?eventid=nn00895440&format=geojson,5.0,5.9,3.661,green,reviewed,0,207,nn,00895440,",nn00895440,us7000pp22,",",nn,us,",",dyfi,event-sequence,losspager,moment-tensor,origin,phase-data,shakemap,",6.0,0.33,0.1519,256.0,mwr,earthquake,"M 3.6 - 57 km NE of Valmy, Nevada",-116.7251,41.2156,6.0,nn00895440,2025-03-31 16:28:14.460000+00:00,2025,3,31,16,Faible,1.791759469228055,5.9,1.791759469228055
5.6,"67 km SSW of Tambolaka, Indonesia",1743436457424,1749244349040,,https://earthquake.usgs.gov/earthquakes/eventpage/us7000pp13,https://earthquake.usgs.gov/fdsnws/event/1/query?eventid=us7000pp13&format=geojson,3.0,3.4,4.336,green,reviewed,0,483,us,7000pp13,",us7000pp13,usauto7000pp13,",",us,usauto,",",dyfi,internal-moment-tensor,losspager,moment-tensor,origin,phase-data,shakemap,",154.0,1.276,0.83,23.0,mww,earthquake,"M 5.6 - 67 km SSW of Tambolaka, Indonesia",119.0489,-10.0069,11.867,us7000pp13,2025-03-31 15:54:17.424000+00:00,2025,3,31,15,Faible,1.3862943611198906,3.4,1.3862943611198906
5.9,"53 km SSE of Pangai, Tonga",1743348829612,1749244348040,,https://earthquake.usgs.gov/earthquakes/eventpage/us7000pnvv,https://earthquake.usgs.gov/fdsnws/event/1/query?eventid=us7000pnvv&format=geojson,,,4.361,green,reviewed,0,536,us,7000pnvv,",us7000pnvv,",",us,",",losspager,moment-tensor,origin,phase-data,shakemap,",47.0,4.078,0.49,84.0,mww,earthquake,"M 5.9 - 53 km SSE of Pangai, Tonga",-174.0813,-20.2249,27.136,us7000pnvv,2025-03-30 15:33:49.612000+00:00,2025,3,30,15,Faible,,4.1,2.5649493574615367
6.2,"72 km SSE of Pangai, Tonga",1743347094834,1749244348040,,https://earthquake.usgs.gov/earthquakes/eventpage/us7000pnvp,https://earthquake.usgs.gov/fdsnws/event/1/query?eventid=us7000pnvp&format=geojson,,,4.4,green,reviewed,0,591,us,7000pnvp,",us7000pnvp,usauto7000pnvp,pt25089001,",",us,usauto,pt,",",ground-failure,internal-moment-tensor,internal-origin,losspager,moment-tensor,origin,phase-data,shakemap,",73.0,4.06,0.98,53.0,mww,earthquake,"M 6.2 - 72 km SSE of Pangai, Tonga",-174.0115,-20.3816,17.0,us7000pnvp,2025-03-30 15:04:54.834000+00:00,2025,3,30,15,Faible,,4.1,2.5649493574615367
7.0,"61 km SSE of Pangai, Tonga",1743337130362,1749244348040,,https://earthquake.usgs.gov/earthquakes/eventpage/us7000pntq,https://earthquake.usgs.gov/fdsnws/event/1/query?eventid=us7000pntq&format=geojson,27.0,7.1,6.108,green,reviewed,1,773,us,7000pntq,",us7000pntq,at00stxrjc,pt25089000,usauto7000pntq,",",us,at,pt,usauto,",",dyfi,finite-fault,general-text,ground-failure,impact-link,impact-text,internal-moment-tensor,internal-origin,losspager,moment-tensor,origin,phase-data,shakemap,",287.0,4.091,0.96,20.0,mww,earthquake,"M 7.0 - 61 km SSE of Pangai, Tonga",-174.0718,-20.3036,29.0,us7000pntq,2025-03-30 12:18:50.362000+00:00,2025,3,30,12,Faible,3.332204510175204,7.1,3.332204510175204
6.6,central Mid-Atlantic Ridge,1743182247868,1749244346040,,https://earthquake.usgs.gov/earthquakes/eventpage/us7000pnf2,https://earthquake.usgs.gov/fdsnws/event/1/query?eventid=us7000pnf2&format=geojson,8.0,1.0,5.536,green,reviewed,0,671,us,7000pnf2,",us7000pnf2,usauto7000pnf2,pt25087003,",",us,usauto,pt,",",dyfi,ground-failure,internal-moment-tensor,internal-origin,losspager,moment-tensor,origin,phase-data,shakemap,",326.0,8.962,0.44,24.0,mww,earthquake,M 6.6 - central Mid-Atlantic Ridge,-29.7635,0.7561,12.323,us7000pnf2,2025-03-28 17:17:27.868000+00:00,2025,3,28,17,Faible,2.1972245773362196,1.0,2.1972245773362196
6.7,Burma (Myanmar),1743143524777,1752679090885,,https://earthquake.usgs.gov/earthquakes/eventpage/us7000pn9z,https://earthquake.usgs.gov/fdsnws/event/1/query?eventid=us7000pn9z&format=geojson,115.0,9.1,8.978,red,reviewed,0,2105,us,7000pn9z,",us7000pn9z,",",us,",",dyfi,earthquake-name,ground-failure,impact-text,losspager,moment-tensor,origin,phase-data,shakemap,",106.0,4.266,0.75,41.0,mww,earthquake,M 6.7 - Burma (Myanmar),95.969,21.6975,10.0,us7000pn9z,2025-03-28 06:32:04.777000+00:00,2025,3,28,6,Sévère,4.7535901911063645,9.1,4.7535901911063645
7.7,"2025 Mandalay, Burma (Myanmar) Earthquake",1743142852715,1784316811066,,https://earthquake.usgs.gov/earthquakes/eventpage/us7000pn9s,https://earthquake.usgs.gov/fdsnws/event/1/query?eventid=us7000pn9s&format=geojson,2545.0,9.1,9.953,red,reviewed,0,2910,us,7000pn9s,",us7000pn9s,usauto7000pn9s,pt25087002,at00sttln4,",",us,usauto,pt,at,",",dyfi,earthquake-name,event-sequence,finite-fault,general-text,ground-failure,impact-text,internal-moment-tensor,internal-origin,losspager,moment-tensor,oaf,origin,phase-data,shakemap,",246.0,3.474,0.89,24.0,mww,earthquake,"M 7.7 - 2025 Mandalay, Burma (Myanmar) Earthquake",95.9363,22.011,10.0,us7000pn9s,2025-03-28 06:20:52.715000+00:00,2025,3,28,6,Sévère,7.842278779117352,9.1,7.842278779117352
5.7,"61 km NW of Isangel, Vanuatu",1743124804771,1749244339040,,https://earthquake.usgs.gov/earthquakes/eventpage/us7000pn8m,https://earthquake.usgs.gov/fdsnws/event/1/query?eventid=us7000pn8m&format=geojson,2.0,2.7,4.208,green,reviewed,0,500,us,7000pn8m,",us7000pn8m,usauto7000pn8m,pt25087001,",",us,usauto,pt,",",dyfi,internal-moment-tensor,internal-origin,losspager,moment-tensor,origin,phase-data,shakemap,",95.0,3.621,0.92,41.0,mww,earthquake,"M 5.7 - 61 km NW of Isangel, Vanuatu",168.8176,-19.2093,37.0,us7000pn8m,2025-03-28 01:20:04.771000+00:00,2025,3,28,1,Faible,1.0986122886681098,2.7,1.0986122886681098
6.1,central Mid-Atlantic Ridge,1743122061875,1749244345040,,https://earthquake.usgs.gov/earthquakes/eventpage/us7000pn7g,https://earthquake.usgs.gov/fdsnws/event/1/query?eventid=us7000pn7g&format=geojson,,,5.147,green,reviewed,0,572,us,7000pn7g,",us7000pn7g,usauto7000pn7g,pt25087000,at00stt5lc,",",us,usauto,pt,at,",",ground-failure,internal-moment-tensor,internal-origin,losspager,moment-tensor,origin,phase-data,shakemap,",103.0,8.993,0.57,42.0,mww,earthquake,M 6.1 - central Mid-Atlantic Ridge,-29.665,0.7055,10.0,us7000pn7g,2025-03-28 00:34:21.875000+00:00,2025,3,28,0,Faible,,4.1,2.5649493574615367
5.7,South Sandwich Islands region,1743036085987,1749244345040,,https://earthquake.usgs.gov/earthquakes/eventpage/us7000pmxp,https://earthquake.usgs.gov/fdsnws/event/1/query?eventid=us7000pmxp&format=geojson,1.0,2.0,3.239,green,reviewed,0,500,us,7000pmxp,",us7000pmxp,usauto7000pmxp,at00strb8t,pt25086000,",",us,usauto,at,pt,",",dyfi,internal-moment-tensor,internal-origin,losspager,moment-tensor,origin,phase-data,shakemap,",232.0,5.526,0.71,27.0,mww,earthquake,M 5.7 - South Sandwich Islands region,-27.4264,-56.1929,123.592,us7000pmxp,2025-03-27 00:41:25.987000+00:00,2025,3,27,0,Faible,0.6931471805599453,2.0,0.6931471805599453
5.3,"57 km ENE of La Tirana, Chile",1742943353097,1748540193040,,https://earthquake.usgs.gov/earthquakes/eventpage/us7000pmm9,https://earthquake.usgs.gov/fdsnws/event/1/query?eventid=us7000pmm9&format=geojson,32.0,5.1,4.801,green,reviewed,0,448,us,7000pmm9,",us7000pmm9,usauto7000pmm9,",",us,usauto,",",dyfi,internal-moment-tensor,losspager,moment-tensor,origin,phase-data,shakemap,",107.0,0.08,0.61,43.0,mww,earthquake,"M 5.3 - 57 km ENE of La Tirana, Chile",-69.1246,-20.2166,99.584,us7000pmm9,2025-03-25 22:55:53.097000+00:00,2025,3,25,22,Faible,3.4965075614664802,5.1,3.4965075614664802
5.4,"177 km W of Riverton, New Zealand",1742871387725,1748540192040,,https://earthquake.usgs.gov/earthquakes/eventpage/us7000pmfb,https://earthquake.usgs.gov/fdsnws/event/1/query?eventid=us7000pmfb&format=geojson,1.0,2.7,3.574,green,reviewed,0,449,us,7000pmfb,",us7000pmfb,usauto7000pmfb,",",us,usauto,",",dyfi,internal-moment-tensor,losspager,origin,phase-data,shakemap,",112.0,0.824,0.75,64.0,mww,earthquake,"M 5.4 - 177 km W of Riverton, New Zealand",165.7542,-46.6837,10.0,us7000pmfb,2025-03-25 02:56:27.725000+00:00,2025,3,25,2,Faible,0.6931471805599453,2.7,0.6931471805599453
6.7,"170 km WSW of Riverton, New Zealand",1742866991796,1748540192040,,https://earthquake.usgs.gov/earthquakes/eventpage/us7000pmem,https://earthquake.usgs.gov/fdsnws/event/1/query?eventid=us7000pmem&format=geojson,71.0,5.2,4.992,green,reviewed,1,728,us,7000pmem,",at00stnos1,pt25084000,us7000pmem,usauto7000pmem,",",at,pt,us,usauto,",",dyfi,ground-failure,impact-link,impact-text,internal-moment-tensor,internal-origin,losspager,moment-tensor,origin,phase-data,shakemap,",250.0,0.799,0.54,31.0,mww,earthquake,"M 6.7 - 170 km WSW of Riverton, New Zealand",165.8632,-46.7305,21.0,us7000pmem,2025-03-25 01:43:11.796000+00:00,2025,3,25,1,Faible,4.276666119016055,5.2,4.276666119016055
5.6,"88 km SSE of Adak, Alaska",1742636961891,1748540188040,,https://earthquake.usgs.gov/earthquakes/eventpage/us7000plu1,https://earthquake.usgs.gov/fdsnws/event/1/query?eventid=us7000plu1&format=geojson,,,3.825,green,reviewed,1,482,us,7000plu1,",at00stirae,usauto7000plu1,us7000plu1,ak0253q46kf8,",",at,usauto,us,ak,",",impact-link,internal-moment-tensor,losspager,moment-tensor,origin,phase-data,shakemap,",103.0,0.733,0.93,135.0,mww,earthquake,"M 5.6 - 88 km SSE of Adak, Alaska",-176.1067,51.1545,20.0,us7000plu1,2025-03-22 09:49:21.891000+00:00,2025,3,22,9,Faible,,4.1,2.5649493574615367
5.5,south of the Fiji Islands,1742606113647,1748540188040,,https://earthquake.usgs.gov/earthquakes/eventpage/us7000plrn,https://earthquake.usgs.gov/fdsnws/event/1/query?eventid=us7000plrn&format=geojson,,,1.742,green,reviewed,0,465,us,7000plrn,",usauto7000plrn,us7000plrn,",",usauto,us,",",internal-moment-tensor,losspager,moment-tensor,origin,phase-data,shakemap,",88.0,3.295,1.17,41.0,mww,earthquake,M 5.5 - south of the Fiji Islands,-178.7644,-26.0219,347.281,us7000plrn,2025-03-22 01:15:13.647000+00:00,2025,3,22,1,Faible,,4.1,2.5649493574615367
5.9,"87 km SSE of Adak, Alaska",1742569108059,1748540188040,,https://earthquake.usgs.gov/earthquakes/eventpage/us7000pllx,https://earthquake.usgs.gov/fdsnws/event/1/query?eventid=us7000pllx&format=geojson,,,3.998,green,reviewed,0,536,us,7000pllx,",us7000pllx,ak0253ojobmg,",",us,ak,",",losspager,moment-tensor,origin,phase-data,shakemap,",222.0,0.73,0.81,57.0,mww,earthquake,"M 5.9 - 87 km SSE of Adak, Alaska",-176.1097,51.1563,26.674,us7000pllx,2025-03-21 14:58:28.059000+00:00,2025,3,21,14,Faible,,4.1,2.5649493574615367
6.2,"88 km SSE of Adak, Alaska",1742568821774,1774105427095,,https://earthquake.usgs.gov/earthquakes/eventpage/us7000pllu,https://earthquake.usgs.gov/fdsnws/event/1/query?eventid=us7000pllu&format=geojson,7.0,3.6,4.246,green,reviewed,1,594,us,7000pllu,",us7000pllu,at00sthapk,usauto7000pllu,ak0253ojnad2,",",us,at,usauto,ak,",",dyfi,event-sequence,ground-failure,impact-link,internal-moment-tensor,losspager,moment-tensor,oaf,origin,phase-data,shakemap,",212.0,0.738,1.37,55.0,mww,earthquake,"M 6.2 - 88 km SSE of Adak, Alaska",-176.0703,51.1558,17.0,us7000pllu,2025-03-21 14:53:41.774000+00:00,2025,3,21,14,Faible,2.0794415416798357,3.6,2.0794415416798357
6.2,"124 km SSE of Burica, Panama",1742568651364,1748540188040,,https://earthquake.usgs.gov/earthquakes/eventpage/us7000pllt,https://earthquake.usgs.gov/fdsnws/event/1/query?eventid=us7000pllt&format=geojson,82.0,6.1,4.638,green,reviewed,1,641,us,7000pllt,",at00sthaku,us7000pllt,pt25080000,at00sthakw,usauto7000pllt,",",at,us,pt,at,usauto,",",associate,dyfi,ground-failure,impact-link,impact-text,internal-moment-tensor,internal-origin,losspager,moment-tensor,origin,phase-data,shakemap,",266.0,2.389,0.82,92.0,mww,earthquake,"M 6.2 - 124 km SSE of Burica, Panama",-82.4666,6.9863,10.0,us7000pllt,2025-03-21 14:50:51.364000+00:00,2025,3,21,14,Faible,4.418840607796598,6.1,4.418840607796598
5.4,Mid-Indian Ridge,1742504409168,1748540187040,,https://earthquake.usgs.gov/earthquakes/eventpage/us7000plf7,https://earthquake.usgs.gov/fdsnws/event/1/query?eventid=us7000plf7&format=geojson,,,0.0,green,reviewed,0,449,us,7000plf7,",usauto7000plf7,us7000plf7,",",usauto,us,",",internal-moment-tensor,losspager,moment-tensor,origin,phase-data,shakemap,",87.0,4.475,0.7,41.0,mww,earthquake,M 5.4 - Mid-Indian Ridge,66.6054,-16.4872,10.0,us7000plf7,2025-03-20 21:00:09.168000+00:00,2025,3,20,21,Faible,,4.1,2.5649493574615367
4.4,"36 km SSE of Witherlea, New Zealand",1742498694740,1748540187040,,https://earthquake.usgs.gov/earthquakes/eventpage/us7000plea,https://earthquake.usgs.gov/fdsnws/event/1/query?eventid=us7000plea&format=geojson,4.0,4.1,4.36,green,reviewed,0,299,us,7000plea,",us7000plea,",",us,",",dyfi,losspager,moment-tensor,origin,phase-data,shakemap,",41.0,0.686,1.18,118.0,mwr,earthquake,"M 4.4 - 36 km SSE of Witherlea, New Zealand",174.1122,-41.8317,10.0,us7000plea,2025-03-20 19:24:54.740000+00:00,2025,3,20,19,Faible,1.6094379124341003,4.1,1.6094379124341003
4.4,"1 km ESE of Indios, Puerto Rico",1742461584370,1748540185040,,https://earthquake.usgs.gov/earthquakes/eventpage/pr2025079004,https://earthquake.usgs.gov/fdsnws/event/1/query?eventid=pr2025079004&format=geojson,95.0,5.4,3.985,green,reviewed,0,349,pr,2025079004,",us6000pzyk,pr2025079004,pt25079001,",",us,pr,pt,",",dyfi,internal-origin,losspager,moment-tensor,origin,phase-data,shakemap,",25.0,0.0722,0.16,164.0,ml,earthquake,"M 4.4 - 1 km ESE of Indios, Puerto Rico",-66.809,17.992,13.0,pr2025079004,2025-03-20 09:06:24.370000+00:00,2025,3,20,9,Faible,4.564348191467836,5.4,4.564348191467836
5.7,South Sandwich Islands region,1742452219231,1748540184040,,https://earthquake.usgs.gov/earthquakes/eventpage/us6000pzxi,https://earthquake.usgs.gov/fdsnws/event/1/query?eventid=us6000pzxi&format=geojson,,,3.253,green,reviewed,0,500,us,6000pzxi,",usauto6000pzxi,pt25079000,at00stesqm,us6000pzxi,",",usauto,pt,at,us,",",internal-moment-tensor,internal-origin,losspager,moment-tensor,origin,phase-data,shakemap,",100.0,17.299,0.61,55.0,mww,earthquake,M 5.7 - South Sandwich Islands region,-27.2551,-60.4288,24.071,us6000pzxi,2025-03-20 06:30:19.231000+00:00,2025,3,20,6,Faible,,4.1,2.5649493574615367
5.4,"94 km SSE of Adak, Alaska",1742447586399,1748540184040,,https://earthquake.usgs.gov/earthquakes/eventpage/us6000pzwx,https://earthquake.usgs.gov/fdsnws/event/1/query?eventid=us6000pzwx&format=geojson,2.0,3.3,3.774,green,reviewed,1,449,us,6000pzwx,",us6000pzwx,at00step5t,usauto6000pzwx,ak0253mqidsj,",",us,at,usauto,ak,",",dyfi,impact-link,internal-moment-tensor,losspager,moment-tensor,origin,phase-data,shakemap,",194.0,1.002,0.64,176.0,mww,earthquake,"M 5.4 - 94 km SSE of Adak, Alaska",-176.0968,51.0945,35.0,us6000pzwx,2025-03-20 05:13:06.399000+00:00,2025,3,20,5,Faible,1.0986122886681098,3.3,1.0986122886681098
5.6,"93 km SSE of Adak, Alaska",1742444931980,1748540184040,,https://earthquake.usgs.gov/earthquakes/eventpage/us6000pzwb,https://earthquake.usgs.gov/fdsnws/event/1/query?eventid=us6000pzwb&format=geojson,4.0,3.7,3.744,green,reviewed,1,484,us,6000pzwb,",us6000pzwb,at00sten46,usauto6000pzwb,ak0253mq09d9,",",us,at,usauto,ak,",",dyfi,impact-link,internal-moment-tensor,losspager,moment-tensor,origin,phase-data,shakemap,",131.0,0.783,1.0,140.0,mww,earthquake,"M 5.6 - 93 km SSE of Adak, Alaska",-176.0641,51.1094,17.0,us6000pzwb,2025-03-20 04:28:51.980000+00:00,2025,3,20,4,Faible,1.6094379124341003,3.7,1.6094379124341003
5.6,South Sandwich Islands region,1742338354157,1747509601040,,https://earthquake.usgs.gov/earthquakes/eventpage/us6000pznk,https://earthquake.usgs.gov/fdsnws/event/1/query?eventid=us6000pznk&format=geojson,,,2.913,green,reviewed,0,482,us,6000pznk,",us6000pznk,",",us,",",losspager,moment-tensor,origin,phase-data,shakemap,",59.0,4.52,0.67,78.0,mww,earthquake,M 5.6 - South Sandwich Islands region,-28.9052,-55.378,36.839,us6000pznk,2025-03-18 22:52:34.157000+00:00,2025,3,18,22,Faible,,4.1,2.5649493574615367
3.86,"5 km WNW of Dublin, CA",1742265993330,1786678823729,,https://earthquake.usgs.gov/earthquakes/eventpage/nc75150752,https://earthquake.usgs.gov/fdsnws/event/1/query?eventid=nc75150752&format=geojson,3939.0,4.1,4.306,green,reviewed,0,639,nc,75150752,",ew1742265990,us6000pzhm,nc75150752,",",ew,us,nc,",",dyfi,focal-mechanism,losspager,moment-tensor,nearby-cities,origin,phase-data,scitech-link,shake-alert,shakemap,",228.0,0.04832,0.17,14.0,mw,earthquake,"M 3.9 - 5 km WNW of Dublin, CA",-121.994166666667,37.7071666666667,10.91,nc75150752,2025-03-18 02:46:33.330000+00:00,2025,3,18,2,Faible,8.27893600229198,4.1,8.27893600229198
5.4,"41 km ENE of Sibolga, Indonesia",1742250216962,1747509600040,,https://earthquake.usgs.gov/earthquakes/eventpage/us6000pzf4,https://earthquake.usgs.gov/fdsnws/event/1/query?eventid=us6000pzf4&format=geojson,27.0,5.6,4.836,green,reviewed,0,464,us,6000pzf4,",us6000pzf4,usauto6000pzf4,",",us,usauto,",",dyfi,impact-text,internal-moment-tensor,losspager,moment-tensor,origin,phase-data,shakemap,",104.0,3.981,0.58,75.0,mww,earthquake,"M 5.4 - 41 km ENE of Sibolga, Indonesia",99.1323,1.8751,46.856,us6000pzf4,2025-03-17 22:23:36.962000+00:00,2025,3,17,22,Faible,3.332204510175204,5.6,3.332204510175204
5.8,"142 km ENE of Masohi, Indonesia",1742232738505,1747509600040,,https://earthquake.usgs.gov/earthquakes/eventpage/us6000pzdn,https://earthquake.usgs.gov/fdsnws/event/1/query?eventid=us6000pzdn&format=geojson,,,5.479,green,reviewed,0,518,us,6000pzdn,",us6000pzdn,usauto6000pzdn,at00sta3dw,pt25076000,",",us,usauto,at,pt,",",ground-failure,internal-moment-tensor,internal-origin,losspager,moment-tensor,origin,phase-data,shakemap,",106.0,1.7,0.82,30.0,mww,earthquake,"M 5.8 - 142 km ENE of Masohi, Indonesia",130.1617,-2.831,18.0,us6000pzdn,2025-03-17 17:32:18.505000+00:00,2025,3,17,17,Faible,,4.1,2.5649493574615367
5.5,Revilla Gigedo Islands region,1742205024150,1747509600040,,https://earthquake.usgs.gov/earthquakes/eventpage/us6000pzam,https://earthquake.usgs.gov/fdsnws/event/1/query?eventid=us6000pzam&format=geojson,1.0,2.0,3.383,green,reviewed,0,466,us,6000pzam,",us6000pzam,usauto6000pzam,",",us,usauto,",",dyfi,internal-moment-tensor,losspager,moment-tensor,origin,phase-data,shakemap,",110.0,1.863,1.23,104.0,mww,earthquake,M 5.5 - Revilla Gigedo Islands region,-109.0828,19.4443,10.0,us6000pzam,2025-03-17 09:50:24.150000+00:00,2025,3,17,9,Faible,0.6931471805599453,2.0,0.6931471805599453
4.18,"9 km NNE of Lake Pillsbury, CA",1742177624980,1782321420967,,https://earthquake.usgs.gov/earthquakes/eventpage/nc75149826,https://earthquake.usgs.gov/fdsnws/event/1/query?eventid=nc75149826&format=geojson,116.0,4.2,3.963,green,reviewed,0,318,nc,75149826,",ew1742177630,nc75149826,us6000pz8y,",",ew,nc,us,",",dyfi,event-sequence,focal-mechanism,losspager,moment-tensor,nearby-cities,oaf,origin,phase-data,scitech-link,shake-alert,shakemap,",82.0,0.02356,0.14,27.0,mw,earthquake,"M 4.2 - 9 km NNE of Lake Pillsbury, CA",-122.948333333333,39.4915,10.63,nc75149826,2025-03-17 02:13:44.980000+00:00,2025,3,17,2,Faible,4.762173934797756,4.2,4.762173934797756
5.4,"44 km NNW of Āwash, Ethiopia",1742151188794,1747509599040,,https://earthquake.usgs.gov/earthquakes/eventpage/us6000pz7g,https://earthquake.usgs.gov/fdsnws/event/1/query?eventid=us6000pz7g&format=geojson,46.0,4.8,7.71,green,reviewed,0,471,us,6000pz7g,",us6000pz7g,usauto6000pz7g,",",us,usauto,",",dyfi,ground-failure,internal-moment-tensor,losspager,moment-tensor,origin,phase-data,shakemap,",117.0,1.462,0.74,52.0,mww,earthquake,"M 5.4 - 44 km NNW of Āwash, Ethiopia",40.0784,9.379,10.0,us6000pz7g,2025-03-16 18:53:08.794000+00:00,2025,3,16,18,Faible,3.8501476017100584,4.8,3.8501476017100584
4.41,"53 km W of Hawaiian Ocean View, Hawaii",1742009119800,1747509598040,,https://earthquake.usgs.gov/earthquakes/eventpage/hv74634117,https://earthquake.usgs.gov/fdsnws/event/1/query?eventid=hv74634117&format=geojson,135.0,3.8,3.606,green,reviewed,0,351,hv,74634117,",us6000pyyt,hv74634117,pt25074050,",",us,hv,pt,",",dyfi,losspager,moment-tensor,origin,phase-data,shakemap,",57.0,0.5037,0.12,286.0,ml,earthquake,"M 4.4 - 53 km W of Hawaiian Ocean View, Hawaii",-156.269333333333,19.056,38.76,hv74634117,2025-03-15 03:25:19.800000+00:00,2025,3,15,3,Faible,4.912654885736052,3.8,4.912654885736052
5.6,"5 km W of San Pedro Tidaá, Mexico",1742008767274,1747509598040,,https://earthquake.usgs.gov/earthquakes/eventpage/us6000pyyq,https://earthquake.usgs.gov/fdsnws/event/1/query?eventid=us6000pyyq&format=geojson,51.0,5.0,4.339,green,reviewed,0,508,us,6000pyyq,",us6000pyyq,usauto6000pyyq,",",us,usauto,",",dyfi,impact-text,internal-moment-tensor,losspager,moment-tensor,origin,phase-data,shakemap,",114.0,1.112,1.22,73.0,mww,earthquake,"M 5.6 - 5 km W of San Pedro Tidaá, Mexico",-97.4253,17.3361,62.0,us6000pyyq,2025-03-15 03:19:27.274000+00:00,2025,3,15,3,Faible,3.9512437185814275,5.0,3.9512437185814275
5.9,South Sandwich Islands region,1741995752269,1747509598040,,https://earthquake.usgs.gov/earthquakes/eventpage/us6000pyxv,https://earthquake.usgs.gov/fdsnws/event/1/query?eventid=us6000pyxv&format=geojson,,,3.721,green,reviewed,0,536,us,6000pyxv,",us6000pyxv,usauto6000pyxv,pt25073001,at00st50j5,",",us,usauto,pt,at,",",ground-failure,internal-moment-tensor,internal-origin,losspager,moment-tensor,origin,phase-data,shakemap,",116.0,5.628,0.59,27.0,mww,earthquake,M 5.9 - South Sandwich Islands region,-27.07,-55.8177,13.0,us6000pyxv,2025-03-14 23:42:32.269000+00:00,2025,3,14,23,Faible,,4.1,2.5649493574615367
5.4,"228 km N of Palu, Indonesia",1741950812449,1747509598040,,https://earthquake.usgs.gov/earthquakes/eventpage/us6000pysg,https://earthquake.usgs.gov/fdsnws/event/1/query?eventid=us6000pysg&format=geojson,,,4.642,green,reviewed,0,449,us,6000pysg,",usauto6000pysg,pt25073000,us6000pysg,",",usauto,pt,us,",",internal-moment-tensor,internal-origin,losspager,moment-tensor,origin,phase-data,shakemap,",187.0,0.524,0.86,34.0,mww,earthquake,"M 5.4 - 228 km N of Palu, Indonesia",120.2572,1.1243,27.644,us6000pysg,2025-03-14 11:13:32.449000+00:00,2025,3,14,11,Faible,,4.1,2.5649493574615367
5.5,"105 km E of Barcelona, Philippines",1741792184490,1747509597040,,https://earthquake.usgs.gov/earthquakes/eventpage/us6000pybu,https://earthquake.usgs.gov/fdsnws/event/1/query?eventid=us6000pybu&format=geojson,1.0,2.0,3.684,green,reviewed,0,466,us,6000pybu,",us6000pybu,usauto6000pybu,pt25071002,",",us,usauto,pt,",",dyfi,internal-moment-tensor,internal-origin,losspager,moment-tensor,origin,phase-data,shakemap,",236.0,2.17,0.88,23.0,mww,earthquake,"M 5.5 - 105 km E of Barcelona, Philippines",127.3806,8.3112,9.0,us6000pybu,2025-03-12 15:09:44.490000+00:00,2025,3,12,15,Faible,0.6931471805599453,2.0,0.6931471805599453
3.85,"3 km SSE of Indios, Puerto Rico",1741790084680,1747509597040,,https://earthquake.usgs.gov/earthquakes/eventpage/pr2025071001,https://earthquake.usgs.gov/fdsnws/event/1/query?eventid=pr2025071001&format=geojson,19.0,4.1,3.338,green,reviewed,0,236,pr,2025071001,",us6000pybj,pr2025071001,pt25071001,",",us,pr,pt,",",dyfi,internal-origin,losspager,origin,phase-data,shakemap,",19.0,0.0717,0.34,168.0,md,earthquake,"M 3.9 - 3 km SSE of Indios, Puerto Rico",-66.8091,17.96,14.0,pr2025071001,2025-03-12 14:34:44.680000+00:00,2025,3,12,14,Faible,2.995732273553991,4.1,2.995732273553991
6.0,"Nicobar Islands, India region",1741758131676,1747509596040,,https://earthquake.usgs.gov/earthquakes/eventpage/us6000py97,https://earthquake.usgs.gov/fdsnws/event/1/query?eventid=us6000py97&format=geojson,,,3.876,green,reviewed,0,554,us,6000py97,",us6000py97,usauto6000py97,pt25071000,at00sszx6b,",",us,usauto,pt,at,",",ground-failure,internal-moment-tensor,internal-origin,losspager,moment-tensor,origin,phase-data,shakemap,",139.0,4.659,1.0,41.0,mww,earthquake,"M 6.0 - Nicobar Islands, India region",92.5548,6.9701,23.0,us6000py97,2025-03-12 05:42:11.676000+00:00,2025,3,12,5,Faible,,4.1,2.5649493574615367
5.6,"126 km WNW of Iñapari, Peru",1741702088434,1747416605040,,https://earthquake.usgs.gov/earthquakes/eventpage/us6000py4l,https://earthquake.usgs.gov/fdsnws/event/1/query?eventid=us6000py4l&format=geojson,,,1.187,green,reviewed,0,482,us,6000py4l,",us6000py4l,usauto6000py4l,",",us,usauto,",",impact-text,internal-moment-tensor,losspager,moment-tensor,origin,phase-data,shakemap,",226.0,3.411,0.68,34.0,mww,earthquake,"M 5.6 - 126 km WNW of Iñapari, Peru",-70.6352,-10.479,648.298,us6000py4l,2025-03-11 14:08:08.434000+00:00,2025,3,11,14,Faible,,4.1,2.5649493574615367
5.4,Western Caribbean Sea,1741681933466,1747416605040,,https://earthquake.usgs.gov/earthquakes/eventpage/us6000py3p,https://earthquake.usgs.gov/fdsnws/event/1/query?eventid=us6000py3p&format=geojson,3.0,3.1,3.253,green,reviewed,0,450,us,6000py3p,",us6000py3p,usauto6000py3p,pt25070000,",",us,usauto,pt,",",dyfi,earthquake-name,internal-moment-tensor,internal-origin,losspager,moment-tensor,origin,phase-data,shakemap,",99.0,2.671,0.85,46.0,mww,earthquake,M 5.4 - Western Caribbean Sea,-81.6185,11.4145,10.0,us6000py3p,2025-03-11 08:32:13.466000+00:00,2025,3,11,8,Faible,1.3862943611198906,3.1,1.3862943611198906
6.5,"34 km NE of Olonkinbyen, Svalbard and Jan Mayen",1741573994609,1747416604040,,https://earthquake.usgs.gov/earthquakes/eventpage/us6000pxvx,https://earthquake.usgs.gov/fdsnws/event/1/query?eventid=us6000pxvx&format=geojson,7.0,8.3,8.229,green,reviewed,1,656,us,6000pxvx,",us6000pxvx,at00ssvz3d,pt25069050,usauto6000pxvx,",",us,at,pt,usauto,",",dyfi,ground-failure,impact-link,internal-moment-tensor,losspager,moment-tensor,origin,phase-data,shakemap,",437.0,0.219,0.59,15.0,mww,earthquake,"M 6.5 - 34 km NE of Olonkinbyen, Svalbard and Jan Mayen",-8.1733,71.176,10.0,us6000pxvx,2025-03-10 02:33:14.609000+00:00,2025,3,10,2,Faible,2.0794415416798357,8.3,2.0794415416798357
4.06,"10 km NW of Malibu, CA",1741550600340,1755753439143,,https://earthquake.usgs.gov/earthquakes/eventpage/ci41075584,https://earthquake.usgs.gov/fdsnws/event/1/query?eventid=ci41075584&format=geojson,6763.0,4.0,4.28,green,reviewed,1,654,ci,41075584,",ew1741550600,ci41075584,at00ssvh1i,us6000pxua,",",ew,ci,at,us,",",dyfi,focal-mechanism,impact-link,losspager,moment-tensor,nearby-cities,origin,phase-data,scitech-link,shake-alert,shakemap,",136.0,0.06366,0.31,122.0,mw,earthquake,"M 4.1 - 10 km NW of Malibu, CA",-118.8945,34.0681667,11.38,ci41075584,2025-03-09 20:03:20.340000+00:00,2025,3,9,20,Faible,8.81936971001847,4.0,8.81936971001847
5.4,Balleny Islands region,1741497399592,1747416604040,,https://earthquake.usgs.gov/earthquakes/eventpage/us6000pxxd,https://earthquake.usgs.gov/fdsnws/event/1/query?eventid=us6000pxxd&format=geojson,,,0.0,green,reviewed,0,449,us,6000pxxd,",us6000pxxd,",",us,",",losspager,moment-tensor,origin,phase-data,shakemap,",23.0,17.399,0.67,103.0,mww,earthquake,M 5.4 - Balleny Islands region,153.9598,-61.4813,10.0,us6000pxxd,2025-03-09 05:16:39.592000+00:00,2025,3,9,5,Faible,,4.1,2.5649493574615367
5.7,"74 km ENE of Tatsugō, Japan",1741477375012,1747416603040,,https://earthquake.usgs.gov/earthquakes/eventpage/us6000pxpv,https://earthquake.usgs.gov/fdsnws/event/1/query?eventid=us6000pxpv&format=geojson,1.0,2.0,4.079,green,reviewed,0,500,us,6000pxpv,",us6000pxpv,usauto6000pxpv,pt25067001,",",us,usauto,pt,",",dyfi,internal-moment-tensor,internal-origin,losspager,moment-tensor,origin,phase-data,shakemap,",208.0,2.6,0.85,39.0,mww,earthquake,"M 5.7 - 74 km ENE of Tatsugō, Japan",130.2922,28.7303,26.0,us6000pxpv,2025-03-08 23:42:55.012000+00:00,2025,3,8,23,Faible,0.6931471805599453,2.0,0.6931471805599453
5.7,"63 km ENE of Tatsugō, Japan",1741460044724,1747416603040,,https://earthquake.usgs.gov/earthquakes/eventpage/us6000pxnp,https://earthquake.usgs.gov/fdsnws/event/1/query?eventid=us6000pxnp&format=geojson,,,4.237,green,reviewed,0,500,us,6000pxnp,",usauto6000pxnp,pt25067000,us6000pxnp,",",usauto,pt,us,",",internal-moment-tensor,internal-origin,losspager,moment-tensor,origin,phase-data,shakemap,",236.0,2.508,0.65,30.0,mww,earthquake,"M 5.7 - 63 km ENE of Tatsugō, Japan",130.192,28.6865,24.0,us6000pxnp,2025-03-08 18:54:04.724000+00:00,2025,3,8,18,Faible,,4.1,2.5649493574615367
5.0,"76 km W of Banda Aceh, Indonesia",1741351368302,1747416602040,,https://earthquake.usgs.gov/earthquakes/eventpage/us6000pxef,https://earthquake.usgs.gov/fdsnws/event/1/query?eventid=us6000pxef&format=geojson,,,4.137,green,reviewed,0,385,us,6000pxef,",usauto6000pxef,us6000pxef,",",usauto,us,",",internal-moment-tensor,losspager,origin,phase-data,shakemap,",169.0,2.312,0.84,56.0,mww,earthquake,"M 5.0 - 76 km W of Banda Aceh, Indonesia",94.6405,5.4937,65.385,us6000pxef,2025-03-07 12:42:48.302000+00:00,2025,3,7,12,Faible,,4.1,2.5649493574615367
5.4,"12 km NNW of Cayarani, Peru",1741349872410,1747416602040,,https://earthquake.usgs.gov/earthquakes/eventpage/us6000pxeb,https://earthquake.usgs.gov/fdsnws/event/1/query?eventid=us6000pxeb&format=geojson,6.0,2.9,4.067,green,reviewed,0,450,us,6000pxeb,",us6000pxeb,usauto6000pxeb,",",us,usauto,",",dyfi,internal-moment-tensor,losspager,moment-tensor,origin,phase-data,shakemap,",133.0,4.125,1.16,54.0,mww,earthquake,"M 5.4 - 12 km NNW of Cayarani, Peru",-72.0456,-14.5617,114.325,us6000pxeb,2025-03-07 12:17:52.410000+00:00,2025,3,7,12,Faible,1.9459101490553132,2.9,1.9459101490553132
6.0,"98 km S of Calama, Chile",1741278099333,1747416602040,,https://earthquake.usgs.gov/earthquakes/eventpage/us6000px89,https://earthquake.usgs.gov/fdsnws/event/1/query?eventid=us6000px89&format=geojson,36.0,7.9,5.51,green,reviewed,0,582,us,6000px89,",us6000px89,usauto6000px89,pt25065000,",",us,usauto,pt,",",dyfi,ground-failure,impact-text,internal-moment-tensor,internal-origin,losspager,moment-tensor,origin,phase-data,shakemap,",137.0,0.786,0.81,26.0,mww,earthquake,"M 6.0 - 98 km S of Calama, Chile",-69.0636,-23.3399,96.0,us6000px89,2025-03-06 16:21:39.333000+00:00,2025,3,6,16,Faible,3.6109179126442243,7.9,3.6109179126442243
3.89,"14 km SW of Blyn, Washington",1741220304040,1747416601040,,https://earthquake.usgs.gov/earthquakes/eventpage/uw62079456,https://earthquake.usgs.gov/fdsnws/event/1/query?eventid=uw62079456&format=geojson,268.0,3.6,2.943,green,reviewed,0,329,uw,62079456,",us6000px4m,uw62079456,ew1741220310,",",us,uw,ew,",",dyfi,losspager,moment-tensor,origin,phase-data,shake-alert,shakemap,",103.0,0.1193,0.14,19.0,ml,earthquake,"M 3.9 - 14 km SW of Blyn, Washington",-123.14083333333332,47.924,42.35,uw62079456,2025-03-06 00:18:24.040000+00:00,2025,3,6,0,Faible,5.594711379601839,3.6,5.594711379601839
5.5,"60 km SSE of Santa Gertrudis Miramar, Mexico",1741167792169,1747416601040,,https://earthquake.usgs.gov/earthquakes/eventpage/us6000px0a,https://earthquake.usgs.gov/fdsnws/event/1/query?eventid=us6000px0a&format=geojson,5.0,3.8,4.222,green,reviewed,0,467,us,6000px0a,",us6000px0a,usauto6000px0a,",",us,usauto,",",dyfi,internal-moment-tensor,losspager,moment-tensor,origin,phase-data,shakemap,",112.0,0.991,0.64,114.0,mww,earthquake,"M 5.5 - 60 km SSE of Santa Gertrudis Miramar, Mexico",-95.0945,15.6001,28.681,us6000px0a,2025-03-05 09:43:12.169000+00:00,2025,3,5,9,Faible,1.791759469228055,3.8,1.791759469228055
5.4,"64 km E of Wāngjing, India",1741152995568,1747416601040,,https://earthquake.usgs.gov/earthquakes/eventpage/us6000pwz6,https://earthquake.usgs.gov/fdsnws/event/1/query?eventid=us6000pwz6&format=geojson,22.0,4.6,4.259,green,reviewed,0,459,us,6000pwz6,",us6000pwz6,usauto6000pwz6,",",us,usauto,",",dyfi,ground-failure,internal-moment-tensor,losspager,moment-tensor,origin,phase-data,shakemap,",133.0,3.334,0.7,43.0,mww,earthquake,"M 5.4 - 64 km E of Wāngjing, India",94.6954,24.5491,88.157,us6000pwz6,2025-03-05 05:36:35.568000+00:00,2025,3,5,5,Faible,3.1354942159291497,4.6,3.1354942159291497
4.0,"114 km WSW of Norman Wells, Canada",1741074024287,1746732286040,,https://earthquake.usgs.gov/earthquakes/eventpage/us6000pwrk,https://earthquake.usgs.gov/fdsnws/event/1/query?eventid=us6000pwrk&format=geojson,,,3.76,green,reviewed,0,246,us,6000pwrk,",us6000pwrk,",",us,",",losspager,origin,phase-data,shakemap,",45.0,3.252,0.89,29.0,mb,earthquake,"M 4.0 - 114 km WSW of Norman Wells, Canada",-129.0264,64.8474,9.601,us6000pwrk,2025-03-04 07:40:24.287000+00:00,2025,3,4,7,Faible,,4.1,2.5649493574615367
4.5,"2025 Orcas Island, Washington",1741006957850,1784318058774,,https://earthquake.usgs.gov/earthquakes/eventpage/uw62078906,https://earthquake.usgs.gov/fdsnws/event/1/query?eventid=uw62078906&format=geojson,11411.0,4.2,4.227,green,reviewed,1,732,uw,62078906,",ew1741006960,at00ssjtkc,uw62078906,us6000pwli,",",ew,at,uw,us,",",associate,dyfi,earthquake-name,event-sequence,impact-link,losspager,moment-tensor,oaf,origin,phase-data,shake-alert,shakemap,",82.0,0.00635,0.18,31.0,ml,earthquake,"M 4.5 - 2025 Orcas Island, Washington",-122.80516666666666,48.61116666666667,15.81,uw62078906,2025-03-03 13:02:37.850000+00:00,2025,3,3,13,Faible,9.342420712333391,4.2,9.342420712333391
4.2,"51 km S of Whites City, New Mexico",1740954738943,1746732285040,,https://earthquake.usgs.gov/earthquakes/eventpage/tx2025ehit,https://earthquake.usgs.gov/fdsnws/event/1/query?eventid=tx2025ehit&format=geojson,23.0,3.8,4.219,green,reviewed,0,280,tx,2025ehit,",us6000pwi4,tx2025ehit,",",us,tx,",",dyfi,losspager,moment-tensor,origin,phase-data,shakemap,",39.0,0.0,0.1,52.0,ml,earthquake,"M 4.2 - 51 km S of Whites City, New Mexico",-104.273,31.718,6.9202,tx2025ehit,2025-03-02 22:32:18.943000+00:00,2025,3,2,22,Faible,3.1780538303479458,3.8,3.1780538303479458
5.6,"236 km W of Tual, Indonesia",1740779918554,1746732283040,,https://earthquake.usgs.gov/earthquakes/eventpage/us6000pw69,https://earthquake.usgs.gov/fdsnws/event/1/query?eventid=us6000pw69&format=geojson,2.0,2.7,3.182,green,reviewed,0,483,us,6000pw69,",us6000pw69,usauto6000pw69,",",us,usauto,",",dyfi,internal-moment-tensor,losspager,moment-tensor,origin,phase-data,shakemap,",85.0,1.666,0.65,29.0,mww,earthquake,"M 5.6 - 236 km W of Tual, Indonesia",130.652,-6.0227,126.0,us6000pw69,2025-02-28 21:58:38.554000+00:00,2025,2,28,21,Faible,1.0986122886681098,2.7,1.0986122886681098
4.8,"26 km SW of Ackerly, Texas",1740771204297,1784308787974,,https://earthquake.usgs.gov/earthquakes/eventpage/tx2025edml,https://earthquake.usgs.gov/fdsnws/event/1/query?eventid=tx2025edml&format=geojson,964.0,5.8,5.491,green,reviewed,0,914,tx,2025edml,",us6000pw4y,tx2025edml,",",us,tx,",",dyfi,event-sequence,ground-failure,losspager,moment-tensor,oaf,origin,phase-data,shakemap,",43.0,0.0,0.0,41.0,ml,earthquake,"M 4.8 - 26 km SW of Ackerly, Texas",-101.926,32.37,6.8115,tx2025edml,2025-02-28 19:33:24.297000+00:00,2025,2,28,19,Faible,6.872128101338986,5.8,6.872128101338986
5.0,"11 km SSW of Kodāri̇̄, Nepal",1740690370378,1746732282040,,https://earthquake.usgs.gov/earthquakes/eventpage/us6000pvwf,https://earthquake.usgs.gov/fdsnws/event/1/query?eventid=us6000pvwf&format=geojson,320.0,6.4,5.672,green,reviewed,0,589,us,6000pvwf,",us6000pvwf,",",us,",",dyfi,ground-failure,impact-text,losspager,origin,phase-data,shakemap,",98.0,0.574,0.77,26.0,mww,earthquake,"M 5.0 - 11 km SSW of Kodāri̇̄, Nepal",85.9232,27.8626,10.0,us6000pvwf,2025-02-27 21:06:10.378000+00:00,2025,2,27,21,Faible,5.771441123130016,6.4,5.771441123130016
5.4,east of the South Sandwich Islands,1740668077206,1746732282040,,https://earthquake.usgs.gov/earthquakes/eventpage/us6000pvty,https://earthquake.usgs.gov/fdsnws/event/1/query?eventid=us6000pvty&format=geojson,,,0.0,green,reviewed,0,449,us,6000pvty,",usauto6000pvty,us6000pvty,",",usauto,us,",",internal-moment-tensor,losspager,moment-tensor,origin,phase-data,shakemap,",72.0,14.04,0.7,44.0,mww,earthquake,M 5.4 - east of the South Sandwich Islands,-10.3519,-58.0333,10.0,us6000pvty,2025-02-27 14:54:37.206000+00:00,2025,2,27,14,Faible,,4.1,2.5649493574615367
5.8,"153 km ESE of Ust’-Kamchatsk Staryy, Russia",1740586529941,1746732281040,,https://earthquake.usgs.gov/earthquakes/eventpage/us6000pvm4,https://earthquake.usgs.gov/fdsnws/event/1/query?eventid=us6000pvm4&format=geojson,,,4.155,green,reviewed,0,518,us,6000pvm4,",usauto6000pvm4,at00ssat5y,pt25057001,us6000pvm4,ak0252mj9f2p,",",usauto,at,pt,us,ak,",",internal-moment-tensor,internal-origin,losspager,moment-tensor,origin,phase-data,shakemap,",230.0,4.242,0.83,67.0,mww,earthquake,"M 5.8 - 153 km ESE of Ust’-Kamchatsk Staryy, Russia",164.5402,55.4821,8.142,us6000pvm4,2025-02-26 16:15:29.941000+00:00,2025,2,26,16,Faible,,4.1,2.5649493574615367
5.8,"38 km ESE of Shingū, Japan",1740549204392,1746732280040,,https://earthquake.usgs.gov/earthquakes/eventpage/us6000pvj5,https://earthquake.usgs.gov/fdsnws/event/1/query?eventid=us6000pvj5&format=geojson,5.0,4.3,2.643,green,reviewed,0,520,us,6000pvj5,",us6000pvj5,usauto6000pvj5,pt25057000,",",us,usauto,pt,",",dyfi,internal-moment-tensor,internal-origin,losspager,moment-tensor,origin,phase-data,shakemap,",163.0,1.826,0.8,31.0,mww,earthquake,"M 5.8 - 38 km ESE of Shingū, Japan",136.3654,33.6039,388.0,us6000pvj5,2025-02-26 05:53:24.392000+00:00,2025,2,26,5,Faible,1.791759469228055,4.3,1.791759469228055
6.1,"45 km E of Modisi, Indonesia",1740524145917,1746567553040,,https://earthquake.usgs.gov/earthquakes/eventpage/us6000pvgx,https://earthquake.usgs.gov/fdsnws/event/1/query?eventid=us6000pvgx&format=geojson,1.0,3.4,5.546,green,reviewed,0,573,us,6000pvgx,",us6000pvgx,usauto6000pvgx,pt25056002,at00ss9h14,",",us,usauto,pt,at,",",dyfi,ground-failure,impact-text,internal-moment-tensor,internal-origin,losspager,moment-tensor,origin,phase-data,shakemap,",123.0,1.038,0.74,19.0,mww,earthquake,"M 6.1 - 45 km E of Modisi, Indonesia",124.8407,0.3994,21.726,us6000pvgx,2025-02-25 22:55:45.917000+00:00,2025,2,25,22,Faible,0.6931471805599453,3.4,0.6931471805599453
5.85,"102 km NNE of Punta Cana, Dominican Republic",1740462535100,1771999137294,,https://earthquake.usgs.gov/earthquakes/eventpage/pr2025056002,https://earthquake.usgs.gov/fdsnws/event/1/query?eventid=pr2025056002&format=geojson,393.0,5.6,3.87,green,reviewed,0,747,pr,2025056002,",pt25056000,us6000pvad,pr2025056002,usauto6000pvad,",",pt,us,pr,usauto,",",dyfi,internal-moment-tensor,internal-origin,losspager,moment-tensor,oaf,origin,phase-data,shakemap,",21.0,0.9882,0.71,230.0,ml,earthquake,"M 5.9 - 102 km NNE of Punta Cana, Dominican Republic",-68.0846,19.4565,46.0,pr2025056002,2025-02-25 05:48:55.100000+00:00,2025,2,25,5,Faible,5.976350909297934,5.6,5.976350909297934
5.4,"237 km SW of George Town, Cayman Islands",1740427717428,1746567552040,,https://earthquake.usgs.gov/earthquakes/eventpage/us6000pv78,https://earthquake.usgs.gov/fdsnws/event/1/query?eventid=us6000pv78&format=geojson,7.0,4.1,2.881,green,reviewed,0,451,us,6000pv78,",us6000pv78,usauto6000pv78,pt25055001,",",us,usauto,pt,",",dyfi,internal-moment-tensor,internal-origin,losspager,moment-tensor,origin,phase-data,shakemap,",85.0,4.978,0.93,34.0,mww,earthquake,"M 5.4 - 237 km SW of George Town, Cayman Islands",-82.7176,17.5702,10.0,us6000pv78,2025-02-24 20:08:37.428000+00:00,2025,2,24,20,Faible,2.0794415416798357,4.1,2.0794415416798357
6.0,"85 km SE of Lata, Solomon Islands",1740334578073,1746567559040,,https://earthquake.usgs.gov/earthquakes/eventpage/us7000pfmk,https://earthquake.usgs.gov/fdsnws/event/1/query?eventid=us7000pfmk&format=geojson,1.0,1.0,4.737,green,reviewed,0,554,us,7000pfmk,",us7000pfmk,usauto7000pfmk,at00ss5er9,pt25054000,",",us,usauto,at,pt,",",dyfi,ground-failure,internal-moment-tensor,internal-origin,losspager,moment-tensor,origin,phase-data,shakemap,",103.0,4.198,0.99,37.0,mww,earthquake,"M 6.0 - 85 km SE of Lata, Solomon Islands",166.2902,-11.3195,36.0,us7000pfmk,2025-02-23 18:16:18.073000+00:00,2025,2,23,18,Faible,0.6931471805599453,1.0,0.6931471805599453
5.4,"122 km SSE of Panguna, Papua New Guinea",1740284255944,1746567559040,,https://earthquake.usgs.gov/earthquakes/eventpage/us7000pfjq,https://earthquake.usgs.gov/fdsnws/event/1/query?eventid=us7000pfjq&format=geojson,,,4.359,green,reviewed,0,449,us,7000pfjq,",us7000pfjq,",",us,",",losspager,origin,phase-data,shakemap,",93.0,4.494,1.02,24.0,mww,earthquake,"M 5.4 - 122 km SSE of Panguna, Papua New Guinea",155.9272,-7.3335,35.0,us7000pfjq,2025-02-23 04:17:35.944000+00:00,2025,2,23,4,Faible,,4.1,2.5649493574615367
5.6,"126 km WNW of Gizo, Solomon Islands",1740274312085,1746567559040,,https://earthquake.usgs.gov/earthquakes/eventpage/us7000pfjc,https://earthquake.usgs.gov/fdsnws/event/1/query?eventid=us7000pfjc&format=geojson,,,4.244,green,reviewed,0,482,us,7000pfjc,",us7000pfjc,usauto7000pfjc,",",us,usauto,",",ground-failure,internal-moment-tensor,losspager,moment-tensor,origin,phase-data,shakemap,",101.0,4.474,0.77,27.0,mww,earthquake,"M 5.6 - 126 km WNW of Gizo, Solomon Islands",155.8717,-7.4856,35.0,us7000pfjc,2025-02-23 01:31:52.085000+00:00,2025,2,23,1,Faible,,4.1,2.5649493574615367
5.4,"Off the coast of Aisen, Chile",1740262825318,1746567559040,,https://earthquake.usgs.gov/earthquakes/eventpage/us7000pfih,https://earthquake.usgs.gov/fdsnws/event/1/query?eventid=us7000pfih&format=geojson,,,3.383,green,reviewed,0,449,us,7000pfih,",usauto7000pfih,pt25053000,us7000pfih,",",usauto,pt,us,",",internal-moment-tensor,internal-origin,losspager,moment-tensor,origin,phase-data,shakemap,",54.0,2.286,0.87,115.0,mww,earthquake,"M 5.4 - Off the coast of Aisen, Chile",-76.6977,-45.5785,10.0,us7000pfih,2025-02-22 22:20:25.318000+00:00,2025,2,22,22,Faible,,4.1,2.5649493574615367
4.8,"28 km W of Squamish, Canada",1740173192781,1785955545683,,https://earthquake.usgs.gov/earthquakes/eventpage/us7000pfbs,https://earthquake.usgs.gov/fdsnws/event/1/query?eventid=us7000pfbs&format=geojson,8624.0,4.5,5.535,green,reviewed,1,804,us,7000pfbs,",ew1740173210,at00ss1y89,us7000pfbs,",",ew,at,us,",",associate,dyfi,ground-failure,impact-link,losspager,moment-tensor,origin,phase-data,shake-alert,shakemap,",37.0,0.954,1.07,45.0,mww,earthquake,"M 4.8 - 28 km W of Squamish, Canada",-123.5454,49.6928,10.0,us7000pfbs,2025-02-21 21:26:32.781000+00:00,2025,2,21,21,Faible,9.062420241899561,4.5,9.062420241899561
4.7,"68 km NE of Grande Cache, Canada",1740066065484,1746567557040,,https://earthquake.usgs.gov/earthquakes/eventpage/us7000peye,https://earthquake.usgs.gov/fdsnws/event/1/query?eventid=us7000peye&format=geojson,29.0,4.1,4.674,green,reviewed,0,352,us,7000peye,",us7000peye,",",us,",",dyfi,losspager,moment-tensor,origin,phase-data,shakemap,",49.0,0.634,0.73,47.0,mww,earthquake,"M 4.7 - 68 km NE of Grande Cache, Canada",-118.4904,54.3703,10.0,us7000peye,2025-02-20 15:41:05.484000+00:00,2025,2,20,15,Faible,3.4011973816621555,4.1,3.4011973816621555
5.4,West Chile Rise,1740051051390,1746567557040,,https://earthquake.usgs.gov/earthquakes/eventpage/us7000pexi,https://earthquake.usgs.gov/fdsnws/event/1/query?eventid=us7000pexi&format=geojson,,,0.0,green,reviewed,0,449,us,7000pexi,",usauto7000pexi,us7000pexi,",",usauto,us,",",internal-moment-tensor,losspager,moment-tensor,origin,phase-data,shakemap,",34.0,7.134,0.96,153.0,mww,earthquake,M 5.4 - West Chile Rise,-82.9086,-42.9086,10.0,us7000pexi,2025-02-20 11:30:51.390000+00:00,2025,2,20,11,Faible,,4.1,2.5649493574615367
5.5,"71 km NNW of Hihifo, Tonga",1740047480780,1746567556040,,https://earthquake.usgs.gov/earthquakes/eventpage/us7000pexc,https://earthquake.usgs.gov/fdsnws/event/1/query?eventid=us7000pexc&format=geojson,5.0,3.4,3.994,green,reviewed,0,467,us,7000pexc,",pt25051000,us7000pexc,usauto7000pexc,",",pt,us,usauto,",",dyfi,internal-moment-tensor,internal-origin,losspager,moment-tensor,origin,phase-data,shakemap,",88.0,2.527,0.68,41.0,mww,earthquake,"M 5.5 - 71 km NNW of Hihifo, Tonga",-173.9471,-15.3291,111.0,us7000pexc,2025-02-20 10:31:20.780000+00:00,2025,2,20,10,Faible,1.791759469228055,3.4,1.791759469228055
5.5,"285 km NE of Samarai, Papua New Guinea",1739933384019,1746567556040,,https://earthquake.usgs.gov/earthquakes/eventpage/us7000penh,https://earthquake.usgs.gov/fdsnws/event/1/query?eventid=us7000penh&format=geojson,,,6.478,green,reviewed,0,465,us,7000penh,",us7000penh,usauto7000penh,pt25050000,",",us,usauto,pt,",",ground-failure,internal-moment-tensor,internal-origin,losspager,moment-tensor,origin,phase-data,shakemap,",137.0,4.816,0.79,41.0,mww,earthquake,"M 5.5 - 285 km NE of Samarai, Papua New Guinea",152.7728,-9.0969,10.0,us7000penh,2025-02-19 02:49:44.019000+00:00,2025,2,19,2,Faible,,4.1,2.5649493574615367
5.7,"148 km WSW of Fakfak, Indonesia",1739921950674,1746203182040,,https://earthquake.usgs.gov/earthquakes/eventpage/us7000pemi,https://earthquake.usgs.gov/fdsnws/event/1/query?eventid=us7000pemi&format=geojson,,,4.753,green,reviewed,0,500,us,7000pemi,",us7000pemi,usauto7000pemi,at00srwkd8,pt25049001,",",us,usauto,at,pt,",",ground-failure,internal-moment-tensor,internal-origin,losspager,moment-tensor,origin,phase-data,shakemap,",121.0,1.287,0.65,14.0,mww,earthquake,"M 5.7 - 148 km WSW of Fakfak, Indonesia",131.0386,-3.3656,13.0,us7000pemi,2025-02-18 23:39:10.674000+00:00,2025,2,18,23,Faible,,4.1,2.5649493574615367
5.6,"94 km W of Diego de Almagro, Chile",1739899128127,1746203181040,,https://earthquake.usgs.gov/earthquakes/eventpage/us7000peiq,https://earthquake.usgs.gov/fdsnws/event/1/query?eventid=us7000peiq&format=geojson,2.0,3.4,4.16,green,reviewed,0,483,us,7000peiq,",us7000peiq,usauto7000peiq,pt25049000,",",us,usauto,pt,",",dyfi,internal-moment-tensor,internal-origin,losspager,moment-tensor,origin,phase-data,shakemap,",101.0,0.36,0.77,75.0,mww,earthquake,"M 5.6 - 94 km W of Diego de Almagro, Chile",-70.9825,-26.2533,31.0,us7000peiq,2025-02-18 17:18:48.127000+00:00,2025,2,18,17,Faible,1.0986122886681098,3.4,1.0986122886681098
4.7,"52 km SSW of Whites City, New Mexico",1739880988873,1746534403036,,https://earthquake.usgs.gov/earthquakes/eventpage/tx2025dkql,https://earthquake.usgs.gov/fdsnws/event/1/query?eventid=tx2025dkql&format=geojson,95.0,5.0,4.595,green,reviewed,0,387,tx,2025dkql,",us7000peh7,tx2025dkql,",",us,tx,",",dyfi,losspager,moment-tensor,origin,phase-data,shakemap,",6.0,0.0,0.1,110.0,ml,earthquake,"M 4.7 - 52 km SSW of Whites City, New Mexico",-104.502,31.711,3.8953,tx2025dkql,2025-02-18 12:16:28.873000+00:00,2025,2,18,12,Faible,4.564348191467836,5.0,4.564348191467836
5.5,"66 km S of San Juan, Peru",1739766656551,1746203180040,,https://earthquake.usgs.gov/earthquakes/eventpage/us7000pe6v,https://earthquake.usgs.gov/fdsnws/event/1/query?eventid=us7000pe6v&format=geojson,1.0,2.0,4.215,green,reviewed,0,466,us,7000pe6v,",us7000pe6v,usauto7000pe6v,",",us,usauto,",",dyfi,internal-moment-tensor,losspager,moment-tensor,origin,phase-data,shakemap,",157.0,4.291,0.81,86.0,mww,earthquake,"M 5.5 - 66 km S of San Juan, Peru",-75.1169,-15.9621,10.0,us7000pe6v,2025-02-17 04:30:56.551000+00:00,2025,2,17,4,Faible,0.6931471805599453,2.0,0.6931471805599453
5.0,"53 km NW of Toyah, Texas",1739597001429,1784306942675,,https://earthquake.usgs.gov/earthquakes/eventpage/tx2025deqh,https://earthquake.usgs.gov/fdsnws/event/1/query?eventid=tx2025deqh&format=geojson,1974.0,5.3,5.745,green,reviewed,0,915,tx,2025deqh,",us7000pdw4,tx2025deqh,usauto7000pdw4,",",us,tx,usauto,",",dyfi,event-sequence,ground-failure,internal-moment-tensor,losspager,moment-tensor,oaf,origin,phase-data,shakemap,",18.0,0.1,0.1,61.0,ml,earthquake,"M 5.0 - 53 km NW of Toyah, Texas",-104.18,31.661,6.0999,tx2025deqh,2025-02-15 05:23:21.429000+00:00,2025,2,15,5,Faible,7.5883236773352225,5.3,7.5883236773352225
5.7,"32 km W of Kosh-Agach, Russia",1739584091119,1746203178040,,https://earthquake.usgs.gov/earthquakes/eventpage/us7000pdvt,https://earthquake.usgs.gov/fdsnws/event/1/query?eventid=us7000pdvt&format=geojson,15.0,4.6,6.693,green,reviewed,0,507,us,7000pdvt,",us7000pdvt,usauto7000pdvt,pt25046000,",",us,usauto,pt,",",dyfi,ground-failure,internal-moment-tensor,internal-origin,losspager,moment-tensor,origin,phase-data,shakemap,",142.0,3.374,0.83,26.0,mww,earthquake,"M 5.7 - 32 km W of Kosh-Agach, Russia",88.2237,49.9991,13.0,us7000pdvt,2025-02-15 01:48:11.119000+00:00,2025,2,15,1,Faible,2.772588722239781,4.6,2.772588722239781
5.9,"5 km NNW of Metahāra, Ethiopia",1739564905423,1746203178040,,https://earthquake.usgs.gov/earthquakes/eventpage/us7000pdu6,https://earthquake.usgs.gov/fdsnws/event/1/query?eventid=us7000pdu6&format=geojson,9.0,8.2,7.675,green,reviewed,0,543,us,7000pdu6,",us7000pdu6,usauto7000pdu6,pt25045002,",",us,usauto,pt,",",dyfi,ground-failure,impact-text,internal-moment-tensor,internal-origin,losspager,moment-tensor,origin,phase-data,shakemap,",200.0,1.212,0.58,26.0,mww,earthquake,"M 5.9 - 5 km NNW of Metahāra, Ethiopia",39.9058,8.9453,25.0,us7000pdu6,2025-02-14 20:28:25.423000+00:00,2025,2,14,20,Faible,2.302585092994046,8.2,2.302585092994046
4.25,"10 km NNW of Avenal, CA",1739492224540,1784310118560,,https://earthquake.usgs.gov/earthquakes/eventpage/nc75133062,https://earthquake.usgs.gov/fdsnws/event/1/query?eventid=nc75133062&format=geojson,41.0,4.3,4.486,green,reviewed,0,296,nc,75133062,",ew1739492230,us7000pdiy,nc75133062,",",ew,us,nc,",",dyfi,event-sequence,focal-mechanism,losspager,nearby-cities,oaf,origin,phase-data,scitech-link,shake-alert,shakemap,",68.0,0.03757,0.1,37.0,ml,earthquake,"M 4.3 - 10 km NNW of Avenal, CA",-120.183833333333,36.0826666666667,11.92,nc75133062,2025-02-14 00:17:04.540000+00:00,2025,2,14,0,Faible,3.7376696182833684,4.3,3.7376696182833684
5.7,"155 km SSW of Akhiok, Alaska",1739491167899,1771027774443,,https://earthquake.usgs.gov/earthquakes/eventpage/ak025215oy3m,https://earthquake.usgs.gov/fdsnws/event/1/query?eventid=ak025215oy3m&format=geojson,3.0,2.0,3.962,green,reviewed,1,500,ak,025215oy3m,",ak025215oy3m,at00srnbz3,usauto7000pdiu,pt25045000,us7000pdiu,",",ak,at,usauto,pt,us,",",dyfi,impact-link,internal-moment-tensor,internal-origin,losspager,moment-tensor,oaf,origin,phase-data,shakemap,",,,0.64,,mww,earthquake,"M 5.7 - 155 km SSW of Akhiok, Alaska",-154.9176,55.6151,13.3,ak025215oy3m,2025-02-13 23:59:27.899000+00:00,2025,2,13,23,Faible,1.3862943611198906,2.0,1.3862943611198906
4.0,"110 km NW of Fort St. John, Canada",1739343147181,1746203175040,,https://earthquake.usgs.gov/earthquakes/eventpage/us7000pd2h,https://earthquake.usgs.gov/fdsnws/event/1/query?eventid=us7000pd2h&format=geojson,,,3.933,green,reviewed,0,246,us,7000pd2h,",us7000pd2h,",",us,",",losspager,origin,phase-data,shakemap,",57.0,3.437,0.98,60.0,mb,earthquake,"M 4.0 - 110 km NW of Fort St. John, Canada",-121.9905,57.0222,10.0,us7000pd2h,2025-02-12 06:52:27.181000+00:00,2025,2,12,6,Faible,,4.1,2.5649493574615367
4.46,"69 km WNW of Petrolia, CA",1739334760380,1746203175040,,https://earthquake.usgs.gov/earthquakes/eventpage/nc75132032,https://earthquake.usgs.gov/fdsnws/event/1/query?eventid=nc75132032&format=geojson,185.0,4.3,3.206,green,reviewed,0,386,nc,75132032,",ew1739334770,nc75132032,us7000pd29,",",ew,nc,us,",",dyfi,losspager,moment-tensor,nearby-cities,origin,phase-data,scitech-link,shake-alert,shakemap,",195.0,0.5816,0.26,238.0,mw,earthquake,"M 4.5 - 69 km WNW of Petrolia, CA",-125.0955,40.372,10.0,nc75132032,2025-02-12 04:32:40.380000+00:00,2025,2,12,4,Faible,5.225746673713202,4.3,5.225746673713202
4.1,"26 km W of Petrolia, CA",1739261596240,1745678827040,,https://earthquake.usgs.gov/earthquakes/eventpage/nc75131617,https://earthquake.usgs.gov/fdsnws/event/1/query?eventid=nc75131617&format=geojson,146.0,4.1,3.473,green,reviewed,0,318,nc,75131617,",ew1739261600,nc75131617,us7000pcun,",",ew,nc,us,",",dyfi,focal-mechanism,losspager,moment-tensor,nearby-cities,origin,phase-data,scitech-link,shake-alert,shakemap,",85.0,0.1847,0.25,226.0,mw,earthquake,"M 4.1 - 26 km W of Petrolia, CA",-124.583833333333,40.2815,19.77,nc75131617,2025-02-11 08:13:16.240000+00:00,2025,2,11,8,Faible,4.990432586778736,4.1,4.990432586778736
5.3,Mid-Indian Ridge,1739250026873,1745678827040,,https://earthquake.usgs.gov/earthquakes/eventpage/us7000pctm,https://earthquake.usgs.gov/fdsnws/event/1/query?eventid=us7000pctm&format=geojson,,,0.0,green,reviewed,0,432,us,7000pctm,",us7000pctm,",",us,",",losspager,origin,phase-data,shakemap,",113.0,16.339,0.76,33.0,mww,earthquake,M 5.3 - Mid-Indian Ridge,75.136,-32.2873,10.0,us7000pctm,2025-02-11 05:00:26.873000+00:00,2025,2,11,5,Faible,,4.1,2.5649493574615367
5.4,"80 km S of Panguna, Papua New Guinea",1739147305469,1745678826040,,https://earthquake.usgs.gov/earthquakes/eventpage/us7000pck3,https://earthquake.usgs.gov/fdsnws/event/1/query?eventid=us7000pck3&format=geojson,,,4.618,green,reviewed,0,449,us,7000pck3,",us7000pck3,usauto7000pck3,",",us,usauto,",",ground-failure,internal-moment-tensor,losspager,moment-tensor,origin,phase-data,shakemap,",61.0,4.441,0.62,43.0,mww,earthquake,"M 5.4 - 80 km S of Panguna, Papua New Guinea",155.6069,-7.0353,35.0,us7000pck3,2025-02-10 00:28:25.469000+00:00,2025,2,10,0,Faible,,4.1,2.5649493574615367
5.3,"70 km WNW of Port-Vila, Vanuatu",1739146563322,1745678826040,,https://earthquake.usgs.gov/earthquakes/eventpage/us7000pck0,https://earthquake.usgs.gov/fdsnws/event/1/query?eventid=us7000pck0&format=geojson,2.0,3.4,4.17,green,reviewed,0,433,us,7000pck0,",us7000pck0,",",us,",",dyfi,losspager,origin,phase-data,shakemap,",57.0,2.038,0.64,66.0,mb,earthquake,"M 5.3 - 70 km WNW of Port-Vila, Vanuatu",167.731,-17.4323,10.0,us7000pck0,2025-02-10 00:16:03.322000+00:00,2025,2,10,0,Faible,1.0986122886681098,3.4,1.0986122886681098
5.9,"53 km WNW of Port-Vila, Vanuatu",1739146182753,1746289343446,,https://earthquake.usgs.gov/earthquakes/eventpage/us7000pcjx,https://earthquake.usgs.gov/fdsnws/event/1/query?eventid=us7000pcjx&format=geojson,9.0,4.9,5.704,green,reviewed,0,540,us,7000pcjx,",us7000pcjx,usauto7000pcjx,pt25041000,at00srfxs7,",",us,usauto,pt,at,",",dyfi,internal-moment-tensor,internal-origin,losspager,moment-tensor,origin,phase-data,shakemap,",117.0,2.142,0.51,39.0,mww,earthquake,"M 5.9 - 53 km WNW of Port-Vila, Vanuatu",167.8757,-17.5011,18.0,us7000pcjx,2025-02-10 00:09:42.753000+00:00,2025,2,10,0,Faible,2.302585092994046,4.9,2.302585092994046
7.6,"210 km SSW of George Town, Cayman Islands",1739056994697,1745682709572,,https://earthquake.usgs.gov/earthquakes/eventpage/us7000pcdl,https://earthquake.usgs.gov/fdsnws/event/1/query?eventid=us7000pcdl&format=geojson,402.0,7.3,4.949,green,reviewed,1,1182,us,7000pcdl,",pt25039000,at00sre0yr,us7000pcdl,usauto7000pcdl,",",pt,at,us,usauto,",",dyfi,finite-fault,general-text,ground-failure,impact-link,impact-text,internal-moment-tensor,internal-origin,losspager,moment-tensor,origin,phase-data,shakemap,",235.0,4.662,0.62,18.0,mww,earthquake,"M 7.6 - 210 km SSW of George Town, Cayman Islands",-82.395,17.6506,14.326,us7000pcdl,2025-02-08 23:23:14.697000+00:00,2025,2,8,23,Faible,5.998936561946683,7.3,5.998936561946683
5.9,south of the Fiji Islands,1738924021952,1745678824040,,https://earthquake.usgs.gov/earthquakes/eventpage/us7000pc2p,https://earthquake.usgs.gov/fdsnws/event/1/query?eventid=us7000pc2p&format=geojson,,,0.0,green,reviewed,0,536,us,7000pc2p,",us7000pc2p,usauto7000pc2p,pt25038001,",",us,usauto,pt,",",ground-failure,internal-moment-tensor,internal-origin,losspager,moment-tensor,origin,phase-data,shakemap,",223.0,5.503,0.51,15.0,mww,earthquake,M 5.9 - south of the Fiji Islands,-176.2264,-23.9351,65.0,us7000pc2p,2025-02-07 10:27:01.952000+00:00,2025,2,7,10,Faible,,4.1,2.5649493574615367
5.8,"southwest of Sumatra, Indonesia",1738902718218,1745678823040,,https://earthquake.usgs.gov/earthquakes/eventpage/us7000pc0e,https://earthquake.usgs.gov/fdsnws/event/1/query?eventid=us7000pc0e&format=geojson,,,3.823,green,reviewed,0,518,us,7000pc0e,",usauto7000pc0e,at00srapx9,pt25038000,us7000pc0e,",",usauto,at,pt,us,",",internal-moment-tensor,internal-origin,losspager,moment-tensor,origin,phase-data,shakemap,",123.0,2.571,0.9,40.0,mww,earthquake,"M 5.8 - southwest of Sumatra, Indonesia",97.5703,-9.7073,21.0,us7000pc0e,2025-02-07 04:31:58.218000+00:00,2025,2,7,4,Faible,,4.1,2.5649493574615367
5.2,"170 km SE of Sarangani, Philippines",1738847787647,1745678823040,,https://earthquake.usgs.gov/earthquakes/eventpage/us7000pbt5,https://earthquake.usgs.gov/fdsnws/event/1/query?eventid=us7000pbt5&format=geojson,,,4.786,green,reviewed,0,416,us,7000pbt5,",usauto7000pbt5,us7000pbt5,",",usauto,us,",",internal-moment-tensor,losspager,origin,phase-data,shakemap,",93.0,1.186,1.08,65.0,mww,earthquake,"M 5.2 - 170 km SE of Sarangani, Philippines",126.6197,4.3939,56.008,us7000pbt5,2025-02-06 13:16:27.647000+00:00,2025,2,6,13,Faible,,4.1,2.5649493574615367
4.1,"25 km SSW of Susitna, Alaska",1738742829800,1745678822040,,https://earthquake.usgs.gov/earthquakes/eventpage/ak0251no5hd4,https://earthquake.usgs.gov/fdsnws/event/1/query?eventid=ak0251no5hd4&format=geojson,1387.0,3.8,5.387,green,reviewed,1,639,ak,0251no5hd4,",ak0251no5hd4,at00sr7ajx,us7000pbga,",",ak,at,us,",",dyfi,impact-link,losspager,moment-tensor,origin,phase-data,shakemap,",,,0.84,,mwr,earthquake,"M 4.1 - 25 km SSW of Susitna, Alaska",-150.7224,61.3407,5.1,ak0251no5hd4,2025-02-05 08:07:09.800000+00:00,2025,2,5,8,Faible,7.23561914106675,3.8,7.23561914106675
5.6,"44 km SW of Nueva Concepción, Guatemala",1738738878108,1745678822040,,https://earthquake.usgs.gov/earthquakes/eventpage/us7000pbfb,https://earthquake.usgs.gov/fdsnws/event/1/query?eventid=us7000pbfb&format=geojson,163.0,5.8,4.65,green,reviewed,0,577,us,7000pbfb,",us7000pbfb,usauto7000pbfb,pt25036000,",",us,usauto,pt,",",dyfi,internal-moment-tensor,internal-origin,losspager,moment-tensor,origin,phase-data,shakemap,",110.0,0.633,0.89,62.0,mww,earthquake,"M 5.6 - 44 km SW of Nueva Concepción, Guatemala",-91.5982,13.9242,58.159,us7000pbfb,2025-02-05 07:01:18.108000+00:00,2025,2,5,7,Faible,5.099866427824199,5.8,5.099866427824199
5.5,"96 km NNW of Ternate, Indonesia",1738725150192,1745678821040,,https://earthquake.usgs.gov/earthquakes/eventpage/us7000pbdp,https://earthquake.usgs.gov/fdsnws/event/1/query?eventid=us7000pbdp&format=geojson,2.0,3.1,4.098,green,reviewed,0,466,us,7000pbdp,",us7000pbdp,usauto7000pbdp,",",us,usauto,",",dyfi,internal-moment-tensor,losspager,moment-tensor,origin,phase-data,shakemap,",223.0,0.876,0.84,31.0,mww,earthquake,"M 5.5 - 96 km NNW of Ternate, Indonesia",127.118,1.6173,99.0,us7000pbdp,2025-02-05 03:12:30.192000+00:00,2025,2,5,3,Faible,1.0986122886681098,3.1,1.0986122886681098
5.7,West Chile Rise,1738633233905,1744750531040,,https://earthquake.usgs.gov/earthquakes/eventpage/us7000pb59,https://earthquake.usgs.gov/fdsnws/event/1/query?eventid=us7000pb59&format=geojson,,,0.0,green,reviewed,0,500,us,7000pb59,",usauto7000pb59,pt25035000,us7000pb59,",",usauto,pt,us,",",internal-moment-tensor,internal-origin,losspager,moment-tensor,origin,phase-data,shakemap,",199.0,12.135,0.59,22.0,mww,earthquake,M 5.7 - West Chile Rise,-92.3973,-38.8932,10.0,us7000pb59,2025-02-04 01:40:33.905000+00:00,2025,2,4,1,Faible,,4.1,2.5649493574615367
5.9,"146 km N of Tobelo, Indonesia",1738618551094,1744750531040,,https://earthquake.usgs.gov/earthquakes/eventpage/us7000pb3j,https://earthquake.usgs.gov/fdsnws/event/1/query?eventid=us7000pb3j&format=geojson,,,4.059,green,reviewed,0,536,us,7000pb3j,",usauto7000pb3j,pt25034001,us7000pb3j,",",usauto,pt,us,",",internal-moment-tensor,internal-origin,losspager,moment-tensor,origin,phase-data,shakemap,",132.0,2.409,0.67,19.0,mww,earthquake,"M 5.9 - 146 km N of Tobelo, Indonesia",128.2254,3.0383,103.0,us7000pb3j,2025-02-03 21:35:51.094000+00:00,2025,2,3,21,Faible,,4.1,2.5649493574615367
5.4,"132 km E of Tatsugō, Japan",1738610096872,1744750530040,,https://earthquake.usgs.gov/earthquakes/eventpage/us7000pb2l,https://earthquake.usgs.gov/fdsnws/event/1/query?eventid=us7000pb2l&format=geojson,,,3.466,green,reviewed,0,449,us,7000pb2l,",usauto7000pb2l,us7000pb2l,",",usauto,us,",",internal-moment-tensor,losspager,moment-tensor,origin,phase-data,shakemap,",125.0,2.834,0.83,79.0,mww,earthquake,"M 5.4 - 132 km E of Tatsugō, Japan",130.9358,28.6536,10.0,us7000pb2l,2025-02-03 19:14:56.872000+00:00,2025,2,3,19,Faible,,4.1,2.5649493574615367
5.5,southeast of the Loyalty Islands,1738587737933,1744750530040,,https://earthquake.usgs.gov/earthquakes/eventpage/us7000pb0i,https://earthquake.usgs.gov/fdsnws/event/1/query?eventid=us7000pb0i&format=geojson,,,0.0,green,reviewed,0,465,us,7000pb0i,",usauto7000pb0i,us7000pb0i,",",usauto,us,",",internal-moment-tensor,losspager,moment-tensor,origin,phase-data,shakemap,",126.0,3.646,0.71,36.0,mww,earthquake,M 5.5 - southeast of the Loyalty Islands,171.3889,-22.8251,10.0,us7000pb0i,2025-02-03 13:02:17.933000+00:00,2025,2,3,13,Faible,,4.1,2.5649493574615367
4.2,"286 km WNW of Port McNeill, Canada",1738542336347,1744750529040,,https://earthquake.usgs.gov/earthquakes/eventpage/us7000pax1,https://earthquake.usgs.gov/fdsnws/event/1/query?eventid=us7000pax1&format=geojson,,,2.554,green,reviewed,1,271,us,7000pax1,",at00sr2zup,us7000pax1,",",at,us,",",impact-link,losspager,moment-tensor,origin,phase-data,shakemap,",76.0,0.796,0.69,157.0,mwr,earthquake,"M 4.2 - 286 km WNW of Port McNeill, Canada",-130.8998,51.5199,10.0,us7000pax1,2025-02-03 00:25:36.347000+00:00,2025,2,3,0,Faible,,4.1,2.5649493574615367
5.5,"32 km W of Archidona, Ecuador",1738364548845,1744750526040,,https://earthquake.usgs.gov/earthquakes/eventpage/us7000pahy,https://earthquake.usgs.gov/fdsnws/event/1/query?eventid=us7000pahy&format=geojson,26.0,7.2,6.132,green,reviewed,0,484,us,7000pahy,",us7000pahy,usauto7000pahy,pt25031002,",",us,usauto,pt,",",dyfi,ground-failure,impact-text,internal-moment-tensor,internal-origin,losspager,moment-tensor,origin,phase-data,shakemap,",96.0,0.3,0.68,64.0,mww,earthquake,"M 5.5 - 32 km W of Archidona, Ecuador",-78.0956,-0.8609,8.0,us7000pahy,2025-01-31 23:02:28.845000+00:00,2025,1,31,23,Faible,3.295836866004329,7.2,3.295836866004329
5.4,"145 km E of Kirakira, Solomon Islands",1738325050579,1744750525040,,https://earthquake.usgs.gov/earthquakes/eventpage/us7000paai,https://earthquake.usgs.gov/fdsnws/event/1/query?eventid=us7000paai&format=geojson,,,3.695,green,reviewed,0,449,us,7000paai,",usauto7000paai,us7000paai,",",usauto,us,",",internal-moment-tensor,losspager,moment-tensor,origin,phase-data,shakemap,",183.0,3.434,0.42,38.0,mww,earthquake,"M 5.4 - 145 km E of Kirakira, Solomon Islands",163.2435,-10.5642,10.0,us7000paai,2025-01-31 12:04:10.579000+00:00,2025,1,31,12,Faible,,4.1,2.5649493574615367
5.7,"58 km SSE of Blangpidie, Indonesia",1738321421859,1744750525040,,https://earthquake.usgs.gov/earthquakes/eventpage/us7000pa9d,https://earthquake.usgs.gov/fdsnws/event/1/query?eventid=us7000pa9d&format=geojson,4.0,5.6,4.488,green,reviewed,0,502,us,7000pa9d,",us7000pa9d,usauto7000pa9d,pt25031001,",",us,usauto,pt,",",dyfi,internal-moment-tensor,internal-origin,losspager,moment-tensor,origin,phase-data,shakemap,",196.0,1.932,0.52,38.0,mww,earthquake,"M 5.7 - 58 km SSE of Blangpidie, Indonesia",97.1235,3.2918,53.0,us7000pa9d,2025-01-31 11:03:41.859000+00:00,2025,1,31,11,Faible,1.6094379124341003,5.6,1.6094379124341003
5.7,central Mid-Atlantic Ridge,1738314290646,1744750525040,,https://earthquake.usgs.gov/earthquakes/eventpage/us7000pa8p,https://earthquake.usgs.gov/fdsnws/event/1/query?eventid=us7000pa8p&format=geojson,,,0.0,green,reviewed,0,500,us,7000pa8p,",usauto7000pa8p,pt25031000,at00sqy3w4,us7000pa8p,",",usauto,pt,at,us,",",internal-moment-tensor,internal-origin,losspager,moment-tensor,origin,phase-data,shakemap,",210.0,12.408,0.32,37.0,mww,earthquake,M 5.7 - central Mid-Atlantic Ridge,-25.1449,0.4304,10.0,us7000pa8p,2025-01-31 09:04:50.646000+00:00,2025,1,31,9,Faible,,4.1,2.5649493574615367
4.6,"18 km ENE of Falls City, Texas",1738207596879,1784307989250,,https://earthquake.usgs.gov/earthquakes/eventpage/tx2025cbgl,https://earthquake.usgs.gov/fdsnws/event/1/query?eventid=tx2025cbgl&format=geojson,806.0,5.3,5.391,green,reviewed,0,753,tx,2025cbgl,",us7000p9yq,tx2025cbgl,",",us,tx,",",dyfi,event-sequence,losspager,moment-tensor,oaf,origin,phase-data,shakemap,",21.0,0.1,0.1,79.0,ml,earthquake,"M 4.6 - 18 km ENE of Falls City, Texas",-97.846,29.058,6.8365,tx2025cbgl,2025-01-30 03:26:36.879000+00:00,2025,1,30,3,Faible,6.693323668269949,5.3,6.693323668269949
5.1,"12 km ENE of Yujing, Taiwan",1738203113748,1744750524040,,https://earthquake.usgs.gov/earthquakes/eventpage/us7000p9yj,https://earthquake.usgs.gov/fdsnws/event/1/query?eventid=us7000p9yj&format=geojson,26.0,4.6,5.145,green,reviewed,0,412,us,7000p9yj,",us7000p9yj,usauto7000p9yj,",",us,usauto,",",dyfi,ground-failure,impact-text,internal-moment-tensor,losspager,moment-tensor,origin,phase-data,shakemap,",154.0,0.144,0.69,49.0,mww,earthquake,"M 5.1 - 12 km ENE of Yujing, Taiwan",120.5775,23.1643,10.0,us7000p9yj,2025-01-30 02:11:53.748000+00:00,2025,1,30,2,Faible,3.295836866004329,4.6,3.295836866004329
5.2,South Atlantic Ocean,1738114379462,1744750523040,,https://earthquake.usgs.gov/earthquakes/eventpage/us7000p9qx,https://earthquake.usgs.gov/fdsnws/event/1/query?eventid=us7000p9qx&format=geojson,,,4.899,green,reviewed,0,416,us,7000p9qx,",us7000p9qx,",",us,",",ground-failure,losspager,moment-tensor,origin,phase-data,shakemap,",100.0,3.142,0.82,41.0,mww,earthquake,M 5.2 - South Atlantic Ocean,-41.5824,-53.41,10.0,us7000p9qx,2025-01-29 01:32:59.462000+00:00,2025,1,29,1,Faible,,4.1,2.5649493574615367
3.74,"24 km SSW of Mammoth, Wyoming",1738112387660,1746085665065,,https://earthquake.usgs.gov/earthquakes/eventpage/uu80100206,https://earthquake.usgs.gov/fdsnws/event/1/query?eventid=uu80100206&format=geojson,34.0,4.9,4.961,green,reviewed,0,232,uu,80100206,",us7000p9qq,uu80100206,",",us,uu,",",dyfi,losspager,moment-tensor,origin,phase-data,shakemap,",27.0,0.05726,0.18,76.0,ml,earthquake,"M 3.7 - 24 km SSW of Mammoth, Wyoming",-110.771,44.7656666666667,8.24,uu80100206,2025-01-29 00:59:47.660000+00:00,2025,1,29,0,Faible,3.5553480614894135,4.9,3.5553480614894135
5.4,"208 km W of Gorontalo, Indonesia",1738076014578,1744149662040,,https://earthquake.usgs.gov/earthquakes/eventpage/us6000pmsr,https://earthquake.usgs.gov/fdsnws/event/1/query?eventid=us6000pmsr&format=geojson,,,4.179,green,reviewed,0,449,us,6000pmsr,",usauto6000pmsr,us6000pmsr,",",usauto,us,",",internal-moment-tensor,losspager,moment-tensor,origin,phase-data,shakemap,",253.0,0.737,0.82,35.0,mww,earthquake,"M 5.4 - 208 km W of Gorontalo, Indonesia",121.1903,0.4934,99.753,us6000pmsr,2025-01-28 14:53:34.578000+00:00,2025,1,28,14,Faible,,4.1,2.5649493574615367
5.2,"22 km NE of Kopuaranga, New Zealand",1738059992394,1744149662040,,https://earthquake.usgs.gov/earthquakes/eventpage/us6000pmru,https://earthquake.usgs.gov/fdsnws/event/1/query?eventid=us6000pmru&format=geojson,49.0,5.0,4.832,green,reviewed,0,440,us,6000pmru,",us6000pmru,usauto6000pmru,",",us,usauto,",",dyfi,internal-moment-tensor,losspager,origin,phase-data,shakemap,",71.0,0.239,0.55,51.0,mb,earthquake,"M 5.2 - 22 km NE of Kopuaranga, New Zealand",175.886,-40.7113,46.425,us6000pmru,2025-01-28 10:26:32.394000+00:00,2025,1,28,10,Faible,3.912023005428146,5.0,3.912023005428146
5.8,Kermadec Islands region,1738047158866,1744149662040,,https://earthquake.usgs.gov/earthquakes/eventpage/us6000pmqw,https://earthquake.usgs.gov/fdsnws/event/1/query?eventid=us6000pmqw&format=geojson,,,2.769,green,reviewed,0,518,us,6000pmqw,",usauto6000pmqw,at00sqsdro,us6000pmqw,",",usauto,at,us,",",internal-moment-tensor,internal-origin,losspager,moment-tensor,origin,phase-data,shakemap,",83.0,1.767,0.91,69.0,mww,earthquake,M 5.8 - Kermadec Islands region,-176.486,-28.0098,13.0,us6000pmqw,2025-01-28 06:52:38.866000+00:00,2025,1,28,6,Faible,,4.1,2.5649493574615367
5.6,southeast of Easter Island,1738025988054,1744149662040,,https://earthquake.usgs.gov/earthquakes/eventpage/us6000pmpq,https://earthquake.usgs.gov/fdsnws/event/1/query?eventid=us6000pmpq&format=geojson,,,0.0,green,reviewed,0,482,us,6000pmpq,",usauto6000pmpq,at00sqrxfq,pt25028000,us6000pmpq,",",usauto,at,pt,us,",",internal-moment-tensor,internal-origin,losspager,moment-tensor,origin,phase-data,shakemap,",97.0,11.778,0.59,26.0,mww,earthquake,M 5.6 - southeast of Easter Island,-90.224,-41.1978,10.0,us6000pmpq,2025-01-28 00:59:48.054000+00:00,2025,1,28,0,Faible,,4.1,2.5649493574615367
4.2,"26 km NW of Clayton, Idaho",1737995534552,1784319691051,,https://earthquake.usgs.gov/earthquakes/eventpage/us6000pmkg,https://earthquake.usgs.gov/fdsnws/event/1/query?eventid=us6000pmkg&format=geojson,328.0,5.4,4.12,green,reviewed,0,449,us,6000pmkg,",us6000pmkg,mb90071673,",",us,mb,",",dyfi,event-sequence,losspager,moment-tensor,oaf,origin,phase-data,shakemap,",72.0,0.327,0.77,35.0,mwr,earthquake,"M 4.2 - 26 km NW of Clayton, Idaho",-114.6681,44.4068,9.19,us6000pmkg,2025-01-27 16:32:14.552000+00:00,2025,1,27,16,Faible,5.796057750765372,5.4,5.796057750765372
5.6,"86 km SSW of Unalaska, Alaska",1737931153301,1784318563263,,https://earthquake.usgs.gov/earthquakes/eventpage/us6000pmgt,https://earthquake.usgs.gov/fdsnws/event/1/query?eventid=us6000pmgt&format=geojson,44.0,4.2,4.428,green,reviewed,1,501,us,6000pmgt,",at00sqpw9c,us6000pmgt,usauto6000pmgt,pt25026000,ak02517day8d,",",at,us,usauto,pt,ak,",",dyfi,event-sequence,impact-link,internal-moment-tensor,internal-origin,losspager,moment-tensor,oaf,origin,phase-data,shakemap,",107.0,0.473,0.91,62.0,mww,earthquake,"M 5.6 - 86 km SSW of Unalaska, Alaska",-167.2003,53.2062,59.0,us6000pmgt,2025-01-26 22:39:13.301000+00:00,2025,1,26,22,Faible,3.8066624897703196,4.2,3.8066624897703196
4.13,"56 km WNW of Petrolia, CA",1737900181190,1744149660040,,https://earthquake.usgs.gov/earthquakes/eventpage/nc75123321,https://earthquake.usgs.gov/fdsnws/event/1/query?eventid=nc75123321&format=geojson,10.0,3.8,2.794,green,reviewed,0,266,nc,75123321,",us6000pmfp,nc75123321,ew1737900190,",",us,nc,ew,",",dyfi,focal-mechanism,losspager,moment-tensor,nearby-cities,origin,phase-data,scitech-link,shake-alert,shakemap,",177.0,0.4613,0.3,231.0,mw,earthquake,"M 4.1 - 56 km WNW of Petrolia, CA",-124.942833333333,40.3348333333333,7.04,nc75123321,2025-01-26 14:03:01.190000+00:00,2025,1,26,14,Faible,2.3978952727983707,3.8,2.3978952727983707
3.7,"58 km NNW of Banff, Canada",1737891585646,1744149660040,,https://earthquake.usgs.gov/earthquakes/eventpage/us6000pmf8,https://earthquake.usgs.gov/fdsnws/event/1/query?eventid=us6000pmf8&format=geojson,5.0,4.5,3.636,green,reviewed,0,213,us,6000pmf8,",us6000pmf8,",",us,",",dyfi,losspager,moment-tensor,origin,phase-data,shakemap,",133.0,1.645,0.69,83.0,mwr,earthquake,"M 3.7 - 58 km NNW of Banff, Canada",-115.8313,51.6748,4.0,us6000pmf8,2025-01-26 11:39:45.646000+00:00,2025,1,26,11,Faible,1.791759469228055,4.5,1.791759469228055
5.2,"2 km SW of Yujing, Taiwan",1737848332789,1744149660040,,https://earthquake.usgs.gov/earthquakes/eventpage/us6000pmct,https://earthquake.usgs.gov/fdsnws/event/1/query?eventid=us6000pmct&format=geojson,27.0,6.9,5.749,green,reviewed,0,435,us,6000pmct,",us6000pmct,usauto6000pmct,",",us,usauto,",",dyfi,ground-failure,impact-text,internal-moment-tensor,losspager,moment-tensor,origin,phase-data,shakemap,",102.0,0.255,0.7,33.0,mww,earthquake,"M 5.2 - 2 km SW of Yujing, Taiwan",120.4471,23.1079,10.0,us6000pmct,2025-01-25 23:38:52.789000+00:00,2025,1,25,23,Faible,3.332204510175204,6.9,3.332204510175204
5.7,"150 km S of Kavieng, Papua New Guinea",1737743211860,1744149659040,,https://earthquake.usgs.gov/earthquakes/eventpage/us6000pm5y,https://earthquake.usgs.gov/fdsnws/event/1/query?eventid=us6000pm5y&format=geojson,,,3.922,green,reviewed,0,500,us,6000pm5y,",usauto6000pm5y,pt25024000,us6000pm5y,",",usauto,pt,us,",",internal-moment-tensor,internal-origin,losspager,moment-tensor,origin,phase-data,shakemap,",163.0,1.301,0.46,28.0,mww,earthquake,"M 5.7 - 150 km S of Kavieng, Papua New Guinea",150.7581,-3.9381,10.0,us6000pm5y,2025-01-24 18:26:51.860000+00:00,2025,1,24,18,Faible,,4.1,2.5649493574615367
4.37,"18 km W of Delta, B.C., MX",1737655727730,1784318857464,,https://earthquake.usgs.gov/earthquakes/eventpage/ci41034376,https://earthquake.usgs.gov/fdsnws/event/1/query?eventid=ci41034376&format=geojson,102.0,3.8,4.24,green,reviewed,0,333,ci,41034376,",ew1737655730,ci41034376,us6000plw2,",",ew,ci,us,",",dyfi,event-sequence,focal-mechanism,losspager,moment-tensor,nearby-cities,oaf,origin,phase-data,scitech-link,shake-alert,shakemap,",40.0,0.1131,0.34,60.0,ml,earthquake,"M 4.4 - 18 km W of Delta, B.C., MX",-115.3858333,32.3291667,14.74,ci41034376,2025-01-23 18:08:47.730000+00:00,2025,1,23,18,Faible,4.634728988229636,3.8,4.634728988229636
5.6,"190 km NE of Sola, Vanuatu",1737630842382,1744149658040,,https://earthquake.usgs.gov/earthquakes/eventpage/us6000plst,https://earthquake.usgs.gov/fdsnws/event/1/query?eventid=us6000plst&format=geojson,,,2.114,green,reviewed,0,482,us,6000plst,",us6000plst,usauto6000plst,",",us,usauto,",",ground-failure,internal-moment-tensor,losspager,moment-tensor,origin,phase-data,shakemap,",125.0,3.126,1.02,35.0,mww,earthquake,"M 5.6 - 190 km NE of Sola, Vanuatu",168.8952,-12.7706,598.0,us6000plst,2025-01-23 11:14:02.382000+00:00,2025,1,23,11,Faible,,4.1,2.5649493574615367
5.4,"8 km E of Siocon, Philippines",1737603676038,1744149658040,,https://earthquake.usgs.gov/earthquakes/eventpage/us6000plrc,https://earthquake.usgs.gov/fdsnws/event/1/query?eventid=us6000plrc&format=geojson,9.0,4.7,4.463,green,reviewed,0,453,us,6000plrc,",us6000plrc,usauto6000plrc,",",us,usauto,",",dyfi,ground-failure,impact-text,internal-moment-tensor,losspager,moment-tensor,origin,phase-data,shakemap,",189.0,3.402,0.7,27.0,mww,earthquake,"M 5.4 - 8 km E of Siocon, Philippines",122.2079,7.7025,62.013,us6000plrc,2025-01-23 03:41:16.038000+00:00,2025,1,23,3,Faible,2.302585092994046,4.7,2.302585092994046
5.7,"3 km NNW of San Francisco, Philippines",1737589186093,1744149657040,,https://earthquake.usgs.gov/earthquakes/eventpage/us6000plql,https://earthquake.usgs.gov/fdsnws/event/1/query?eventid=us6000plql&format=geojson,30.0,7.0,6.665,green,reviewed,0,521,us,6000plql,",us6000plql,usauto6000plql,pt25022000,",",us,usauto,pt,",",dyfi,ground-failure,impact-text,internal-moment-tensor,internal-origin,losspager,moment-tensor,origin,phase-data,shakemap,",276.0,3.031,0.64,19.0,mww,earthquake,"M 5.7 - 3 km NNW of San Francisco, Philippines",125.1492,10.0899,9.0,us6000plql,2025-01-22 23:39:46.093000+00:00,2025,1,22,23,Faible,3.4339872044851463,7.0,3.4339872044851463
5.5,"83 km NW of Rabaul, Papua New Guinea",1737458129924,1743286365040,,https://earthquake.usgs.gov/earthquakes/eventpage/us6000plel,https://earthquake.usgs.gov/fdsnws/event/1/query?eventid=us6000plel&format=geojson,,,4.194,green,reviewed,0,465,us,6000plel,",usauto6000plel,us6000plel,",",usauto,us,",",internal-moment-tensor,losspager,moment-tensor,origin,phase-data,shakemap,",117.0,0.701,0.55,84.0,mww,earthquake,"M 5.5 - 83 km NW of Rabaul, Papua New Guinea",151.551,-3.7665,10.0,us6000plel,2025-01-21 11:15:29.924000+00:00,2025,1,21,11,Faible,,4.1,2.5649493574615367
5.5,southern Mid-Atlantic Ridge,1737439514046,1743286365040,,https://earthquake.usgs.gov/earthquakes/eventpage/us6000pldh,https://earthquake.usgs.gov/fdsnws/event/1/query?eventid=us6000pldh&format=geojson,,,0.0,green,reviewed,0,465,us,6000pldh,",usauto6000pldh,us6000pldh,",",usauto,us,",",internal-moment-tensor,losspager,origin,phase-data,shakemap,",93.0,13.529,0.73,42.0,mww,earthquake,M 5.5 - southern Mid-Atlantic Ridge,-13.4234,-27.5196,10.0,us6000pldh,2025-01-21 06:05:14.046000+00:00,2025,1,21,6,Faible,,4.1,2.5649493574615367
5.5,"33 km WNW of Agat Village, Guam",1737438470406,1768975080657,,https://earthquake.usgs.gov/earthquakes/eventpage/us6000pldf,https://earthquake.usgs.gov/fdsnws/event/1/query?eventid=us6000pldf&format=geojson,45.0,4.3,4.944,green,reviewed,0,485,us,6000pldf,",pt25021000,us6000pldf,usauto6000pldf,",",pt,us,usauto,",",dyfi,internal-moment-tensor,internal-origin,losspager,moment-tensor,oaf,origin,phase-data,shakemap,",114.0,0.515,0.57,27.0,mww,earthquake,"M 5.5 - 33 km WNW of Agat Village, Guam",144.3602,13.4452,130.0,us6000pldf,2025-01-21 05:47:50.406000+00:00,2025,1,21,5,Faible,3.828641396489095,4.3,3.828641396489095
6.0,"10 km NE of Yujing, Taiwan",1737389846812,1746727353757,,https://earthquake.usgs.gov/earthquakes/eventpage/us6000pl8h,https://earthquake.usgs.gov/fdsnws/event/1/query?eventid=us6000pl8h&format=geojson,243.0,8.0,6.189,green,reviewed,0,748,us,6000pl8h,",us6000pl8h,usauto6000pl8h,at00sqeal1,pt25020000,",",us,usauto,at,pt,",",dyfi,ground-failure,impact-text,internal-moment-tensor,internal-origin,losspager,moment-tensor,origin,phase-data,shakemap,",151.0,0.142,0.71,29.0,mww,earthquake,"M 6.0 - 10 km NE of Yujing, Taiwan",120.5448,23.1816,16.0,us6000pl8h,2025-01-20 16:17:26.812000+00:00,2025,1,20,16,Faible,5.497168225293202,8.0,5.497168225293202
5.3,Easter Island region,1737384577811,1743286364040,,https://earthquake.usgs.gov/earthquakes/eventpage/us6000pl89,https://earthquake.usgs.gov/fdsnws/event/1/query?eventid=us6000pl89&format=geojson,,,0.0,green,reviewed,0,432,us,6000pl89,",us6000pl89,",",us,",",losspager,moment-tensor,origin,phase-data,shakemap,",98.0,4.077,0.43,65.0,mww,earthquake,M 5.3 - Easter Island region,-112.0023,-23.793,10.0,us6000pl89,2025-01-20 14:49:37.811000+00:00,2025,1,20,14,Faible,,4.1,2.5649493574615367
5.4,"6 km WSW of Talisay, Philippines",1737369778290,1743286364040,,https://earthquake.usgs.gov/earthquakes/eventpage/us6000pl78,https://earthquake.usgs.gov/fdsnws/event/1/query?eventid=us6000pl78&format=geojson,17.0,4.1,4.141,green,reviewed,0,456,us,6000pl78,",us6000pl78,usauto6000pl78,",",us,usauto,",",dyfi,internal-moment-tensor,losspager,moment-tensor,origin,phase-data,shakemap,",132.0,8.389,1.12,18.0,mww,earthquake,"M 5.4 - 6 km WSW of Talisay, Philippines",120.5676,13.9035,100.0,us6000pl78,2025-01-20 10:42:58.290000+00:00,2025,1,20,10,Faible,2.8903717578961645,4.1,2.8903717578961645
5.5,"62 km S of Lata, Solomon Islands",1737362322816,1743286364040,,https://earthquake.usgs.gov/earthquakes/eventpage/us6000pl6q,https://earthquake.usgs.gov/fdsnws/event/1/query?eventid=us6000pl6q&format=geojson,,,4.243,green,reviewed,0,465,us,6000pl6q,",usauto6000pl6q,us6000pl6q,",",usauto,us,",",internal-moment-tensor,losspager,moment-tensor,origin,phase-data,shakemap,",91.0,4.34,0.62,58.0,mww,earthquake,"M 5.5 - 62 km S of Lata, Solomon Islands",165.8611,-11.2826,36.358,us6000pl6q,2025-01-20 08:38:42.816000+00:00,2025,1,20,8,Faible,,4.1,2.5649493574615367
5.7,"26 km SE of Lata, Solomon Islands",1736977021080,1743286360040,,https://earthquake.usgs.gov/earthquakes/eventpage/us6000pk9u,https://earthquake.usgs.gov/fdsnws/event/1/query?eventid=us6000pk9u&format=geojson,,,4.395,green,reviewed,0,500,us,6000pk9u,",usauto6000pk9u,at00sq5g1p,pt25015000,us6000pk9u,",",usauto,at,pt,us,",",internal-moment-tensor,internal-origin,losspager,moment-tensor,origin,phase-data,shakemap,",195.0,4.709,0.54,38.0,mww,earthquake,"M 5.7 - 26 km SE of Lata, Solomon Islands",165.9976,-10.8585,42.0,us6000pk9u,2025-01-15 21:37:01.080000+00:00,2025,1,15,21,Faible,,4.1,2.5649493574615367
4.4,"91 km S of Port Alexander, Alaska",1736906313351,1743286359040,,https://earthquake.usgs.gov/earthquakes/eventpage/ak025ou0514,https://earthquake.usgs.gov/fdsnws/event/1/query?eventid=ak025ou0514&format=geojson,19.0,3.1,2.343,green,reviewed,0,304,ak,025ou0514,",ak025ou0514,us6000pk26,",",ak,us,",",dyfi,losspager,moment-tensor,origin,phase-data,shakemap,",,,0.91,,mwr,earthquake,"M 4.4 - 91 km S of Port Alexander, Alaska",-134.8284,55.4373,24.4,ak025ou0514,2025-01-15 01:58:33.351000+00:00,2025,1,15,1,Faible,2.995732273553991,3.1,2.995732273553991
5.6,central Mid-Atlantic Ridge,1736881324457,1742504129040,,https://earthquake.usgs.gov/earthquakes/eventpage/us6000pjym,https://earthquake.usgs.gov/fdsnws/event/1/query?eventid=us6000pjym&format=geojson,1.0,5.0,0.0,green,reviewed,0,483,us,6000pjym,",us6000pjym,usauto6000pjym,",",us,usauto,",",dyfi,internal-moment-tensor,losspager,moment-tensor,origin,phase-data,shakemap,",139.0,13.014,0.6,57.0,mww,earthquake,M 5.6 - central Mid-Atlantic Ridge,-35.4561,7.2664,10.0,us6000pjym,2025-01-14 19:02:04.457000+00:00,2025,1,14,19,Faible,0.6931471805599453,5.0,0.6931471805599453
5.3,"43 km ENE of Nichinan, Japan",1736874759509,1742504129040,,https://earthquake.usgs.gov/earthquakes/eventpage/us6000pjxl,https://earthquake.usgs.gov/fdsnws/event/1/query?eventid=us6000pjxl&format=geojson,3.0,3.4,4.26,green,reviewed,0,433,us,6000pjxl,",us6000pjxl,usauto6000pjxl,",",us,usauto,",",dyfi,internal-moment-tensor,losspager,moment-tensor,origin,phase-data,shakemap,",135.0,1.175,1.03,64.0,mww,earthquake,"M 5.3 - 43 km ENE of Nichinan, Japan",131.8103,31.7088,37.94,us6000pjxl,2025-01-14 17:12:39.509000+00:00,2025,1,14,17,Faible,1.3862943611198906,3.4,1.3862943611198906
6.8,"15 km SE of Miyazaki, Japan",1736770772252,1768562492548,,https://earthquake.usgs.gov/earthquakes/eventpage/us6000pjny,https://earthquake.usgs.gov/fdsnws/event/1/query?eventid=us6000pjny&format=geojson,41.0,7.4,6.277,green,reviewed,1,742,us,6000pjny,",at00sq10wm,pt25013000,us6000pjny,usauto6000pjny,",",at,pt,us,usauto,",",dyfi,ground-failure,impact-link,impact-text,internal-moment-tensor,internal-origin,losspager,moment-tensor,origin,phase-data,shakemap,",151.0,0.992,1.07,18.0,mww,earthquake,"M 6.8 - 15 km SE of Miyazaki, Japan",131.5525,31.8326,39.0,us6000pjny,2025-01-13 12:19:32.252000+00:00,2025,1,13,12,Faible,3.7376696182833684,7.4,3.7376696182833684
5.4,"20 km W of Taguisa, Philippines",1736727587641,1742504117040,,https://earthquake.usgs.gov/earthquakes/eventpage/us6000pjlq,https://earthquake.usgs.gov/fdsnws/event/1/query?eventid=us6000pjlq&format=geojson,3.0,3.5,1.637,green,reviewed,0,450,us,6000pjlq,",us6000pjlq,usauto6000pjlq,",",us,usauto,",",dyfi,internal-moment-tensor,losspager,moment-tensor,origin,phase-data,shakemap,",123.0,1.759,0.63,24.0,mww,earthquake,"M 5.4 - 20 km W of Taguisa, Philippines",123.8527,6.6712,541.546,us6000pjlq,2025-01-13 00:19:47.641000+00:00,2025,1,13,0,Faible,1.3862943611198906,3.5,1.3862943611198906
5.0,"237 km E of Levuka, Fiji",1736694237239,1742504114040,,https://earthquake.usgs.gov/earthquakes/eventpage/us6000pjk4,https://earthquake.usgs.gov/fdsnws/event/1/query?eventid=us6000pjk4&format=geojson,1.0,2.0,1.054,green,reviewed,0,385,us,6000pjk4,",us6000pjk4,usauto6000pjk4,",",us,usauto,",",dyfi,internal-moment-tensor,losspager,origin,phase-data,shakemap,",78.0,2.492,0.67,72.0,mb,earthquake,"M 5.0 - 237 km E of Levuka, Fiji",-178.4485,-17.8504,608.249,us6000pjk4,2025-01-12 15:03:57.239000+00:00,2025,1,12,15,Faible,0.6931471805599453,2.0,0.6931471805599453
6.2,"18 km SE of Aquila, Mexico",1736670769944,1781277871551,,https://earthquake.usgs.gov/earthquakes/eventpage/us6000pjig,https://earthquake.usgs.gov/fdsnws/event/1/query?eventid=us6000pjig&format=geojson,658.0,5.7,6.003,green,reviewed,0,966,us,6000pjig,",us6000pjig,usauto6000pjig,at00spyvqt,pt25012000,",",us,usauto,at,pt,",",dyfi,ground-failure,impact-text,internal-moment-tensor,internal-origin,losspager,moment-tensor,origin,phase-data,shakemap,",84.0,0.901,1.38,90.0,mww,earthquake,"M 6.2 - 18 km SE of Aquila, Mexico",-103.3631,18.5019,39.0,us6000pjig,2025-01-12 08:32:49.944000+00:00,2025,1,12,8,Faible,6.490723534502507,5.7,6.490723534502507
5.6,"31 km SSW of Bahía Solano, Colombia",1736496872949,1742504099040,,https://earthquake.usgs.gov/earthquakes/eventpage/us6000pj4s,https://earthquake.usgs.gov/fdsnws/event/1/query?eventid=us6000pj4s&format=geojson,1.0,1.0,4.551,green,reviewed,0,483,us,6000pj4s,",us6000pj4s,usauto6000pj4s,pt25010000,",",us,usauto,pt,",",dyfi,ground-failure,internal-moment-tensor,internal-origin,losspager,moment-tensor,origin,phase-data,shakemap,",81.0,1.944,0.65,91.0,mww,earthquake,"M 5.6 - 31 km SSW of Bahía Solano, Colombia",-77.4683,5.9461,18.0,us6000pj4s,2025-01-10 08:14:32.949000+00:00,2025,1,10,8,Faible,0.6931471805599453,1.0,0.6931471805599453
5.8,"10 km E of Acajutla, El Salvador",1736440305323,1742504095040,,https://earthquake.usgs.gov/earthquakes/eventpage/us6000pixh,https://earthquake.usgs.gov/fdsnws/event/1/query?eventid=us6000pixh&format=geojson,52.0,5.2,4.247,green,reviewed,0,545,us,6000pixh,",us6000pixh,usauto6000pixh,pt25009000,",",us,usauto,pt,",",dyfi,internal-moment-tensor,internal-origin,losspager,moment-tensor,origin,phase-data,shakemap,",169.0,0.304,1.05,37.0,mww,earthquake,"M 5.8 - 10 km E of Acajutla, El Salvador",-89.7339,13.599,95.0,us6000pixh,2025-01-09 16:31:45.323000+00:00,2025,1,9,16,Faible,3.970291913552122,5.2,3.970291913552122
4.2,"56 km S of Whites City, New Mexico",1736394737871,1742504092040,,https://earthquake.usgs.gov/earthquakes/eventpage/tx2025aoxt,https://earthquake.usgs.gov/fdsnws/event/1/query?eventid=tx2025aoxt&format=geojson,13.0,3.1,4.474,green,reviewed,0,275,tx,2025aoxt,",us6000pisu,tx2025aoxt,",",us,tx,",",dyfi,losspager,moment-tensor,origin,phase-data,shakemap,",28.0,0.1,0.1,57.0,ml,earthquake,"M 4.2 - 56 km S of Whites City, New Mexico",-104.357,31.666,5.946,tx2025aoxt,2025-01-09 03:52:17.871000+00:00,2025,1,9,3,Faible,2.6390573296152584,3.1,2.6390573296152584
5.5,"Southern Qinghai, China",1736322262866,1742504087040,,https://earthquake.usgs.gov/earthquakes/eventpage/us6000pijd,https://earthquake.usgs.gov/fdsnws/event/1/query?eventid=us6000pijd&format=geojson,4.0,8.5,6.746,yellow,reviewed,0,653,us,6000pijd,",us6000pijd,usauto6000pijd,",",us,usauto,",",dyfi,ground-failure,internal-moment-tensor,losspager,moment-tensor,origin,phase-data,shakemap,",106.0,5.216,0.62,57.0,mww,earthquake,"M 5.5 - Southern Qinghai, China",97.4685,34.8006,10.0,us6000pijd,2025-01-08 07:44:22.866000+00:00,2025,1,8,7,Modéré,1.6094379124341003,8.5,1.6094379124341003
5.6,"Izu Islands, Japan region",1736238690553,1742247308040,,https://earthquake.usgs.gov/earthquakes/eventpage/us6000pida,https://earthquake.usgs.gov/fdsnws/event/1/query?eventid=us6000pida&format=geojson,8.0,3.4,2.225,green,reviewed,0,485,us,6000pida,",us6000pida,",",us,",",dyfi,losspager,moment-tensor,origin,phase-data,shakemap,",139.0,1.897,0.67,32.0,mww,earthquake,"M 5.6 - Izu Islands, Japan region",138.4289,31.6194,358.0,us6000pida,2025-01-07 08:31:30.553000+00:00,2025,1,7,8,Faible,2.1972245773362196,3.4,2.1972245773362196
5.4,"96 km NNE of Lobuche, Nepal",1736212153529,1742247300040,,https://earthquake.usgs.gov/earthquakes/eventpage/us6000pks1,https://earthquake.usgs.gov/fdsnws/event/1/query?eventid=us6000pks1&format=geojson,,,6.031,green,reviewed,0,449,us,6000pks1,",us6000pks1,",",us,",",ground-failure,losspager,origin,phase-data,shakemap,",30.0,3.563,0.35,64.0,mb,earthquake,"M 5.4 - 96 km NNE of Lobuche, Nepal",87.1968,28.7537,10.0,us6000pks1,2025-01-07 01:09:13.529000+00:00,2025,1,7,1,Faible,,4.1,2.5649493574615367
7.1,2025 Southern Tibetan Plateau Earthquake,1736211916734,1754895022632,,https://earthquake.usgs.gov/earthquakes/eventpage/us6000pi9w,https://earthquake.usgs.gov/fdsnws/event/1/query?eventid=us6000pi9w&format=geojson,865.0,9.1,9.212,red,reviewed,0,2787,us,6000pi9w,",us6000pi9w,usauto6000pi9w,pt25007000,",",us,usauto,pt,",",dyfi,earthquake-name,finite-fault,general-text,ground-failure,impact-text,internal-moment-tensor,internal-origin,losspager,moment-tensor,origin,phase-data,shakemap,",315.0,3.458,0.56,17.0,mww,earthquake,M 7.1 - 2025 Southern Tibetan Plateau Earthquake,87.3781,28.6036,10.0,us6000pi9w,2025-01-07 01:05:16.734000+00:00,2025,1,7,1,Sévère,6.763884908562435,9.1,6.763884908562435
3.6,"25 km WNW of Susitna, Alaska",1736178208183,1742247296040,,https://earthquake.usgs.gov/earthquakes/eventpage/ak025a6euyz,https://earthquake.usgs.gov/fdsnws/event/1/query?eventid=ak025a6euyz&format=geojson,54.0,2.8,2.899,green,reviewed,0,215,ak,025a6euyz,",ak025a6euyz,us6000pi6b,",",ak,us,",",dyfi,losspager,origin,phase-data,shakemap,",,,0.88,,ml,earthquake,"M 3.6 - 25 km WNW of Susitna, Alaska",-150.948,61.6419,67.6,ak025a6euyz,2025-01-06 15:43:28.183000+00:00,2025,1,6,15,Faible,4.007333185232471,2.8,4.007333185232471
6.2,"56 km SSE of La Libertad, El Salvador",1736097525784,1784300743759,,https://earthquake.usgs.gov/earthquakes/eventpage/us6000pi09,https://earthquake.usgs.gov/fdsnws/event/1/query?eventid=us6000pi09&format=geojson,132.0,5.4,5.793,green,reviewed,0,663,us,6000pi09,",us6000pi09,usauto6000pi09,pt25005001,",",us,usauto,pt,",",dyfi,ground-failure,impact-text,internal-moment-tensor,internal-origin,losspager,moment-tensor,origin,phase-data,shakemap,",131.0,0.746,1.19,79.0,mww,earthquake,"M 6.2 - 56 km SSE of La Libertad, El Salvador",-89.1775,13.0007,46.0,us6000pi09,2025-01-05 17:18:45.784000+00:00,2025,1,5,17,Faible,4.890349128221754,5.4,4.890349128221754
5.7,"52 km N of Āwash, Ethiopia",1735951941078,1742247271040,,https://earthquake.usgs.gov/earthquakes/eventpage/us6000phrk,https://earthquake.usgs.gov/fdsnws/event/1/query?eventid=us6000phrk&format=geojson,211.0,8.1,8.362,green,reviewed,0,671,us,6000phrk,",us6000phrk,usauto6000phrk,pt25004000,",",us,usauto,pt,",",dyfi,ground-failure,internal-moment-tensor,internal-origin,losspager,moment-tensor,origin,phase-data,shakemap,",112.0,1.53,0.92,33.0,mww,earthquake,"M 5.7 - 52 km N of Āwash, Ethiopia",40.1219,9.4591,8.0,us6000phrk,2025-01-04 00:52:21.078000+00:00,2025,1,4,0,Faible,5.356586274672012,8.1,5.356586274672012
5.5,"45 km NNE of Āwash, Ethiopia",1735923706324,1742247268040,,https://earthquake.usgs.gov/earthquakes/eventpage/us6000phnz,https://earthquake.usgs.gov/fdsnws/event/1/query?eventid=us6000phnz&format=geojson,20.0,8.0,8.789,green,reviewed,0,481,us,6000phnz,",us6000phnz,usauto6000phnz,",",us,usauto,",",dyfi,ground-failure,internal-moment-tensor,losspager,moment-tensor,origin,phase-data,shakemap,",167.0,1.708,0.63,34.0,mww,earthquake,"M 5.5 - 45 km NNE of Āwash, Ethiopia",40.3457,9.3575,10.0,us6000phnz,2025-01-03 17:01:46.324000+00:00,2025,1,3,17,Faible,3.044522437723423,8.0,3.044522437723423
5.5,South Sandwich Islands region,1735871597419,1742247262040,,https://earthquake.usgs.gov/earthquakes/eventpage/us6000phce,https://earthquake.usgs.gov/fdsnws/event/1/query?eventid=us6000phce&format=geojson,,,3.648,green,reviewed,0,465,us,6000phce,",us6000phce,",",us,",",losspager,moment-tensor,origin,phase-data,shakemap,",135.0,7.353,0.7,38.0,mww,earthquake,M 5.5 - South Sandwich Islands region,-25.9578,-58.7696,86.0,us6000phce,2025-01-03 02:33:17.419000+00:00,2025,1,3,2,Faible,,4.1,2.5649493574615367
5.1,"71 km NW of Rabaul, Papua New Guinea",1735868848923,1742247261040,,https://earthquake.usgs.gov/earthquakes/eventpage/us6000phc9,https://earthquake.usgs.gov/fdsnws/event/1/query?eventid=us6000phc9&format=geojson,,,4.03,green,reviewed,0,400,us,6000phc9,",usauto6000phc9,us6000phc9,",",usauto,us,",",internal-moment-tensor,losspager,origin,phase-data,shakemap,",104.0,0.635,0.92,86.0,mww,earthquake,"M 5.1 - 71 km NW of Rabaul, Papua New Guinea",151.7104,-3.7423,10.0,us6000phc9,2025-01-03 01:47:28.923000+00:00,2025,1,3,1,Faible,,4.1,2.5649493574615367
6.1,"84 km NNW of Calama, Chile",1735850615253,1742247259040,,https://earthquake.usgs.gov/earthquakes/eventpage/us6000phap,https://earthquake.usgs.gov/fdsnws/event/1/query?eventid=us6000phap&format=geojson,54.0,6.3,5.281,green,reviewed,0,606,us,6000phap,",us6000phap,usauto6000phap,pt25002000,",",us,usauto,pt,",",dyfi,ground-failure,impact-text,internal-moment-tensor,internal-origin,losspager,moment-tensor,origin,phase-data,shakemap,",106.0,0.152,1.03,57.0,mww,earthquake,"M 6.1 - 84 km NNW of Calama, Chile",-69.1069,-21.7109,99.0,us6000phap,2025-01-02 20:43:35.253000+00:00,2025,1,2,20,Faible,4.007333185232471,6.3,4.007333185232471
5.4,"72 km NW of Rabaul, Papua New Guinea",1735801599333,1742247254040,,https://earthquake.usgs.gov/earthquakes/eventpage/us6000ph16,https://earthquake.usgs.gov/fdsnws/event/1/query?eventid=us6000ph16&format=geojson,,,4.045,green,reviewed,0,449,us,6000ph16,",usauto6000ph16,us6000ph16,",",usauto,us,",",internal-moment-tensor,losspager,moment-tensor,origin,phase-data,shakemap,",78.0,0.645,0.69,110.0,mww,earthquake,"M 5.4 - 72 km NW of Rabaul, Papua New Guinea",151.7189,-3.7199,10.0,us6000ph16,2025-01-02 07:06:39.333000+00:00,2025,1,2,7,Faible,,4.1,2.5649493574615367
5.5,Balleny Islands region,1735786457931,1742247252040,,https://earthquake.usgs.gov/earthquakes/eventpage/us6000pgzq,https://earthquake.usgs.gov/fdsnws/event/1/query?eventid=us6000pgzq&format=geojson,,,0.0,green,reviewed,0,465,us,6000pgzq,",usauto6000pgzq,us6000pgzq,",",usauto,us,",",internal-moment-tensor,losspager,origin,phase-data,shakemap,",39.0,8.039,0.7,138.0,mww,earthquake,M 5.5 - Balleny Islands region,155.7048,-62.3342,10.0,us6000pgzq,2025-01-02 02:54:17.931000+00:00,2025,1,2,2,Faible,,4.1,2.5649493574615367
4.65,"4 km NW of Cobb, CA",1735785244660,1785294491561,,https://earthquake.usgs.gov/earthquakes/eventpage/nc75111126,https://earthquake.usgs.gov/fdsnws/event/1/query?eventid=nc75111126&format=geojson,705.0,6.0,6.915,green,reviewed,1,756,nc,75111126,",ew1735785240,us6000pgzl,nc75111126,at00spfwgt,",",ew,us,nc,at,",",dyfi,event-sequence,focal-mechanism,ground-failure,impact-link,losspager,moment-tensor,nearby-cities,oaf,origin,phase-data,scitech-link,shake-alert,shakemap,",115.0,0.009316,0.08,44.0,mw,earthquake,"M 4.7 - 4 km NW of Cobb, CA",-122.756333333333,38.8455,1.42,nc75111126,2025-01-02 02:34:04.660000+00:00,2025,1,2,2,Faible,6.559615237493242,6.0,6.559615237493242
6.1,South Sandwich Islands region,1735739304752,1742247244040,,https://earthquake.usgs.gov/earthquakes/eventpage/us6000pgv4,https://earthquake.usgs.gov/fdsnws/event/1/query?eventid=us6000pgv4&format=geojson,,,4.22,green,reviewed,0,572,us,6000pgv4,",us6000pgv4,usauto6000pgv4,pt25001000,at00spex0r,",",us,usauto,pt,at,",",ground-failure,internal-moment-tensor,internal-origin,losspager,moment-tensor,origin,phase-data,shakemap,",216.0,5.973,0.59,28.0,mww,earthquake,M 6.1 - South Sandwich Islands region,-26.7059,-56.4095,70.0,us6000pgv4,2025-01-01 13:48:24.752000+00:00,2025,1,1,13,Faible,,4.1,2.5649493574615367
5.5,"153 km S of Isangel, Vanuatu",1735706358208,1742247240040,,https://earthquake.usgs.gov/earthquakes/eventpage/us6000pgsd,https://earthquake.usgs.gov/fdsnws/event/1/query?eventid=us6000pgsd&format=geojson,1.0,3.4,3.56,green,reviewed,0,466,us,6000pgsd,",us6000pgsd,usauto6000pgsd,",",us,usauto,",",dyfi,internal-moment-tensor,losspager,moment-tensor,origin,phase-data,shakemap,",152.0,2.459,0.56,81.0,mww,earthquake,"M 5.5 - 153 km S of Isangel, Vanuatu",169.3819,-20.9273,22.0,us6000pgsd,2025-01-01 04:39:18.208000+00:00,2025,1,1,4,Faible,0.6931471805599453,3.4,0.6931471805599453
5.1,"97 km N of Yakutat, Alaska",1767089839055,1778786854222,,https://earthquake.usgs.gov/earthquakes/eventpage/us7000rlhy,https://earthquake.usgs.gov/fdsnws/event/1/query?eventid=us7000rlhy&format=geojson,3.0,2.4,6.223,green,reviewed,0,401,us,7000rlhy,",us7000rlhy,usauto7000rlhy,ak2025zrdbkw,",",us,usauto,ak,",",dyfi,ground-failure,internal-moment-tensor,losspager,moment-tensor,origin,phase-data,shakemap,",173.0,0.475,0.67,43.0,mww,earthquake,"M 5.1 - 97 km N of Yakutat, Alaska",-139.56,60.4206,5.0,us7000rlhy,2025-12-30 10:17:19.055000+00:00,2025,12,30,10,Faible,1.3862943611198906,2.4,1.3862943611198906
5.5,"19 km NNE of Wadomari, Japan",1767082344579,1775083718040,,https://earthquake.usgs.gov/earthquakes/eventpage/us7000rlha,https://earthquake.usgs.gov/fdsnws/event/1/query?eventid=us7000rlha&format=geojson,8.0,3.4,5.337,green,reviewed,0,468,us,7000rlha,",us7000rlha,usauto7000rlha,",",us,usauto,",",dyfi,ground-failure,internal-moment-tensor,losspager,moment-tensor,origin,phase-data,shakemap,",101.0,0.816,0.91,39.0,mww,earthquake,"M 5.5 - 19 km NNE of Wadomari, Japan",128.7241,27.549,11.0,us7000rlha,2025-12-30 08:12:24.579000+00:00,2025,12,30,8,Faible,2.1972245773362196,3.4,2.1972245773362196
4.7,"15 km NNW of Susanville, CA",1766968874360,1775083712040,,https://earthquake.usgs.gov/earthquakes/eventpage/nc75287861,https://earthquake.usgs.gov/fdsnws/event/1/query?eventid=nc75287861&format=geojson,357.0,6.4,5.96,green,reviewed,0,568,nc,75287861,",ew1766968880,nc75287861,us7000rla2,nn00908981,",",ew,nc,us,nn,",",dyfi,focal-mechanism,ground-failure,losspager,moment-tensor,nearby-cities,origin,phase-data,scitech-link,shake-alert,shakemap,",30.0,0.08067,0.14,61.0,mw,earthquake,"M 4.7 - 15 km NNW of Susanville, CA",-120.700833333333,40.547,6.78,nc75287861,2025-12-29 00:41:14.360000+00:00,2025,12,29,0,Faible,5.8805329864007,6.4,5.8805329864007
4.2,"107 km N of Yakutat, Alaska",1766947849639,1775083710040,,https://earthquake.usgs.gov/earthquakes/eventpage/us7000rl85,https://earthquake.usgs.gov/fdsnws/event/1/query?eventid=us7000rl85&format=geojson,,,4.567,green,reviewed,1,271,us,7000rl85,",at00t7ztop,us7000rl85,ak2025zocqdp,",",at,us,ak,",",impact-link,losspager,moment-tensor,origin,phase-data,shakemap,",69.0,0.454,0.96,47.0,mwr,earthquake,"M 4.2 - 107 km N of Yakutat, Alaska",-139.8644,60.505,8.585,us7000rl85,2025-12-28 18:50:49.639000+00:00,2025,12,28,18,Faible,,4.1,2.5649493574615367
4.2,"124 km N of Yakutat, Alaska",1766894092366,1775083705040,,https://earthquake.usgs.gov/earthquakes/eventpage/us7000rl5h,https://earthquake.usgs.gov/fdsnws/event/1/query?eventid=us7000rl5h&format=geojson,,,4.683,green,reviewed,0,271,us,7000rl5h,",us7000rl5h,ak2025zmyyda,",",us,ak,",",losspager,origin,phase-data,shakemap,",47.0,0.536,1.22,48.0,mb,earthquake,"M 4.2 - 124 km N of Yakutat, Alaska",-139.9672,60.6578,5.0,us7000rl5h,2025-12-28 03:54:52.366000+00:00,2025,12,28,3,Faible,,4.1,2.5649493574615367
6.2,"43 km W of Puerto Santa, Peru",1766890309922,1786993464241,,https://earthquake.usgs.gov/earthquakes/eventpage/us7000rl57,https://earthquake.usgs.gov/fdsnws/event/1/query?eventid=us7000rl57&format=geojson,76.0,5.7,5.844,yellow,reviewed,0,693,us,7000rl57,",us7000rl57,usauto7000rl57,pt25362000,",",us,usauto,pt,",",dyfi,ground-failure,impact-text,internal-moment-tensor,internal-origin,losspager,moment-tensor,origin,phase-data,shakemap,",112.0,3.685,0.97,40.0,mww,earthquake,"M 6.2 - 43 km W of Puerto Santa, Peru",-79.039,-8.9834,58.0,us7000rl57,2025-12-28 02:51:49.922000+00:00,2025,12,28,2,Modéré,4.343805421853684,5.7,4.343805421853684
6.6,"29 km ESE of Yilan, Taiwan",1766847955388,1776386830433,,https://earthquake.usgs.gov/earthquakes/eventpage/us7000rl2n,https://earthquake.usgs.gov/fdsnws/event/1/query?eventid=us7000rl2n&format=geojson,439.0,5.6,6.114,green,reviewed,1,916,us,7000rl2n,",pt25361000,at00t7xolw,us7000rl2n,usauto7000rl2n,",",pt,at,us,usauto,",",dyfi,ground-failure,impact-link,impact-text,internal-moment-tensor,internal-origin,losspager,moment-tensor,origin,phase-data,shakemap,",298.0,0.568,0.76,9.0,mww,earthquake,"M 6.6 - 29 km ESE of Yilan, Taiwan",122.0354,24.6841,63.0,us7000rl2n,2025-12-27 15:05:55.388000+00:00,2025,12,27,15,Faible,6.0867747269123065,5.6,6.0867747269123065
5.6,"37 km NW of Añatuya, Argentina",1766832049838,1775083700040,,https://earthquake.usgs.gov/earthquakes/eventpage/us7000rl1p,https://earthquake.usgs.gov/fdsnws/event/1/query?eventid=us7000rl1p&format=geojson,,,1.718,green,reviewed,0,482,us,7000rl1p,",us7000rl1p,usauto7000rl1p,",",us,usauto,",",internal-moment-tensor,losspager,moment-tensor,origin,phase-data,shakemap,",100.0,4.268,0.79,33.0,mww,earthquake,"M 5.6 - 37 km NW of Añatuya, Argentina",-63.1342,-28.2562,593.431,us7000rl1p,2025-12-27 10:40:49.838000+00:00,2025,12,27,10,Faible,,4.1,2.5649493574615367
5.4,"193 km S of Bengkulu, Indonesia",1766794954022,1775083698040,,https://earthquake.usgs.gov/earthquakes/eventpage/us7000rkyz,https://earthquake.usgs.gov/fdsnws/event/1/query?eventid=us7000rkyz&format=geojson,,,5.318,green,reviewed,0,449,us,7000rkyz,",us7000rkyz,usauto7000rkyz,",",us,usauto,",",ground-failure,internal-moment-tensor,losspager,moment-tensor,origin,phase-data,shakemap,",93.0,1.314,0.96,44.0,mww,earthquake,"M 5.4 - 193 km S of Bengkulu, Indonesia",102.3691,-5.5456,25.0,us7000rkyz,2025-12-27 00:22:34.022000+00:00,2025,12,27,0,Faible,,4.1,2.5649493574615367
4.1,"115 km N of Yakutat, Alaska",1766783228694,1778612910611,,https://earthquake.usgs.gov/earthquakes/eventpage/us7000rkxv,https://earthquake.usgs.gov/fdsnws/event/1/query?eventid=us7000rkxv&format=geojson,,,4.365,green,reviewed,0,259,us,7000rkxv,",us7000rkxv,ak2025zkprwj,",",us,ak,",",losspager,moment-tensor,origin,phase-data,shakemap,",32.0,0.573,1.22,66.0,mwr,earthquake,"M 4.1 - 115 km N of Yakutat, Alaska",-139.6369,60.5788,5.0,us7000rkxv,2025-12-26 21:07:08.694000+00:00,2025,12,26,21,Faible,,4.1,2.5649493574615367
4.7,"Izu Islands, Japan region",1766745893791,1775083695040,,https://earthquake.usgs.gov/earthquakes/eventpage/us7000rkvl,https://earthquake.usgs.gov/fdsnws/event/1/query?eventid=us7000rkvl&format=geojson,,,1.0,green,reviewed,0,340,us,7000rkvl,",us7000rkvl,",",us,",",losspager,origin,phase-data,shakemap,",213.0,3.635,0.6,47.0,mb,earthquake,"M 4.7 - Izu Islands, Japan region",138.6988,29.0344,492.848,us7000rkvl,2025-12-26 10:44:53.791000+00:00,2025,12,26,10,Faible,,4.1,2.5649493574615367
5.6,"129 km ESE of Alo, Wallis and Futuna",1766738167520,1775083694040,,https://earthquake.usgs.gov/earthquakes/eventpage/us7000rkvc,https://earthquake.usgs.gov/fdsnws/event/1/query?eventid=us7000rkvc&format=geojson,,,3.861,green,reviewed,0,482,us,7000rkvc,",usauto7000rkvc,us7000rkvc,",",usauto,us,",",internal-moment-tensor,losspager,moment-tensor,origin,phase-data,shakemap,",66.0,4.039,0.85,60.0,mww,earthquake,"M 5.6 - 129 km ESE of Alo, Wallis and Futuna",-176.9372,-14.5577,10.0,us7000rkvc,2025-12-26 08:36:07.520000+00:00,2025,12,26,8,Faible,,4.1,2.5649493574615367
5.6,"103 km E of Yokohama, Japan",1766679461763,1775083688040,,https://earthquake.usgs.gov/earthquakes/eventpage/us7000rkqm,https://earthquake.usgs.gov/fdsnws/event/1/query?eventid=us7000rkqm&format=geojson,,,3.661,green,reviewed,0,482,us,7000rkqm,",usauto7000rkqm,us7000rkqm,",",usauto,us,",",internal-moment-tensor,losspager,moment-tensor,origin,phase-data,shakemap,",113.0,0.955,0.72,58.0,mww,earthquake,"M 5.6 - 103 km E of Yokohama, Japan",142.4687,41.2106,54.143,us7000rkqm,2025-12-25 16:17:41.763000+00:00,2025,12,25,16,Faible,,4.1,2.5649493574615367
5.7,"216 km SW of Merizo Village, Guam",1766588435494,1787757046733,,https://earthquake.usgs.gov/earthquakes/eventpage/us7000rkkk,https://earthquake.usgs.gov/fdsnws/event/1/query?eventid=us7000rkkk&format=geojson,1.0,2.0,3.012,green,reviewed,0,500,us,7000rkkk,",us7000rkkk,usauto7000rkkk,pt25358002,",",us,usauto,pt,",",dyfi,event-sequence,internal-moment-tensor,internal-origin,losspager,moment-tensor,oaf,origin,phase-data,shakemap,",186.0,2.318,0.63,62.0,mww,earthquake,"M 5.7 - 216 km SW of Merizo Village, Guam",143.3634,11.7846,12.0,us7000rkkk,2025-12-24 15:00:35.494000+00:00,2025,12,24,15,Faible,0.6931471805599453,2.0,0.6931471805599453
6.0,"2025 Taitung, Taiwan Earthquake",1766569626669,1775083681040,,https://earthquake.usgs.gov/earthquakes/eventpage/us7000rkjm,https://earthquake.usgs.gov/fdsnws/event/1/query?eventid=us7000rkjm&format=geojson,61.0,6.0,6.707,green,reviewed,0,600,us,7000rkjm,",us7000rkjm,usauto7000rkjm,pt25358000,at00t7rpuh,",",us,usauto,pt,at,",",dyfi,earthquake-name,ground-failure,impact-text,internal-moment-tensor,internal-origin,losspager,moment-tensor,origin,phase-data,shakemap,significance,",212.0,0.176,0.62,47.0,mww,earthquake,"M 6.0 - 2025 Taitung, Taiwan Earthquake",121.2494,22.8982,8.0,us7000rkjm,2025-12-24 09:47:06.669000+00:00,2025,12,24,9,Faible,4.127134385045092,6.0,4.127134385045092
3.97,"61 km NE of Valmy, Nevada",1766548209547,1775083679040,,https://earthquake.usgs.gov/earthquakes/eventpage/nn00908879,https://earthquake.usgs.gov/fdsnws/event/1/query?eventid=nn00908879&format=geojson,2.0,3.1,4.038,green,reviewed,0,243,nn,00908879,",us7000rkis,nn00908879,",",us,nn,",",dyfi,losspager,moment-tensor,origin,phase-data,shakemap,",19.0,0.367,0.1188,208.0,mw,earthquake,"M 4.0 - 61 km NE of Valmy, Nevada",-116.7046,41.2502,6.0,nn00908879,2025-12-24 03:50:09.547000+00:00,2025,12,24,3,Faible,1.0986122886681098,3.1,1.0986122886681098
5.6,"54 km N of Port-Olry, Vanuatu",1766522517853,1773928574040,,https://earthquake.usgs.gov/earthquakes/eventpage/us7000rkfp,https://earthquake.usgs.gov/fdsnws/event/1/query?eventid=us7000rkfp&format=geojson,2.0,3.6,3.518,green,reviewed,0,483,us,7000rkfp,",us7000rkfp,usauto7000rkfp,",",us,usauto,",",dyfi,internal-moment-tensor,losspager,moment-tensor,origin,phase-data,shakemap,",73.0,0.888,0.92,51.0,mww,earthquake,"M 5.6 - 54 km N of Port-Olry, Vanuatu",167.1377,-14.5564,157.0,us7000rkfp,2025-12-23 20:41:57.853000+00:00,2025,12,23,20,Faible,1.0986122886681098,3.6,1.0986122886681098
4.5,"108 km N of Yakutat, Alaska",1766415587560,1773928571040,,https://earthquake.usgs.gov/earthquakes/eventpage/us6000rwht,https://earthquake.usgs.gov/fdsnws/event/1/query?eventid=us6000rwht&format=geojson,,,5.139,green,reviewed,1,312,us,6000rwht,",at00t7oezm,us6000rwht,ak2025zcuptx,",",at,us,ak,",",impact-link,losspager,moment-tensor,origin,phase-data,shakemap,",98.0,0.472,0.85,42.0,mwr,earthquake,"M 4.5 - 108 km N of Yakutat, Alaska",-139.8536,60.5229,5.0,us6000rwht,2025-12-22 14:59:47.560000+00:00,2025,12,22,14,Faible,,4.1,2.5649493574615367
6.5,"45 km NNE of Goroka, Papua New Guinea",1766399487918,1773928571040,,https://earthquake.usgs.gov/earthquakes/eventpage/us6000rwgh,https://earthquake.usgs.gov/fdsnws/event/1/query?eventid=us6000rwgh&format=geojson,12.0,5.7,6.039,green,reviewed,0,657,us,6000rwgh,",us6000rwgh,usauto6000rwgh,at00t7o2kg,",",us,usauto,at,",",dyfi,ground-failure,internal-moment-tensor,internal-origin,losspager,moment-tensor,origin,phase-data,shakemap,",129.0,4.013,1.01,14.0,mww,earthquake,"M 6.5 - 45 km NNE of Goroka, Papua New Guinea",145.5368,-5.7036,107.0,us6000rwgh,2025-12-22 10:31:27.918000+00:00,2025,12,22,10,Faible,2.5649493574615367,5.7,2.5649493574615367
4.1,"111 km N of Yakutat, Alaska",1766352373381,1773928570040,,https://earthquake.usgs.gov/earthquakes/eventpage/us6000rwdr,https://earthquake.usgs.gov/fdsnws/event/1/query?eventid=us6000rwdr&format=geojson,,,4.516,green,reviewed,0,259,us,6000rwdr,",us6000rwdr,ak2025zblrxh,",",us,ak,",",losspager,origin,phase-data,shakemap,",47.0,0.536,1.17,53.0,mb,earthquake,"M 4.1 - 111 km N of Yakutat, Alaska",-139.6848,60.5498,5.0,us6000rwdr,2025-12-21 21:26:13.381000+00:00,2025,12,21,21,Faible,,4.1,2.5649493574615367
5.6,"139 km E of Barcelona, Philippines",1766339636743,1773928570040,,https://earthquake.usgs.gov/earthquakes/eventpage/us6000rwcs,https://earthquake.usgs.gov/fdsnws/event/1/query?eventid=us6000rwcs&format=geojson,,,3.511,green,reviewed,0,482,us,6000rwcs,",usauto6000rwcs,pt25355002,us6000rwcs,",",usauto,pt,us,",",internal-moment-tensor,internal-origin,losspager,moment-tensor,origin,phase-data,shakemap,",126.0,2.455,0.82,36.0,mww,earthquake,"M 5.6 - 139 km E of Barcelona, Philippines",127.6817,8.3759,9.0,us6000rwcs,2025-12-21 17:53:56.743000+00:00,2025,12,21,17,Faible,,4.1,2.5649493574615367
5.5,"132 km WNW of Ternate, Indonesia",1766319705837,1773928569040,,https://earthquake.usgs.gov/earthquakes/eventpage/us6000rwbl,https://earthquake.usgs.gov/fdsnws/event/1/query?eventid=us6000rwbl&format=geojson,1.0,2.2,4.4,green,reviewed,0,466,us,6000rwbl,",us6000rwbl,usauto6000rwbl,pt25355001,",",us,usauto,pt,",",dyfi,internal-moment-tensor,internal-origin,losspager,moment-tensor,origin,phase-data,shakemap,",115.0,3.39,0.79,18.0,mww,earthquake,"M 5.5 - 132 km WNW of Ternate, Indonesia",126.392,1.4457,44.0,us6000rwbl,2025-12-21 12:21:45.837000+00:00,2025,12,21,12,Faible,0.6931471805599453,2.2,0.6931471805599453
4.1,"114 km N of Yakutat, Alaska",1766289753036,1773928569040,,https://earthquake.usgs.gov/earthquakes/eventpage/us6000rwa2,https://earthquake.usgs.gov/fdsnws/event/1/query?eventid=us6000rwa2&format=geojson,,,4.555,green,reviewed,1,259,us,6000rwa2,",at00t7lpwa,us6000rwa2,ak2025zadcog,",",at,us,ak,",",impact-link,losspager,moment-tensor,origin,phase-data,shakemap,",47.0,0.486,1.25,54.0,mwr,earthquake,"M 4.1 - 114 km N of Yakutat, Alaska",-140.0227,60.567,5.0,us6000rwa2,2025-12-21 04:02:33.036000+00:00,2025,12,21,4,Faible,,4.1,2.5649493574615367
3.9,"5 km SE of San Ramon, CA",1766284314870,1773928568040,,https://earthquake.usgs.gov/earthquakes/eventpage/nc75283691,https://earthquake.usgs.gov/fdsnws/event/1/query?eventid=nc75283691&format=geojson,2028.0,3.8,3.932,green,reviewed,0,614,nc,75283691,",nc75283691,us6000rw9p,",",nc,us,",",dyfi,focal-mechanism,losspager,moment-tensor,nearby-cities,origin,phase-data,shakemap,",198.0,0.03936,0.2,14.0,mw,earthquake,"M 3.9 - 5 km SE of San Ramon, CA",-121.9455,37.7471666666667,10.03,nc75283691,2025-12-21 02:31:54.870000+00:00,2025,12,21,2,Faible,7.615298339825815,3.8,7.615298339825815
5.4,"57 km ENE of Misawa, Japan",1766280543535,1773928568040,,https://earthquake.usgs.gov/earthquakes/eventpage/us6000rw94,https://earthquake.usgs.gov/fdsnws/event/1/query?eventid=us6000rw94&format=geojson,4.0,3.4,4.073,green,reviewed,0,450,us,6000rw94,",us6000rw94,usauto6000rw94,pt25355000,",",us,usauto,pt,",",dyfi,internal-moment-tensor,internal-origin,losspager,moment-tensor,origin,phase-data,shakemap,",116.0,0.749,0.89,63.0,mww,earthquake,"M 5.4 - 57 km ENE of Misawa, Japan",142.0514,40.8014,57.224,us6000rw94,2025-12-21 01:29:03.535000+00:00,2025,12,21,1,Faible,1.6094379124341003,3.4,1.6094379124341003
5.6,Balleny Islands region,1766213829754,1773928566040,,https://earthquake.usgs.gov/earthquakes/eventpage/us6000rw5u,https://earthquake.usgs.gov/fdsnws/event/1/query?eventid=us6000rw5u&format=geojson,,,0.0,green,reviewed,0,482,us,6000rw5u,",usauto6000rw5u,us6000rw5u,",",usauto,us,",",internal-moment-tensor,losspager,moment-tensor,origin,phase-data,shakemap,",46.0,11.695,0.65,114.0,mww,earthquake,M 5.6 - Balleny Islands region,172.771,-63.8087,10.0,us6000rw5u,2025-12-20 06:57:09.754000+00:00,2025,12,20,6,Faible,,4.1,2.5649493574615367
5.7,"138 km NE of Labasa, Fiji",1766120418291,1773928564040,,https://earthquake.usgs.gov/earthquakes/eventpage/us6000rvx4,https://earthquake.usgs.gov/fdsnws/event/1/query?eventid=us6000rvx4&format=geojson,,,6.668,green,reviewed,0,500,us,6000rvx4,",us6000rvx4,usauto6000rvx4,",",us,usauto,",",ground-failure,internal-moment-tensor,losspager,moment-tensor,origin,phase-data,shakemap,",101.0,1.262,0.52,120.0,mww,earthquake,"M 5.7 - 138 km NE of Labasa, Fiji",-179.5763,-15.7203,10.0,us6000rvx4,2025-12-19 05:00:18.291000+00:00,2025,12,19,5,Faible,,4.1,2.5649493574615367
4.0,"28 km WNW of Elfin Cove, Alaska",1766105634883,1773928563040,,https://earthquake.usgs.gov/earthquakes/eventpage/ak2025ywfjok,https://earthquake.usgs.gov/fdsnws/event/1/query?eventid=ak2025ywfjok&format=geojson,,,3.664,green,reviewed,1,246,ak,2025ywfjok,",at00t7hrtv,us6000rvw1,ak2025ywfjok,",",at,us,ak,",",impact-link,losspager,moment-tensor,origin,phase-data,shakemap,",105.0,0.4,1.2,118.0,ml,earthquake,"M 4.0 - 28 km WNW of Elfin Cove, Alaska",-136.821,58.252,4.6,ak2025ywfjok,2025-12-19 00:53:54.883000+00:00,2025,12,19,0,Faible,,4.1,2.5649493574615367
5.9,"93 km ESE of Petropavlovsk-Kamchatsky, Russia",1766061439411,1773928562040,,https://earthquake.usgs.gov/earthquakes/eventpage/us6000rvnm,https://earthquake.usgs.gov/fdsnws/event/1/query?eventid=us6000rvnm&format=geojson,,,4.378,green,reviewed,0,536,us,6000rvnm,",usauto6000rvnm,pt25352000,us6000rvnm,",",usauto,pt,us,",",internal-moment-tensor,internal-origin,losspager,moment-tensor,origin,phase-data,shakemap,",134.0,0.817,1.09,25.0,mww,earthquake,"M 5.9 - 93 km ESE of Petropavlovsk-Kamchatsky, Russia",159.953,52.8123,38.0,us6000rvnm,2025-12-18 12:37:19.411000+00:00,2025,12,18,12,Faible,,4.1,2.5649493574615367
5.5,"92 km SW of Basco, Philippines",1766042864896,1773928562040,,https://earthquake.usgs.gov/earthquakes/eventpage/us6000rvmn,https://earthquake.usgs.gov/fdsnws/event/1/query?eventid=us6000rvmn&format=geojson,1.0,2.7,4.087,green,reviewed,0,466,us,6000rvmn,",us6000rvmn,usauto6000rvmn,",",us,usauto,",",dyfi,internal-moment-tensor,losspager,moment-tensor,origin,phase-data,shakemap,",150.0,2.873,0.7,75.0,mww,earthquake,"M 5.5 - 92 km SW of Basco, Philippines",121.2672,19.9353,18.0,us6000rvmn,2025-12-18 07:27:44.896000+00:00,2025,12,18,7,Faible,0.6931471805599453,2.7,0.6931471805599453
5.6,"148 km SSE of Burica, Panama",1766012866062,1773928561040,,https://earthquake.usgs.gov/earthquakes/eventpage/us6000rvkl,https://earthquake.usgs.gov/fdsnws/event/1/query?eventid=us6000rvkl&format=geojson,2.0,3.4,3.769,green,reviewed,0,483,us,6000rvkl,",us6000rvkl,usauto6000rvkl,pt25351000,",",us,usauto,pt,",",dyfi,internal-moment-tensor,internal-origin,losspager,moment-tensor,origin,phase-data,shakemap,",141.0,3.312,0.69,32.0,mww,earthquake,"M 5.6 - 148 km SSE of Burica, Panama",-82.5956,6.7182,10.0,us6000rvkl,2025-12-17 23:07:46.062000+00:00,2025,12,17,23,Faible,1.0986122886681098,3.4,1.0986122886681098
5.4,"278 km SSE of Alo, Wallis and Futuna",1765992208291,1773928561040,,https://earthquake.usgs.gov/earthquakes/eventpage/us6000rvhm,https://earthquake.usgs.gov/fdsnws/event/1/query?eventid=us6000rvhm&format=geojson,,,2.164,green,reviewed,0,449,us,6000rvhm,",usauto6000rvhm,us6000rvhm,",",usauto,us,",",internal-moment-tensor,losspager,origin,phase-data,shakemap,",124.0,3.096,0.76,18.0,mww,earthquake,"M 5.4 - 278 km SSE of Alo, Wallis and Futuna",-177.4109,-16.7324,400.264,us6000rvhm,2025-12-17 17:23:28.291000+00:00,2025,12,17,17,Faible,,4.1,2.5649493574615367
5.6,South Sandwich Islands region,1765991157315,1773928561040,,https://earthquake.usgs.gov/earthquakes/eventpage/us6000rvhe,https://earthquake.usgs.gov/fdsnws/event/1/query?eventid=us6000rvhe&format=geojson,,,3.388,green,reviewed,0,482,us,6000rvhe,",usauto6000rvhe,us6000rvhe,",",usauto,us,",",internal-moment-tensor,losspager,moment-tensor,origin,phase-data,shakemap,",96.0,7.624,0.52,38.0,mww,earthquake,M 5.6 - South Sandwich Islands region,-25.2234,-58.6643,35.0,us6000rvhe,2025-12-17 17:05:57.315000+00:00,2025,12,17,17,Faible,,4.1,2.5649493574615367
5.4,"70 km WSW of Lithakiá, Greece",1765842107437,1773181123040,,https://earthquake.usgs.gov/earthquakes/eventpage/us6000rv5e,https://earthquake.usgs.gov/fdsnws/event/1/query?eventid=us6000rv5e&format=geojson,1.0,2.0,3.562,green,reviewed,0,449,us,6000rv5e,",us6000rv5e,usauto6000rv5e,",",us,usauto,",",dyfi,internal-moment-tensor,losspager,moment-tensor,origin,phase-data,shakemap,",81.0,1.449,0.98,47.0,mww,earthquake,"M 5.4 - 70 km WSW of Lithakiá, Greece",20.1314,37.4097,16.436,us6000rv5e,2025-12-15 23:41:47.437000+00:00,2025,12,15,23,Faible,0.6931471805599453,2.0,0.6931471805599453
5.6,"90 km SSE of San Jose Village, Northern Mariana Islands",1765839972207,1787613378312,,https://earthquake.usgs.gov/earthquakes/eventpage/us6000rv4q,https://earthquake.usgs.gov/fdsnws/event/1/query?eventid=us6000rv4q&format=geojson,32.0,4.3,3.865,green,reviewed,0,496,us,6000rv4q,",pt25349001,us6000rv4q,usauto6000rv4q,",",pt,us,usauto,",",dyfi,event-sequence,internal-moment-tensor,losspager,moment-tensor,oaf,origin,phase-data,shakemap,",91.0,1.058,0.7,24.0,mww,earthquake,"M 5.6 - 90 km SSE of San Jose Village, Northern Mariana Islands",145.8188,14.17,80.0,us6000rv4q,2025-12-15 23:06:12.207000+00:00,2025,12,15,23,Faible,3.4965075614664802,4.3,3.4965075614664802
5.7,"229 km SE of Petropavlovsk-Kamchatsky, Russia",1765827187552,1773181123040,,https://earthquake.usgs.gov/earthquakes/eventpage/us6000rv1u,https://earthquake.usgs.gov/fdsnws/event/1/query?eventid=us6000rv1u&format=geojson,,,3.488,green,reviewed,0,500,us,6000rv1u,",usauto6000rv1u,pt25349000,us6000rv1u,",",usauto,pt,us,",",internal-moment-tensor,internal-origin,losspager,moment-tensor,origin,phase-data,shakemap,",120.0,2.03,0.96,42.0,mww,earthquake,"M 5.7 - 229 km SE of Petropavlovsk-Kamchatsky, Russia",161.2012,51.7312,34.0,us6000rv1u,2025-12-15 19:33:07.552000+00:00,2025,12,15,19,Faible,,4.1,2.5649493574615367
5.3,"184 km SE of Petropavlovsk-Kamchatsky, Russia",1765786276123,1773181122040,,https://earthquake.usgs.gov/earthquakes/eventpage/us6000ruxv,https://earthquake.usgs.gov/fdsnws/event/1/query?eventid=us6000ruxv&format=geojson,,,3.261,green,reviewed,0,432,us,6000ruxv,",usauto6000ruxv,us6000ruxv,",",usauto,us,",",internal-moment-tensor,losspager,moment-tensor,origin,phase-data,shakemap,",176.0,1.622,0.5,116.0,mww,earthquake,"M 5.3 - 184 km SE of Petropavlovsk-Kamchatsky, Russia",160.4527,51.8362,10.0,us6000ruxv,2025-12-15 08:11:16.123000+00:00,2025,12,15,8,Faible,,4.1,2.5649493574615367
4.03,"6 km W of Glen Ellen, CA",1765755043210,1787528445249,,https://earthquake.usgs.gov/earthquakes/eventpage/nc75279971,https://earthquake.usgs.gov/fdsnws/event/1/query?eventid=nc75279971&format=geojson,1174.0,4.9,5.238,green,reviewed,1,740,nc,75279971,",ew1765755040,at00t7a9b8,us6000ruvf,nc75279971,",",ew,at,us,nc,",",dyfi,event-sequence,focal-mechanism,impact-link,losspager,moment-tensor,nearby-cities,oaf,origin,phase-data,scitech-link,shake-alert,shakemap,",181.0,,0.16,16.0,mw,earthquake,"M 4.0 - 6 km W of Glen Ellen, CA",-122.604,38.373,3.13,nc75279971,2025-12-14 23:30:43.210000+00:00,2025,12,14,23,Faible,7.069023426578259,4.9,7.069023426578259
4.2,"111 km N of Yakutat, Alaska",1765676185451,1773181120040,,https://earthquake.usgs.gov/earthquakes/eventpage/us6000rure,https://earthquake.usgs.gov/fdsnws/event/1/query?eventid=us6000rure&format=geojson,,,4.64,green,reviewed,0,271,us,6000rure,",us6000rure,ak2025yncelz,",",us,ak,",",losspager,origin,phase-data,shakemap,",39.0,0.461,1.11,54.0,mb,earthquake,"M 4.2 - 111 km N of Yakutat, Alaska",-139.9898,60.5366,5.0,us6000rure,2025-12-14 01:36:25.451000+00:00,2025,12,14,1,Faible,,4.1,2.5649493574615367
5.4,"75 km W of Ollagüe, Chile",1765628325823,1773181119040,,https://earthquake.usgs.gov/earthquakes/eventpage/us6000run8,https://earthquake.usgs.gov/fdsnws/event/1/query?eventid=us6000run8&format=geojson,15.0,4.3,4.207,green,reviewed,0,455,us,6000run8,",us6000run8,usauto6000run8,",",us,usauto,",",dyfi,internal-moment-tensor,losspager,moment-tensor,origin,phase-data,shakemap,",72.0,0.505,1.09,39.0,mww,earthquake,"M 5.4 - 75 km W of Ollagüe, Chile",-68.984,-21.2293,90.292,us6000run8,2025-12-13 12:18:45.823000+00:00,2025,12,13,12,Faible,2.772588722239781,4.3,2.772588722239781
5.5,"Rat Islands, Aleutian Islands, Alaska",1765623060036,1787396465720,,https://earthquake.usgs.gov/earthquakes/eventpage/us6000rumi,https://earthquake.usgs.gov/fdsnws/event/1/query?eventid=us6000rumi&format=geojson,,,3.492,green,reviewed,0,465,us,6000rumi,",us6000rumi,usauto6000rumi,ak2025ylyvgt,",",us,usauto,ak,",",event-sequence,internal-moment-tensor,losspager,moment-tensor,oaf,origin,phase-data,shakemap,",106.0,0.208,0.76,32.0,mww,earthquake,"M 5.5 - Rat Islands, Aleutian Islands, Alaska",178.3529,52.1512,108.0,us6000rumi,2025-12-13 10:51:00.036000+00:00,2025,12,13,10,Faible,,4.1,2.5649493574615367
5.3,"125 km S of Honchō, Japan",1765509699359,1773181117040,,https://earthquake.usgs.gov/earthquakes/eventpage/us6000rucc,https://earthquake.usgs.gov/fdsnws/event/1/query?eventid=us6000rucc&format=geojson,,,3.482,green,reviewed,0,432,us,6000rucc,",us6000rucc,",",us,",",losspager,origin,phase-data,shakemap,",92.0,1.03,0.92,110.0,mww,earthquake,"M 5.3 - 125 km S of Honchō, Japan",142.937,40.997,32.637,us6000rucc,2025-12-12 03:21:39.359000+00:00,2025,12,12,3,Faible,,4.1,2.5649493574615367
6.7,"117 km NE of Kuji, Japan",1765507452841,1773181117040,,https://earthquake.usgs.gov/earthquakes/eventpage/us6000ruc4,https://earthquake.usgs.gov/fdsnws/event/1/query?eventid=us6000ruc4&format=geojson,21.0,5.0,4.761,green,reviewed,1,701,us,6000ruc4,",at00t74y9q,pt25346000,us6000ruc4,usauto6000ruc4,",",at,pt,us,usauto,",",dyfi,ground-failure,impact-link,impact-text,internal-moment-tensor,internal-origin,losspager,moment-tensor,origin,phase-data,shakemap,",119.0,1.153,0.8,39.0,mww,earthquake,"M 6.7 - 117 km NE of Kuji, Japan",142.8131,40.8899,19.0,us6000ruc4,2025-12-12 02:44:12.841000+00:00,2025,12,12,2,Faible,3.091042453358316,5.0,3.091042453358316
4.3,"110 km N of Yakutat, Alaska",1765480844145,1773181117040,,https://earthquake.usgs.gov/earthquakes/eventpage/us6000ru8c,https://earthquake.usgs.gov/fdsnws/event/1/query?eventid=us6000ru8c&format=geojson,,,4.578,green,reviewed,0,284,us,6000ru8c,",us6000ru8c,ak2025yiyhab,",",us,ak,",",losspager,origin,phase-data,shakemap,",48.0,0.475,0.93,50.0,mb,earthquake,"M 4.3 - 110 km N of Yakutat, Alaska",-139.9131,60.5383,5.867,us6000ru8c,2025-12-11 19:20:44.145000+00:00,2025,12,11,19,Faible,,4.1,2.5649493574615367
5.7,"108 km ENE of Hachinohe, Japan",1765378344118,1773181115040,,https://earthquake.usgs.gov/earthquakes/eventpage/us6000rtw5,https://earthquake.usgs.gov/fdsnws/event/1/query?eventid=us6000rtw5&format=geojson,,,3.705,green,reviewed,0,500,us,6000rtw5,",usauto6000rtw5,pt25344000,us6000rtw5,",",usauto,pt,us,",",internal-moment-tensor,internal-origin,losspager,moment-tensor,origin,phase-data,shakemap,",314.0,1.17,0.54,44.0,mww,earthquake,"M 5.7 - 108 km ENE of Hachinohe, Japan",142.6725,40.9018,33.0,us6000rtw5,2025-12-10 14:52:24.118000+00:00,2025,12,10,14,Faible,,4.1,2.5649493574615367
4.7,"121 km N of Yakutat, Alaska",1765366112988,1773181114040,,https://earthquake.usgs.gov/earthquakes/eventpage/us6000rtve,https://earthquake.usgs.gov/fdsnws/event/1/query?eventid=us6000rtve&format=geojson,2.0,2.2,5.465,green,reviewed,0,340,us,6000rtve,",us6000rtve,ak2025ygmxev,",",us,ak,",",dyfi,ground-failure,losspager,moment-tensor,origin,phase-data,shakemap,",214.0,0.534,0.57,52.0,mwr,earthquake,"M 4.7 - 121 km N of Yakutat, Alaska",-139.9973,60.6249,5.942,us6000rtve,2025-12-10 11:28:32.988000+00:00,2025,12,10,11,Faible,1.0986122886681098,2.2,1.0986122886681098
4.0,"120 km N of Yakutat, Alaska",1765364321577,1773181114040,,https://earthquake.usgs.gov/earthquakes/eventpage/us6000rtva,https://earthquake.usgs.gov/fdsnws/event/1/query?eventid=us6000rtva&format=geojson,,,4.679,green,reviewed,0,246,us,6000rtva,",us6000rtva,ak2025yglxnt,",",us,ak,",",losspager,moment-tensor,origin,phase-data,shakemap,",38.0,0.557,0.79,48.0,mwr,earthquake,"M 4.0 - 120 km N of Yakutat, Alaska",-139.9301,60.6272,1.416,us6000rtva,2025-12-10 10:58:41.577000+00:00,2025,12,10,10,Faible,,4.1,2.5649493574615367
4.3,"117 km N of Yakutat, Alaska",1765360217020,1773181114040,,https://earthquake.usgs.gov/earthquakes/eventpage/us6000rtv5,https://earthquake.usgs.gov/fdsnws/event/1/query?eventid=us6000rtv5&format=geojson,1.0,2.0,4.628,green,reviewed,0,285,us,6000rtv5,",us6000rtv5,ak2025ygjqni,",",us,ak,",",dyfi,losspager,moment-tensor,origin,phase-data,shakemap,",77.0,0.516,1.0,52.0,mwr,earthquake,"M 4.3 - 117 km N of Yakutat, Alaska",-139.9977,60.5945,5.0,us6000rtv5,2025-12-10 09:50:17.020000+00:00,2025,12,10,9,Faible,0.6931471805599453,2.0,0.6931471805599453
5.5,"5 km WNW of Cepitá, Colombia",1765355228561,1773181114040,,https://earthquake.usgs.gov/earthquakes/eventpage/us6000rtuk,https://earthquake.usgs.gov/fdsnws/event/1/query?eventid=us6000rtuk&format=geojson,110.0,4.1,3.849,green,reviewed,0,510,us,6000rtuk,",us6000rtuk,usauto6000rtuk,",",us,usauto,",",dyfi,internal-moment-tensor,losspager,moment-tensor,origin,phase-data,shakemap,",107.0,2.315,0.78,32.0,mww,earthquake,"M 5.5 - 5 km WNW of Cepitá, Colombia",-73.0156,6.7742,164.124,us6000rtuk,2025-12-10 08:27:08.561000+00:00,2025,12,10,8,Faible,4.709530201312334,4.1,4.709530201312334
4.0,"93 km N of Yakutat, Alaska",1765267882548,1772649831040,,https://earthquake.usgs.gov/earthquakes/eventpage/us6000rtl6,https://earthquake.usgs.gov/fdsnws/event/1/query?eventid=us6000rtl6&format=geojson,,,4.475,green,reviewed,0,246,us,6000rtl6,",us6000rtl6,ak2025yekqqy,",",us,ak,",",losspager,moment-tensor,origin,phase-data,shakemap,",37.0,0.485,0.81,57.0,mwr,earthquake,"M 4.0 - 93 km N of Yakutat, Alaska",-139.464,60.3794,5.0,us6000rtl6,2025-12-09 08:11:22.548000+00:00,2025,12,9,8,Faible,,4.1,2.5649493574615367
4.1,"100 km N of Yakutat, Alaska",1765239279309,1772649825040,,https://earthquake.usgs.gov/earthquakes/eventpage/us6000rtja,https://earthquake.usgs.gov/fdsnws/event/1/query?eventid=us6000rtja&format=geojson,,,4.488,green,reviewed,0,259,us,6000rtja,",us6000rtja,ak2025yduvpw,",",us,ak,",",losspager,origin,phase-data,shakemap,",73.0,0.491,0.63,50.0,mb,earthquake,"M 4.1 - 100 km N of Yakutat, Alaska",-139.5603,60.4446,5.0,us6000rtja,2025-12-09 00:14:39.309000+00:00,2025,12,9,0,Faible,,4.1,2.5649493574615367
5.6,"109 km NE of Kuji, Japan",1765238346545,1772649824040,,https://earthquake.usgs.gov/earthquakes/eventpage/us6000rtj4,https://earthquake.usgs.gov/fdsnws/event/1/query?eventid=us6000rtj4&format=geojson,,,3.517,green,reviewed,0,482,us,6000rtj4,",us6000rtj4,",",us,",",losspager,origin,phase-data,shakemap,",108.0,1.225,0.47,67.0,mb,earthquake,"M 5.6 - 109 km NE of Kuji, Japan",142.7591,40.8255,47.786,us6000rtj4,2025-12-08 23:59:06.545000+00:00,2025,12,8,23,Faible,,4.1,2.5649493574615367
4.3,"109 km N of Yakutat, Alaska",1765234314145,1772649823040,,https://earthquake.usgs.gov/earthquakes/eventpage/us6000rtiu,https://earthquake.usgs.gov/fdsnws/event/1/query?eventid=us6000rtiu&format=geojson,,,4.708,green,reviewed,0,284,us,6000rtiu,",us6000rtiu,ak2025ydscin,",",us,ak,",",losspager,origin,phase-data,shakemap,",59.0,0.478,0.64,46.0,mb,earthquake,"M 4.3 - 109 km N of Yakutat, Alaska",-139.836,60.5247,4.192,us6000rtiu,2025-12-08 22:51:54.145000+00:00,2025,12,8,22,Faible,,4.1,2.5649493574615367
6.6,"129 km S of Honchō, Japan",1765230761325,1772649822040,,https://earthquake.usgs.gov/earthquakes/eventpage/us6000rtie,https://earthquake.usgs.gov/fdsnws/event/1/query?eventid=us6000rtie&format=geojson,4.0,3.8,4.511,green,reviewed,0,672,us,6000rtie,",us6000rtie,usauto6000rtie,at00t6z0ru,",",us,usauto,at,",",dyfi,ground-failure,internal-moment-tensor,internal-origin,losspager,moment-tensor,origin,phase-data,shakemap,",140.0,1.038,0.64,29.0,mww,earthquake,"M 6.6 - 129 km S of Honchō, Japan",143.1504,40.9761,19.0,us6000rtie,2025-12-08 21:52:41.325000+00:00,2025,12,8,21,Faible,1.6094379124341003,3.8,1.6094379124341003
6.0,"127 km S of Honchō, Japan",1765220188302,1772649818040,,https://earthquake.usgs.gov/earthquakes/eventpage/us6000rtgd,https://earthquake.usgs.gov/fdsnws/event/1/query?eventid=us6000rtgd&format=geojson,1.0,1.0,3.906,green,reviewed,0,554,us,6000rtgd,",us6000rtgd,at00t6ysm4,",",us,at,",",dyfi,ground-failure,internal-origin,losspager,moment-tensor,origin,phase-data,shakemap,",119.0,1.027,0.7,50.0,mww,earthquake,"M 6.0 - 127 km S of Honchō, Japan",143.1226,40.9878,22.788,us6000rtgd,2025-12-08 18:56:28.302000+00:00,2025,12,8,18,Faible,0.6931471805599453,1.0,0.6931471805599453
5.5,South Sandwich Islands region,1765219275496,1772649818040,,https://earthquake.usgs.gov/earthquakes/eventpage/us6000rtg8,https://earthquake.usgs.gov/fdsnws/event/1/query?eventid=us6000rtg8&format=geojson,,,3.636,green,reviewed,0,465,us,6000rtg8,",us6000rtg8,",",us,",",losspager,origin,phase-data,shakemap,",63.0,7.576,0.86,33.0,mb,earthquake,M 5.5 - South Sandwich Islands region,-25.4875,-58.8007,29.994,us6000rtg8,2025-12-08 18:41:15.496000+00:00,2025,12,8,18,Faible,,4.1,2.5649493574615367
4.5,"112 km N of Yakutat, Alaska",1765215935956,1772649817040,,https://earthquake.usgs.gov/earthquakes/eventpage/us6000rtfx,https://earthquake.usgs.gov/fdsnws/event/1/query?eventid=us6000rtfx&format=geojson,,,4.903,green,reviewed,1,312,us,6000rtfx,",at00t6ypc1,us6000rtfx,ak2025ydhyjs,",",at,us,ak,",",impact-link,losspager,origin,phase-data,shakemap,",63.0,0.456,1.14,59.0,mb,earthquake,"M 4.5 - 112 km N of Yakutat, Alaska",-140.1009,60.5438,7.366,us6000rtfx,2025-12-08 17:45:35.956000+00:00,2025,12,8,17,Faible,,4.1,2.5649493574615367
5.5,"93 km ENE of Hachinohe, Japan",1765204419631,1772649814040,,https://earthquake.usgs.gov/earthquakes/eventpage/us6000rtdz,https://earthquake.usgs.gov/fdsnws/event/1/query?eventid=us6000rtdz&format=geojson,4.0,2.2,3.85,green,reviewed,0,466,us,6000rtdz,",us6000rtdz,",",us,",",dyfi,losspager,origin,phase-data,shakemap,",113.0,1.076,0.68,67.0,mb,earthquake,"M 5.5 - 93 km ENE of Hachinohe, Japan",142.4766,40.8889,35.0,us6000rtdz,2025-12-08 14:33:39.631000+00:00,2025,12,8,14,Faible,1.6094379124341003,2.2,1.6094379124341003
7.6,"2025 Aomori Prefecture, Japan Earthquake",1765203309896,1781613259815,,https://earthquake.usgs.gov/earthquakes/eventpage/us6000rtdt,https://earthquake.usgs.gov/fdsnws/event/1/query?eventid=us6000rtdt&format=geojson,259.0,9.0,6.911,yellow,reviewed,1,1122,us,6000rtdt,",at00t6yfla,pt25342050,us6000rtdt,usauto6000rtdt,",",at,pt,us,usauto,",",dyfi,earthquake-name,finite-fault,ground-failure,impact-link,impact-text,internal-moment-tensor,internal-origin,losspager,moment-tensor,origin,phase-data,shakemap,",170.0,0.874,0.72,17.0,mww,earthquake,"M 7.6 - 2025 Aomori Prefecture, Japan Earthquake",142.1836,40.9984,40.72,us6000rtdt,2025-12-08 14:15:09.896000+00:00,2025,12,8,14,Modéré,5.560681631015528,9.0,5.560681631015528
3.7,"99 km N of Yakutat, Alaska",1765156990597,1772649801040,,https://earthquake.usgs.gov/earthquakes/eventpage/us6000rta2,https://earthquake.usgs.gov/fdsnws/event/1/query?eventid=us6000rta2&format=geojson,0.0,1.0,4.304,green,reviewed,0,211,us,6000rta2,",us6000rta2,ak2025ycbjzl,",",us,ak,",",dyfi,losspager,origin,phase-data,shakemap,",48.0,0.488,1.11,51.0,mb,earthquake,"M 3.7 - 99 km N of Yakutat, Alaska",-139.5505,60.4356,2.821,us6000rta2,2025-12-08 01:23:10.597000+00:00,2025,12,8,1,Faible,0.0,1.0,0.0
5.8,"89 km N of Yakutat, Alaska",1765155410321,1772649800040,,https://earthquake.usgs.gov/earthquakes/eventpage/us6000rt9w,https://earthquake.usgs.gov/fdsnws/event/1/query?eventid=us6000rt9w&format=geojson,,,6.734,green,reviewed,1,518,us,6000rt9w,",ak2025ycanbn,us6000rt9w,at00t6xemq,usauto6000rt9w,",",ak,us,at,usauto,",",ground-failure,impact-link,internal-moment-tensor,losspager,moment-tensor,origin,phase-data,shakemap,",144.0,0.401,0.59,55.0,mww,earthquake,"M 5.8 - 89 km N of Yakutat, Alaska",-139.6253,60.3454,10.0,us6000rt9w,2025-12-08 00:56:50.321000+00:00,2025,12,8,0,Faible,,4.1,2.5649493574615367
4.8,"108 km N of Yakutat, Alaska",1765151702638,1772649799040,,https://earthquake.usgs.gov/earthquakes/eventpage/us6000rt9d,https://earthquake.usgs.gov/fdsnws/event/1/query?eventid=us6000rt9d&format=geojson,2.0,2.7,5.873,green,reviewed,0,355,us,6000rt9d,",us6000rt9d,ak2025ybylvh,",",us,ak,",",dyfi,ground-failure,losspager,moment-tensor,origin,phase-data,shakemap,",106.0,0.453,0.8,51.0,mwr,earthquake,"M 4.8 - 108 km N of Yakutat, Alaska",-139.9359,60.5187,5.0,us6000rt9d,2025-12-07 23:55:02.638000+00:00,2025,12,7,23,Faible,1.0986122886681098,2.7,1.0986122886681098
5.1,"109 km N of Yakutat, Alaska",1765151434471,1772649798040,,https://earthquake.usgs.gov/earthquakes/eventpage/us6000rt9a,https://earthquake.usgs.gov/fdsnws/event/1/query?eventid=us6000rt9a&format=geojson,5.0,2.7,6.107,green,reviewed,0,402,us,6000rt9a,",us6000rt9a,usauto6000rt9a,ak2025ybyiat,",",us,usauto,ak,",",dyfi,ground-failure,internal-moment-tensor,losspager,moment-tensor,origin,phase-data,shakemap,",115.0,0.463,0.56,38.0,mww,earthquake,"M 5.1 - 109 km N of Yakutat, Alaska",-139.9162,60.5259,5.0,us6000rt9a,2025-12-07 23:50:34.471000+00:00,2025,12,7,23,Faible,1.791759469228055,2.7,1.791759469228055
4.6,"105 km N of Yakutat, Alaska",1765130648308,1772649782040,,https://earthquake.usgs.gov/earthquakes/eventpage/us6000rt6y,https://earthquake.usgs.gov/fdsnws/event/1/query?eventid=us6000rt6y&format=geojson,6.0,2.5,5.26,green,reviewed,1,327,us,6000rt6y,",at00t6wviw,ak2025ybmvox,us6000rt6y,usauto6000rt6y,",",at,ak,us,usauto,",",dyfi,ground-failure,impact-link,internal-moment-tensor,losspager,moment-tensor,origin,phase-data,shakemap,",72.0,0.504,0.71,45.0,mww,earthquake,"M 4.6 - 105 km N of Yakutat, Alaska",-139.641,60.4961,5.769,us6000rt6y,2025-12-07 18:04:08.308000+00:00,2025,12,7,18,Faible,1.9459101490553132,2.5,1.9459101490553132
4.3,"95 km N of Yakutat, Alaska",1765129827998,1772649781040,,https://earthquake.usgs.gov/earthquakes/eventpage/us6000rt6x,https://earthquake.usgs.gov/fdsnws/event/1/query?eventid=us6000rt6x&format=geojson,,,4.516,green,reviewed,0,284,us,6000rt6x,",us6000rt6x,ak2025ybmjqu,",",us,ak,",",losspager,origin,phase-data,shakemap,",62.0,0.483,0.44,55.0,mb,earthquake,"M 4.3 - 95 km N of Yakutat, Alaska",-139.4894,60.3929,6.331,us6000rt6x,2025-12-07 17:50:27.998000+00:00,2025,12,7,17,Faible,,4.1,2.5649493574615367
4.2,"98 km N of Yakutat, Alaska",1765129627235,1772649781040,,https://earthquake.usgs.gov/earthquakes/eventpage/us6000rt6u,https://earthquake.usgs.gov/fdsnws/event/1/query?eventid=us6000rt6u&format=geojson,,,4.547,green,reviewed,1,271,us,6000rt6u,",at00t6wuql,us6000rt6u,ak2025ybmgue,",",at,us,ak,",",impact-link,losspager,origin,phase-data,shakemap,",44.0,0.463,1.05,52.0,mb,earthquake,"M 4.2 - 98 km N of Yakutat, Alaska",-139.6028,60.4262,8.44,us6000rt6u,2025-12-07 17:47:07.235000+00:00,2025,12,7,17,Faible,,4.1,2.5649493574615367
4.6,"116 km N of Yakutat, Alaska",1765126587583,1772649779040,,https://earthquake.usgs.gov/earthquakes/eventpage/us6000rt6j,https://earthquake.usgs.gov/fdsnws/event/1/query?eventid=us6000rt6j&format=geojson,,,5.383,green,reviewed,1,326,us,6000rt6j,",us6000rt6j,at00t6wse4,ak2025ybkpei,",",us,at,ak,",",ground-failure,impact-link,losspager,moment-tensor,origin,phase-data,shakemap,",71.0,0.519,1.18,50.0,mww,earthquake,"M 4.6 - 116 km N of Yakutat, Alaska",-139.938,60.5888,5.0,us6000rt6j,2025-12-07 16:56:27.583000+00:00,2025,12,7,16,Faible,,4.1,2.5649493574615367
5.6,"72 km SE of Severo-Kuril’sk, Russia",1765125250157,1772649777040,,https://earthquake.usgs.gov/earthquakes/eventpage/us6000rt68,https://earthquake.usgs.gov/fdsnws/event/1/query?eventid=us6000rt68&format=geojson,1.0,0.0,4.038,green,reviewed,0,482,us,6000rt68,",us6000rt68,usauto6000rt68,",",us,usauto,",",dyfi,internal-moment-tensor,losspager,moment-tensor,origin,phase-data,shakemap,",110.0,2.917,0.98,45.0,mww,earthquake,"M 5.6 - 72 km SE of Severo-Kuril’sk, Russia",156.8911,50.239,59.342,us6000rt68,2025-12-07 16:34:10.157000+00:00,2025,12,7,16,Faible,0.6931471805599453,0.0,0.6931471805599453
3.9,"113 km N of Yakutat, Alaska",1765115347668,1772649772040,,https://earthquake.usgs.gov/earthquakes/eventpage/us6000rt5j,https://earthquake.usgs.gov/fdsnws/event/1/query?eventid=us6000rt5j&format=geojson,,,4.246,green,reviewed,0,234,us,6000rt5j,",us6000rt5j,ak2025ybejsb,",",us,ak,",",losspager,moment-tensor,origin,phase-data,shakemap,",59.0,0.505,0.75,48.0,mwr,earthquake,"M 3.9 - 113 km N of Yakutat, Alaska",-139.8871,60.5655,5.0,us6000rt5j,2025-12-07 13:49:07.668000+00:00,2025,12,7,13,Faible,,4.1,2.5649493574615367
4.2,"99 km N of Yakutat, Alaska",1765112123618,1772649771040,,https://earthquake.usgs.gov/earthquakes/eventpage/us6000rt58,https://earthquake.usgs.gov/fdsnws/event/1/query?eventid=us6000rt58&format=geojson,,,4.619,green,reviewed,1,271,us,6000rt58,",at00t6wh8b,us6000rt58,ak2025ybcpkh,",",at,us,ak,",",impact-link,losspager,moment-tensor,origin,phase-data,shakemap,",94.0,0.491,0.77,80.0,mwr,earthquake,"M 4.2 - 99 km N of Yakutat, Alaska",-139.5457,60.4372,5.0,us6000rt58,2025-12-07 12:55:23.618000+00:00,2025,12,7,12,Faible,,4.1,2.5649493574615367
5.2,"60 km NW of Port-Olry, Vanuatu",1765109774872,1772649769040,,https://earthquake.usgs.gov/earthquakes/eventpage/us6000rt4z,https://earthquake.usgs.gov/fdsnws/event/1/query?eventid=us6000rt4z&format=geojson,,,6.218,green,reviewed,0,416,us,6000rt4z,",us6000rt4z,usauto6000rt4z,",",us,usauto,",",ground-failure,internal-moment-tensor,losspager,origin,phase-data,shakemap,",110.0,0.929,1.11,39.0,mb,earthquake,"M 5.2 - 60 km NW of Port-Olry, Vanuatu",166.6608,-14.675,10.0,us6000rt4z,2025-12-07 12:16:14.872000+00:00,2025,12,7,12,Faible,,4.1,2.5649493574615367
4.1,"116 km N of Yakutat, Alaska",1765103533236,1772649764040,,https://earthquake.usgs.gov/earthquakes/eventpage/us6000rt4b,https://earthquake.usgs.gov/fdsnws/event/1/query?eventid=us6000rt4b&format=geojson,,,4.478,green,reviewed,0,259,us,6000rt4b,",us6000rt4b,ak2025yaxvzu,",",us,ak,",",losspager,moment-tensor,origin,phase-data,shakemap,",144.0,0.544,0.87,59.0,mwr,earthquake,"M 4.1 - 116 km N of Yakutat, Alaska",-139.8039,60.5908,5.0,us6000rt4b,2025-12-07 10:32:13.236000+00:00,2025,12,7,10,Faible,,4.1,2.5649493574615367
3.9,"113 km N of Yakutat, Alaska",1765102396178,1772649763040,,https://earthquake.usgs.gov/earthquakes/eventpage/us6000rt47,https://earthquake.usgs.gov/fdsnws/event/1/query?eventid=us6000rt47&format=geojson,,,4.369,green,reviewed,0,234,us,6000rt47,",us6000rt47,ak2025yaxfqu,",",us,ak,",",losspager,moment-tensor,origin,phase-data,shakemap,",59.0,0.482,0.7,53.0,mwr,earthquake,"M 3.9 - 113 km N of Yakutat, Alaska",-139.9766,60.5566,5.0,us6000rt47,2025-12-07 10:13:16.178000+00:00,2025,12,7,10,Faible,,4.1,2.5649493574615367
4.4,"111 km N of Yakutat, Alaska",1765100517914,1772649761040,,https://earthquake.usgs.gov/earthquakes/eventpage/us6000rt42,https://earthquake.usgs.gov/fdsnws/event/1/query?eventid=us6000rt42&format=geojson,,,5.037,green,reviewed,0,298,us,6000rt42,",us6000rt42,ak2025yawesd,",",us,ak,",",losspager,origin,phase-data,shakemap,",55.0,0.482,0.87,50.0,mb,earthquake,"M 4.4 - 111 km N of Yakutat, Alaska",-139.9158,60.5462,5.0,us6000rt42,2025-12-07 09:41:57.914000+00:00,2025,12,7,9,Faible,,4.1,2.5649493574615367
4.5,"108 km NNW of Yakutat, Alaska",1765098764890,1772649888040,,https://earthquake.usgs.gov/earthquakes/eventpage/us7000rke0,https://earthquake.usgs.gov/fdsnws/event/1/query?eventid=us7000rke0&format=geojson,,,5.141,green,reviewed,0,312,us,7000rke0,",us7000rke0,",",us,",",ground-failure,losspager,origin,phase-data,shakemap,",43.0,0.409,0.68,75.0,mb,earthquake,"M 4.5 - 108 km NNW of Yakutat, Alaska",-140.1135,60.4975,5.0,us7000rke0,2025-12-07 09:12:44.890000+00:00,2025,12,7,9,Faible,,4.1,2.5649493574615367
4.1,"111 km N of Yakutat, Alaska",1765098737620,1772649759040,,https://earthquake.usgs.gov/earthquakes/eventpage/us6000rt3v,https://earthquake.usgs.gov/fdsnws/event/1/query?eventid=us6000rt3v&format=geojson,,,4.541,green,reviewed,0,259,us,6000rt3v,",us6000rt3v,ak2025yavfba,",",us,ak,",",losspager,moment-tensor,origin,phase-data,shakemap,",82.0,0.456,0.85,55.0,mwr,earthquake,"M 4.1 - 111 km N of Yakutat, Alaska",-140.0104,60.5344,5.232,us6000rt3v,2025-12-07 09:12:17.620000+00:00,2025,12,7,9,Faible,,4.1,2.5649493574615367
3.9,"112 km N of Yakutat, Alaska",1765097965602,1772649759040,,https://earthquake.usgs.gov/earthquakes/eventpage/us6000rt3u,https://earthquake.usgs.gov/fdsnws/event/1/query?eventid=us6000rt3u&format=geojson,,,4.398,green,reviewed,0,234,us,6000rt3u,",us6000rt3u,ak2025yauubj,",",us,ak,",",losspager,moment-tensor,origin,phase-data,shakemap,",53.0,0.479,0.73,52.0,mwr,earthquake,"M 3.9 - 112 km N of Yakutat, Alaska",-139.9633,60.5512,3.345,us6000rt3u,2025-12-07 08:59:25.602000+00:00,2025,12,7,8,Faible,,4.1,2.5649493574615367
3.8,"94 km N of Yakutat, Alaska",1765097146339,1772649758040,,https://earthquake.usgs.gov/earthquakes/eventpage/us6000rt3s,https://earthquake.usgs.gov/fdsnws/event/1/query?eventid=us6000rt3s&format=geojson,,,4.348,green,reviewed,0,222,us,6000rt3s,",us6000rt3s,ak2025yauihj,",",us,ak,",",losspager,origin,phase-data,shakemap,",46.0,0.473,0.9,55.0,mwr,earthquake,"M 3.8 - 94 km N of Yakutat, Alaska",-139.5125,60.3913,5.0,us6000rt3s,2025-12-07 08:45:46.339000+00:00,2025,12,7,8,Faible,,4.1,2.5649493574615367
3.9,"118 km N of Yakutat, Alaska",1765092563235,1772649755040,,https://earthquake.usgs.gov/earthquakes/eventpage/us6000rt3f,https://earthquake.usgs.gov/fdsnws/event/1/query?eventid=us6000rt3f&format=geojson,,,4.425,green,reviewed,0,234,us,6000rt3f,",us6000rt3f,ak2025yarupn,",",us,ak,",",losspager,moment-tensor,origin,phase-data,shakemap,",49.0,0.535,0.7,70.0,mwr,earthquake,"M 3.9 - 118 km N of Yakutat, Alaska",-139.9202,60.6035,3.947,us6000rt3f,2025-12-07 07:29:23.235000+00:00,2025,12,7,7,Faible,,4.1,2.5649493574615367
4.2,"124 km N of Yakutat, Alaska",1765086951453,1772649750040,,https://earthquake.usgs.gov/earthquakes/eventpage/us6000rt2i,https://earthquake.usgs.gov/fdsnws/event/1/query?eventid=us6000rt2i&format=geojson,,,4.629,green,reviewed,0,271,us,6000rt2i,",us6000rt2i,ak2025yaoqgn,",",us,ak,",",losspager,origin,phase-data,shakemap,",61.0,0.561,0.62,53.0,mb,earthquake,"M 4.2 - 124 km N of Yakutat, Alaska",-139.9129,60.659,5.0,us6000rt2i,2025-12-07 05:55:51.453000+00:00,2025,12,7,5,Faible,,4.1,2.5649493574615367
4.3,"121 km N of Yakutat, Alaska",1765081394278,1772649747040,,https://earthquake.usgs.gov/earthquakes/eventpage/us6000rt20,https://earthquake.usgs.gov/fdsnws/event/1/query?eventid=us6000rt20&format=geojson,,,4.932,green,reviewed,0,284,us,6000rt20,",us6000rt20,ak2025yalqbe,",",us,ak,",",losspager,origin,phase-data,shakemap,",26.0,0.569,1.13,75.0,ml,earthquake,"M 4.3 - 121 km N of Yakutat, Alaska",-139.9055,60.6359,5.0,us6000rt20,2025-12-07 04:23:14.278000+00:00,2025,12,7,4,Faible,,4.1,2.5649493574615367
5.2,"114 km N of Yakutat, Alaska",1765081237162,1772649746040,,https://earthquake.usgs.gov/earthquakes/eventpage/us6000rt1y,https://earthquake.usgs.gov/fdsnws/event/1/query?eventid=us6000rt1y&format=geojson,4.0,2.2,5.605,green,reviewed,0,417,us,6000rt1y,",ak2025yalnyw,us6000rt1y,usauto6000rt1y,",",ak,us,usauto,",",dyfi,ground-failure,internal-moment-tensor,losspager,moment-tensor,origin,phase-data,shakemap,",107.0,0.483,0.84,54.0,mww,earthquake,"M 5.2 - 114 km N of Yakutat, Alaska",-140.0066,60.5616,7.321,us6000rt1y,2025-12-07 04:20:37.162000+00:00,2025,12,7,4,Faible,1.6094379124341003,2.2,1.6094379124341003
4.1,"101 km N of Yakutat, Alaska",1765081186019,1772649745040,,https://earthquake.usgs.gov/earthquakes/eventpage/us6000rt1x,https://earthquake.usgs.gov/fdsnws/event/1/query?eventid=us6000rt1x&format=geojson,0.0,1.0,4.581,green,reviewed,1,259,us,6000rt1x,",at00t6vtd0,ak2025yalnbi,us6000rt1x,",",at,ak,us,",",dyfi,impact-link,losspager,origin,phase-data,shakemap,",28.0,0.501,1.19,97.0,mb,earthquake,"M 4.1 - 101 km N of Yakutat, Alaska",-139.5498,60.4524,5.0,us6000rt1x,2025-12-07 04:19:46.019000+00:00,2025,12,7,4,Faible,0.0,1.0,0.0
4.2,"113 km N of Yakutat, Alaska",1765077603604,1772649743040,,https://earthquake.usgs.gov/earthquakes/eventpage/us6000rt1m,https://earthquake.usgs.gov/fdsnws/event/1/query?eventid=us6000rt1m&format=geojson,,,4.624,green,reviewed,0,271,us,6000rt1m,",us6000rt1m,ak2025yajnpv,",",us,ak,",",ground-failure,losspager,moment-tensor,origin,phase-data,shakemap,",76.0,0.482,0.96,53.0,mwr,earthquake,"M 4.2 - 113 km N of Yakutat, Alaska",-139.9851,60.558,4.0,us6000rt1m,2025-12-07 03:20:03.604000+00:00,2025,12,7,3,Faible,,4.1,2.5649493574615367
4.4,"100 km N of Yakutat, Alaska",1765077137736,1772649742040,,https://earthquake.usgs.gov/earthquakes/eventpage/us6000rt1j,https://earthquake.usgs.gov/fdsnws/event/1/query?eventid=us6000rt1j&format=geojson,,,4.73,green,reviewed,1,298,us,6000rt1j,",at00t6vq8k,us6000rt1j,ak2025yajgxz,",",at,us,ak,",",impact-link,losspager,origin,phase-data,shakemap,",46.0,0.491,0.85,80.0,mb,earthquake,"M 4.4 - 100 km N of Yakutat, Alaska",-139.5643,60.4467,5.0,us6000rt1j,2025-12-07 03:12:17.736000+00:00,2025,12,7,3,Faible,,4.1,2.5649493574615367
4.2,"113 km N of Yakutat, Alaska",1765074543502,1772649741040,,https://earthquake.usgs.gov/earthquakes/eventpage/us6000rt1d,https://earthquake.usgs.gov/fdsnws/event/1/query?eventid=us6000rt1d&format=geojson,,,4.753,green,reviewed,0,271,us,6000rt1d,",us6000rt1d,ak2025yahvrn,",",us,ak,",",losspager,moment-tensor,origin,phase-data,shakemap,",67.0,0.465,0.95,56.0,mwr,earthquake,"M 4.2 - 113 km N of Yakutat, Alaska",-140.0471,60.5485,5.0,us6000rt1d,2025-12-07 02:29:03.502000+00:00,2025,12,7,2,Faible,,4.1,2.5649493574615367
4.3,"100 km N of Yakutat, Alaska",1765072584002,1772649738040,,https://earthquake.usgs.gov/earthquakes/eventpage/us6000rt0z,https://earthquake.usgs.gov/fdsnws/event/1/query?eventid=us6000rt0z&format=geojson,,,4.747,green,reviewed,1,284,us,6000rt0z,",at00t6vmq6,us6000rt0z,ak2025yagtnq,",",at,us,ak,",",impact-link,losspager,moment-tensor,origin,phase-data,shakemap,",26.0,0.473,1.17,83.0,mwr,earthquake,"M 4.3 - 100 km N of Yakutat, Alaska",-139.612,60.4444,5.0,us6000rt0z,2025-12-07 01:56:24.002000+00:00,2025,12,7,1,Faible,,4.1,2.5649493574615367
4.5,"110 km N of Yakutat, Alaska",1765070583945,1772649736040,,https://earthquake.usgs.gov/earthquakes/eventpage/us6000rt0p,https://earthquake.usgs.gov/fdsnws/event/1/query?eventid=us6000rt0p&format=geojson,1.0,2.2,4.789,green,reviewed,1,312,us,6000rt0p,",at00t6vl6i,ak2025yafqvq,us6000rt0p,",",at,ak,us,",",dyfi,impact-link,losspager,moment-tensor,origin,phase-data,shakemap,",69.0,0.485,0.79,48.0,mwr,earthquake,"M 4.5 - 110 km N of Yakutat, Alaska",-139.8645,60.5398,5.0,us6000rt0p,2025-12-07 01:23:03.945000+00:00,2025,12,7,1,Faible,0.6931471805599453,2.2,0.6931471805599453
4.3,"103 km N of Yakutat, Alaska",1765066483733,1772649732040,,https://earthquake.usgs.gov/earthquakes/eventpage/us6000rt04,https://earthquake.usgs.gov/fdsnws/event/1/query?eventid=us6000rt04&format=geojson,,,4.624,green,reviewed,1,284,us,6000rt04,",at00t6vi0m,us6000rt04,ak2025yadjwr,",",at,us,ak,",",impact-link,losspager,origin,phase-data,shakemap,",60.0,0.497,1.01,47.0,mb,earthquake,"M 4.3 - 103 km N of Yakutat, Alaska",-139.6172,60.4782,5.0,us6000rt04,2025-12-07 00:14:43.733000+00:00,2025,12,7,0,Faible,,4.1,2.5649493574615367
4.4,"100 km N of Yakutat, Alaska",1765064040542,1772649729040,,https://earthquake.usgs.gov/earthquakes/eventpage/us6000rszu,https://earthquake.usgs.gov/fdsnws/event/1/query?eventid=us6000rszu&format=geojson,,,4.685,green,reviewed,1,298,us,6000rszu,",at00t6vg4q,us6000rszu,ak2025yacavm,",",at,us,ak,",",impact-link,losspager,origin,phase-data,shakemap,",100.0,0.495,0.84,53.0,mb,earthquake,"M 4.4 - 100 km N of Yakutat, Alaska",-139.5567,60.4474,5.0,us6000rszu,2025-12-06 23:34:00.542000+00:00,2025,12,6,23,Faible,,4.1,2.5649493574615367
4.3,"111 km N of Yakutat, Alaska",1765062389272,1772649727040,,https://earthquake.usgs.gov/earthquakes/eventpage/us6000rszl,https://earthquake.usgs.gov/fdsnws/event/1/query?eventid=us6000rszl&format=geojson,,,4.565,green,reviewed,0,284,us,6000rszl,",us6000rszl,ak2025yabdee,",",us,ak,",",losspager,origin,phase-data,shakemap,",68.0,0.498,1.08,46.0,mb,earthquake,"M 4.3 - 111 km N of Yakutat, Alaska",-139.8306,60.5458,5.0,us6000rszl,2025-12-06 23:06:29.272000+00:00,2025,12,6,23,Faible,,4.1,2.5649493574615367
3.4,"117 km NNW of Yakutat, Alaska",1765062347637,1772649728040,,https://earthquake.usgs.gov/earthquakes/eventpage/us6000rszq,https://earthquake.usgs.gov/fdsnws/event/1/query?eventid=us6000rszq&format=geojson,,,4.192,green,reviewed,0,178,us,6000rszq,",us6000rszq,ak2025yabcng,",",us,ak,",",losspager,origin,phase-data,shakemap,",48.0,0.466,1.01,176.0,ml,earthquake,"M 3.4 - 117 km NNW of Yakutat, Alaska",-140.208,60.5737,5.0,us6000rszq,2025-12-06 23:05:47.637000+00:00,2025,12,6,23,Faible,,4.1,2.5649493574615367
4.4,"111 km N of Yakutat, Alaska",1765062132864,1772649726040,,https://earthquake.usgs.gov/earthquakes/eventpage/us6000rszk,https://earthquake.usgs.gov/fdsnws/event/1/query?eventid=us6000rszk&format=geojson,,,4.715,green,reviewed,1,298,us,6000rszk,",at00t6vens,us6000rszk,",",at,us,",",impact-link,losspager,origin,phase-data,shakemap,",68.0,0.484,1.15,49.0,mb,earthquake,"M 4.4 - 111 km N of Yakutat, Alaska",-139.8936,60.5446,5.0,us6000rszk,2025-12-06 23:02:12.864000+00:00,2025,12,6,23,Faible,,4.1,2.5649493574615367
4.5,"97 km N of Yakutat, Alaska",1765060969854,1772649724040,,https://earthquake.usgs.gov/earthquakes/eventpage/us6000rsz9,https://earthquake.usgs.gov/fdsnws/event/1/query?eventid=us6000rsz9&format=geojson,,,5.34,green,reviewed,0,312,us,6000rsz9,",us6000rsz9,ak2025yaainu,",",us,ak,",",losspager,origin,phase-data,shakemap,",48.0,0.429,1.11,52.0,mb,earthquake,"M 4.5 - 97 km N of Yakutat, Alaska",-139.6841,60.4175,5.0,us6000rsz9,2025-12-06 22:42:49.854000+00:00,2025,12,6,22,Faible,,4.1,2.5649493574615367
4.6,"110 km N of Yakutat, Alaska",1765060471805,1772649723040,,https://earthquake.usgs.gov/earthquakes/eventpage/us6000rsz5,https://earthquake.usgs.gov/fdsnws/event/1/query?eventid=us6000rsz5&format=geojson,,,4.819,green,reviewed,0,326,us,6000rsz5,",us6000rsz5,ak2025yaablm,",",us,ak,",",losspager,origin,phase-data,shakemap,",67.0,0.443,0.85,56.0,mb,earthquake,"M 4.6 - 110 km N of Yakutat, Alaska",-140.0265,60.5231,7.439,us6000rsz5,2025-12-06 22:34:31.805000+00:00,2025,12,6,22,Faible,,4.1,2.5649493574615367
4.2,"99 km N of Yakutat, Alaska",1765057767016,1772649719040,,https://earthquake.usgs.gov/earthquakes/eventpage/us6000rsym,https://earthquake.usgs.gov/fdsnws/event/1/query?eventid=us6000rsym&format=geojson,,,4.455,green,reviewed,0,271,us,6000rsym,",us6000rsym,ak2025xzymcz,",",us,ak,",",losspager,origin,phase-data,shakemap,",32.0,0.398,0.76,136.0,mb,earthquake,"M 4.2 - 99 km N of Yakutat, Alaska",-139.8522,60.4388,10.0,us6000rsym,2025-12-06 21:49:27.016000+00:00,2025,12,6,21,Faible,,4.1,2.5649493574615367
4.1,"94 km N of Yakutat, Alaska",1765056923098,1772649718040,,https://earthquake.usgs.gov/earthquakes/eventpage/us6000rsyi,https://earthquake.usgs.gov/fdsnws/event/1/query?eventid=us6000rsyi&format=geojson,,,4.435,green,reviewed,0,259,us,6000rsyi,",us6000rsyi,ak2025xzycof,",",us,ak,",",losspager,origin,phase-data,shakemap,",41.0,0.453,0.9,84.0,mb,earthquake,"M 4.1 - 94 km N of Yakutat, Alaska",-139.5724,60.3945,10.0,us6000rsyi,2025-12-06 21:35:23.098000+00:00,2025,12,6,21,Faible,,4.1,2.5649493574615367
3.3,"125 km N of Yakutat, Alaska",1765055264949,1772649802040,,https://earthquake.usgs.gov/earthquakes/eventpage/us6000rta9,https://earthquake.usgs.gov/fdsnws/event/1/query?eventid=us6000rta9&format=geojson,,,3.932,green,reviewed,0,168,us,6000rta9,",us6000rta9,ak2025xzxevk,",",us,ak,",",losspager,origin,phase-data,shakemap,",21.0,0.633,1.29,64.0,ml,earthquake,"M 3.3 - 125 km N of Yakutat, Alaska",-139.7492,60.6754,9.286,us6000rta9,2025-12-06 21:07:44.949000+00:00,2025,12,6,21,Faible,,4.1,2.5649493574615367
4.4,"111 km N of Yakutat, Alaska",1765055039714,1772649716040,,https://earthquake.usgs.gov/earthquakes/eventpage/us6000rsy9,https://earthquake.usgs.gov/fdsnws/event/1/query?eventid=us6000rsy9&format=geojson,,,4.963,green,reviewed,0,298,us,6000rsy9,",us6000rsy9,ak2025xzxbom,",",us,ak,",",losspager,origin,phase-data,shakemap,",39.0,0.456,0.63,73.0,mb,earthquake,"M 4.4 - 111 km N of Yakutat, Alaska",-140.0348,60.5373,5.0,us6000rsy9,2025-12-06 21:03:59.714000+00:00,2025,12,6,21,Faible,,4.1,2.5649493574615367
4.2,"116 km NNW of Yakutat, Alaska",1765055000878,1772649724040,,https://earthquake.usgs.gov/earthquakes/eventpage/us6000rsz6,https://earthquake.usgs.gov/fdsnws/event/1/query?eventid=us6000rsz6&format=geojson,,,4.383,green,reviewed,0,271,us,6000rsz6,",us6000rsz6,ak2025xzxayw,",",us,ak,",",losspager,origin,phase-data,shakemap,",45.0,0.472,0.91,90.0,mb,earthquake,"M 4.2 - 116 km NNW of Yakutat, Alaska",-140.1995,60.5674,5.0,us6000rsz6,2025-12-06 21:03:20.878000+00:00,2025,12,6,21,Faible,,4.1,2.5649493574615367
4.3,"93 km NNE of Yakutat, Alaska",1765054891543,1772649721040,,https://earthquake.usgs.gov/earthquakes/eventpage/us6000rsyw,https://earthquake.usgs.gov/fdsnws/event/1/query?eventid=us6000rsyw&format=geojson,,,4.533,green,reviewed,0,284,us,6000rsyw,",us6000rsyw,ak2025xzwzlg,",",us,ak,",",losspager,origin,phase-data,shakemap,",47.0,0.515,0.7,57.0,mb,earthquake,"M 4.3 - 93 km NNE of Yakutat, Alaska",-139.3832,60.3727,8.723,us6000rsyw,2025-12-06 21:01:31.543000+00:00,2025,12,6,21,Faible,,4.1,2.5649493574615367
4.4,"105 km N of Yakutat, Alaska",1765054812432,1772649721040,,https://earthquake.usgs.gov/earthquakes/eventpage/us6000rsyv,https://earthquake.usgs.gov/fdsnws/event/1/query?eventid=us6000rsyv&format=geojson,,,5.169,green,reviewed,0,298,us,6000rsyv,",us6000rsyv,ak2025xzwyio,",",us,ak,",",losspager,origin,phase-data,shakemap,",44.0,0.444,1.05,89.0,mb,earthquake,"M 4.4 - 105 km N of Yakutat, Alaska",-139.8571,60.493,5.0,us6000rsyv,2025-12-06 21:00:12.432000+00:00,2025,12,6,21,Faible,,4.1,2.5649493574615367
3.6,"112 km N of Yakutat, Alaska",1765054791675,1772649825040,,https://earthquake.usgs.gov/earthquakes/eventpage/us6000rtjn,https://earthquake.usgs.gov/fdsnws/event/1/query?eventid=us6000rtjn&format=geojson,,,3.902,green,reviewed,0,199,us,6000rtjn,",us6000rtjn,ak2025xzwxzo,",",us,ak,",",losspager,origin,phase-data,shakemap,",28.0,0.526,1.09,83.0,ml,earthquake,"M 3.6 - 112 km N of Yakutat, Alaska",-139.752,60.5582,5.0,us6000rtjn,2025-12-06 20:59:51.675000+00:00,2025,12,6,20,Faible,,4.1,2.5649493574615367
4.4,"112 km N of Yakutat, Alaska",1765054657514,1772649721040,,https://earthquake.usgs.gov/earthquakes/eventpage/us6000rsyu,https://earthquake.usgs.gov/fdsnws/event/1/query?eventid=us6000rsyu&format=geojson,,,5.126,green,reviewed,0,298,us,6000rsyu,",us6000rsyu,",",us,",",ground-failure,losspager,origin,phase-data,shakemap,",43.0,0.476,1.17,72.0,mb,earthquake,"M 4.4 - 112 km N of Yakutat, Alaska",-139.9651,60.5489,5.0,us6000rsyu,2025-12-06 20:57:37.514000+00:00,2025,12,6,20,Faible,,4.1,2.5649493574615367
4.1,"92 km N of Yakutat, Alaska",1765054563962,1772649720040,,https://earthquake.usgs.gov/earthquakes/eventpage/us6000rsyn,https://earthquake.usgs.gov/fdsnws/event/1/query?eventid=us6000rsyn&format=geojson,1.0,0.0,4.609,green,reviewed,0,259,us,6000rsyn,",us6000rsyn,ak2025xzwusa,",",us,ak,",",dyfi,losspager,origin,phase-data,shakemap,",34.0,0.472,0.8,116.0,mb,earthquake,"M 4.1 - 92 km N of Yakutat, Alaska",-139.4748,60.3639,5.0,us6000rsyn,2025-12-06 20:56:03.962000+00:00,2025,12,6,20,Faible,0.6931471805599453,0.0,0.6931471805599453
4.9,"96 km N of Yakutat, Alaska",1765054478679,1772649718040,,https://earthquake.usgs.gov/earthquakes/eventpage/us6000rsyj,https://earthquake.usgs.gov/fdsnws/event/1/query?eventid=us6000rsyj&format=geojson,,,6.049,green,reviewed,0,369,us,6000rsyj,",us6000rsyj,ak2025xzwtqi,",",us,ak,",",ground-failure,losspager,origin,phase-data,shakemap,",42.0,0.463,1.13,84.0,mb,earthquake,"M 4.9 - 96 km N of Yakutat, Alaska",-139.5694,60.4092,5.0,us6000rsyj,2025-12-06 20:54:38.679000+00:00,2025,12,6,20,Faible,,4.1,2.5649493574615367
4.0,"118 km N of Yakutat, Alaska",1765054411908,1772649795040,,https://earthquake.usgs.gov/earthquakes/eventpage/us6000rt8r,https://earthquake.usgs.gov/fdsnws/event/1/query?eventid=us6000rt8r&format=geojson,,,4.417,green,reviewed,0,246,us,6000rt8r,",us6000rt8r,ak2025xzwsoi,",",us,ak,",",losspager,origin,phase-data,shakemap,",20.0,0.565,1.23,90.0,ml,earthquake,"M 4.0 - 118 km N of Yakutat, Alaska",-139.793,60.6113,5.0,us6000rt8r,2025-12-06 20:53:31.908000+00:00,2025,12,6,20,Faible,,4.1,2.5649493574615367
5.087666993181132,"88 km NNE of Yakutat, Alaska",1765054312900,1772649716040,,https://earthquake.usgs.gov/earthquakes/eventpage/ak2025xzwrbu,https://earthquake.usgs.gov/fdsnws/event/1/query?eventid=ak2025xzwrbu&format=geojson,13.0,3.8,5.782,green,reviewed,1,403,ak,2025xzwrbu,",ak2025xzwrbu,us6000rsy6,at00t6v8me,",",ak,us,at,",",dyfi,ground-failure,impact-link,losspager,origin,phase-data,shakemap,",86.0,0.4999297857284546,1.6402916957256666,61.83981323242188,ml,earthquake,"M 5.1 - 88 km NNE of Yakutat, Alaska",-139.35723876953125,60.31888580322266,10.75879955291748,ak2025xzwrbu,2025-12-06 20:51:52.900000+00:00,2025,12,6,20,Faible,2.6390573296152584,3.8,2.6390573296152584
4.3,"91 km NNE of Yakutat, Alaska",1765054163160,1772649717040,,https://earthquake.usgs.gov/earthquakes/eventpage/us6000rsyg,https://earthquake.usgs.gov/fdsnws/event/1/query?eventid=us6000rsyg&format=geojson,,,4.799,green,reviewed,0,284,us,6000rsyg,",us6000rsyg,ak2025xzwozj,",",us,ak,",",losspager,origin,phase-data,shakemap,",42.0,0.492,0.72,60.0,ml,earthquake,"M 4.3 - 91 km NNE of Yakutat, Alaska",-139.4116,60.3517,5.0,us6000rsyg,2025-12-06 20:49:23.160000+00:00,2025,12,6,20,Faible,,4.1,2.5649493574615367
4.4,"98 km NNE of Yakutat, Alaska",1765054080377,1772649793040,,https://earthquake.usgs.gov/earthquakes/eventpage/us6000rt8h,https://earthquake.usgs.gov/fdsnws/event/1/query?eventid=us6000rt8h&format=geojson,,,5.233,green,reviewed,0,298,us,6000rt8h,",us6000rt8h,ak2025xzwnum,",",us,ak,",",losspager,origin,phase-data,shakemap,",19.0,0.536,0.4,78.0,ml,earthquake,"M 4.4 - 98 km NNE of Yakutat, Alaska",-139.3825,60.4099,1.467,us6000rt8h,2025-12-06 20:48:00.377000+00:00,2025,12,6,20,Faible,,4.1,2.5649493574615367
5.2,"93 km NNE of Yakutat, Alaska",1765053970622,1772649715040,,https://earthquake.usgs.gov/earthquakes/eventpage/us6000rsy4,https://earthquake.usgs.gov/fdsnws/event/1/query?eventid=us6000rsy4&format=geojson,1.0,1.0,6.283,green,reviewed,0,416,us,6000rsy4,",us6000rsy4,",",us,",",dyfi,ground-failure,losspager,origin,phase-data,shakemap,",24.0,0.505,0.75,157.0,mb,earthquake,"M 5.2 - 93 km NNE of Yakutat, Alaska",-139.4012,60.3673,5.0,us6000rsy4,2025-12-06 20:46:10.622000+00:00,2025,12,6,20,Faible,0.6931471805599453,1.0,0.6931471805599453
7.0,2025 Hubbard Glacier Earthquake,1765053709288,1787431911919,,https://earthquake.usgs.gov/earthquakes/eventpage/us6000rsy1,https://earthquake.usgs.gov/fdsnws/event/1/query?eventid=us6000rsy1&format=geojson,1058.0,6.3,8.443,green,reviewed,1,1384,us,6000rsy1,",ak2025xzwiky,us6000rsy1,at00t6v85n,pt25340000,usauto6000rsy1,",",ak,us,at,pt,usauto,",",dyfi,earthquake-name,event-sequence,finite-fault,general-text,ground-failure,impact-link,impact-text,internal-moment-tensor,internal-origin,losspager,moment-tensor,oaf,origin,phase-data,shakemap,trump-origin,",270.0,0.417,0.76,29.0,mww,earthquake,M 7.0 - 2025 Hubbard Glacier Earthquake,-139.5412,60.3127,10.317,us6000rsy1,2025-12-06 20:41:49.288000+00:00,2025,12,6,20,Faible,6.9650803456014065,6.3,6.9650803456014065
5.5,"201 km SW of José María Morelos, Mexico",1764963220764,1772649708040,,https://earthquake.usgs.gov/earthquakes/eventpage/us6000rsti,https://earthquake.usgs.gov/fdsnws/event/1/query?eventid=us6000rsti&format=geojson,,,3.259,green,reviewed,0,465,us,6000rsti,",us6000rsti,",",us,",",losspager,moment-tensor,origin,phase-data,shakemap,",261.0,2.007,0.56,80.0,mww,earthquake,"M 5.5 - 201 km SW of José María Morelos, Mexico",-106.7426,18.6143,10.0,us6000rsti,2025-12-05 19:33:40.764000+00:00,2025,12,5,19,Faible,,4.1,2.5649493574615367
5.2,Drake Passage,1764931820258,1772649876040,,https://earthquake.usgs.gov/earthquakes/eventpage/us7000rfr9,https://earthquake.usgs.gov/fdsnws/event/1/query?eventid=us7000rfr9&format=geojson,,,0.0,green,reviewed,0,416,us,7000rfr9,",usauto7000rfr9,us7000rfr9,",",usauto,us,",",internal-moment-tensor,losspager,origin,phase-data,shakemap,",94.0,4.699,0.44,99.0,mww,earthquake,M 5.2 - Drake Passage,-62.065,-60.1833,10.0,us7000rfr9,2025-12-05 10:50:20.258000+00:00,2025,12,5,10,Faible,,4.1,2.5649493574615367
5.8,"136 km NNW of Tumxuk, China",1764834246341,1772649867040,,https://earthquake.usgs.gov/earthquakes/eventpage/us7000rfgy,https://earthquake.usgs.gov/fdsnws/event/1/query?eventid=us7000rfgy&format=geojson,13.0,3.2,7.43,yellow,reviewed,0,654,us,7000rfgy,",us7000rfgy,usauto7000rfgy,pt25338000,at00t6qito,",",us,usauto,pt,at,",",dyfi,ground-failure,internal-moment-tensor,internal-origin,losspager,moment-tensor,origin,phase-data,shakemap,",260.0,0.614,0.59,27.0,mww,earthquake,"M 5.8 - 136 km NNW of Tumxuk, China",78.4441,41.0099,9.0,us7000rfgy,2025-12-04 07:44:06.341000+00:00,2025,12,4,7,Modéré,2.6390573296152584,3.2,2.6390573296152584
5.5,Pacific-Antarctic Ridge,1764817928064,1772649864040,,https://earthquake.usgs.gov/earthquakes/eventpage/us7000rfg1,https://earthquake.usgs.gov/fdsnws/event/1/query?eventid=us7000rfg1&format=geojson,,,0.0,green,reviewed,0,465,us,7000rfg1,",us7000rfg1,",",us,",",losspager,moment-tensor,origin,phase-data,shakemap,",51.0,31.42,0.96,116.0,mww,earthquake,M 5.5 - Pacific-Antarctic Ridge,-128.1034,-55.3824,10.0,us7000rfg1,2025-12-04 03:12:08.064000+00:00,2025,12,4,3,Faible,,4.1,2.5649493574615367
5.6,Fiji region,1764718528675,1772036323040,,https://earthquake.usgs.gov/earthquakes/eventpage/us6000rs3k,https://earthquake.usgs.gov/fdsnws/event/1/query?eventid=us6000rs3k&format=geojson,,,1.431,green,reviewed,0,482,us,6000rs3k,",usauto6000rs3k,us6000rs3k,",",usauto,us,",",internal-moment-tensor,losspager,moment-tensor,origin,phase-data,shakemap,",112.0,4.192,0.88,24.0,mww,earthquake,M 5.6 - Fiji region,-178.9541,-20.8566,620.0,us6000rs3k,2025-12-02 23:35:28.675000+00:00,2025,12,2,23,Faible,,4.1,2.5649493574615367
5.3,Kermadec Islands region,1764459766026,1772036318040,,https://earthquake.usgs.gov/earthquakes/eventpage/us7000renh,https://earthquake.usgs.gov/fdsnws/event/1/query?eventid=us7000renh&format=geojson,,,0.0,green,reviewed,0,432,us,7000renh,",usauto7000renh,us7000renh,",",usauto,us,",",internal-moment-tensor,losspager,origin,phase-data,shakemap,",67.0,11.28,0.73,70.0,mww,earthquake,M 5.3 - Kermadec Islands region,-176.5717,-27.1631,36.374,us7000renh,2025-11-29 23:42:46.026000+00:00,2025,11,29,23,Faible,,4.1,2.5649493574615367
5.8,west of Macquarie Island,1764456470658,1772036318040,,https://earthquake.usgs.gov/earthquakes/eventpage/us7000rena,https://earthquake.usgs.gov/fdsnws/event/1/query?eventid=us7000rena&format=geojson,,,0.0,green,reviewed,0,518,us,7000rena,",usauto7000rena,at00t6ifbr,us7000rena,",",usauto,at,us,",",internal-moment-tensor,internal-origin,losspager,moment-tensor,origin,phase-data,shakemap,",60.0,6.831,0.73,69.0,mww,earthquake,M 5.8 - west of Macquarie Island,147.4508,-56.5108,10.0,us7000rena,2025-11-29 22:47:50.658000+00:00,2025,11,29,22,Faible,,4.1,2.5649493574615367
5.9,west of Macquarie Island,1764403433203,1772036317040,,https://earthquake.usgs.gov/earthquakes/eventpage/us7000rekp,https://earthquake.usgs.gov/fdsnws/event/1/query?eventid=us7000rekp&format=geojson,,,0.0,green,reviewed,0,536,us,7000rekp,",usauto7000rekp,us7000rekp,",",usauto,us,",",internal-moment-tensor,losspager,moment-tensor,origin,phase-data,shakemap,",89.0,4.769,0.57,28.0,mww,earthquake,M 5.9 - west of Macquarie Island,151.8084,-52.366,10.0,us7000rekp,2025-11-29 08:03:53.203000+00:00,2025,11,29,8,Faible,,4.1,2.5649493574615367
5.8,"7 km S of Amatenango de la Frontera, Mexico",1764360368384,1772036317040,,https://earthquake.usgs.gov/earthquakes/eventpage/us7000rehl,https://earthquake.usgs.gov/fdsnws/event/1/query?eventid=us7000rehl&format=geojson,6.0,3.4,3.833,green,reviewed,0,520,us,7000rehl,",us7000rehl,usauto7000rehl,",",us,usauto,",",dyfi,internal-moment-tensor,losspager,moment-tensor,origin,phase-data,shakemap,",310.0,0.909,0.82,29.0,mww,earthquake,"M 5.8 - 7 km S of Amatenango de la Frontera, Mexico",-92.1037,15.3677,153.161,us7000rehl,2025-11-28 20:06:08.384000+00:00,2025,11,28,20,Faible,1.9459101490553132,3.4,1.9459101490553132
5.6,"131 km WNW of Hihifo, Tonga",1764300609169,1772036315040,,https://earthquake.usgs.gov/earthquakes/eventpage/us7000rea0,https://earthquake.usgs.gov/fdsnws/event/1/query?eventid=us7000rea0&format=geojson,,,2.784,green,reviewed,0,482,us,7000rea0,",usauto7000rea0,pt25332000,us7000rea0,",",usauto,pt,us,",",internal-moment-tensor,internal-origin,losspager,moment-tensor,origin,phase-data,shakemap,",110.0,3.282,1.13,23.0,mww,earthquake,"M 5.6 - 131 km WNW of Hihifo, Tonga",-174.8407,-15.3351,263.0,us7000rea0,2025-11-28 03:30:09.169000+00:00,2025,11,28,3,Faible,,4.1,2.5649493574615367
4.04,"5 km S of San Juan Bautista, CA",1764277057730,1787260062412,,https://earthquake.usgs.gov/earthquakes/eventpage/nc75270551,https://earthquake.usgs.gov/fdsnws/event/1/query?eventid=nc75270551&format=geojson,417.0,4.3,4.305,green,reviewed,1,430,nc,75270551,",ew1764277060,at00t6ekw0,us7000re8i,nc75270551,",",ew,at,us,nc,",",dyfi,event-sequence,focal-mechanism,impact-link,losspager,moment-tensor,nearby-cities,oaf,origin,phase-data,scitech-link,shake-alert,shakemap,",121.0,0.02499,0.2,29.0,mw,earthquake,"M 4.0 - 5 km S of San Juan Bautista, CA",-121.543666666667,36.799,8.2,nc75270551,2025-11-27 20:57:37.730000+00:00,2025,11,27,20,Faible,6.035481432524756,4.3,6.035481432524756
3.72,"6 km S of San Juan Bautista, CA",1764276528560,1772036315040,,https://earthquake.usgs.gov/earthquakes/eventpage/nc75270531,https://earthquake.usgs.gov/fdsnws/event/1/query?eventid=nc75270531&format=geojson,53.0,4.8,3.501,green,reviewed,0,238,nc,75270531,",ew1764276530,us7000re8e,nc75270531,",",ew,us,nc,",",dyfi,focal-mechanism,losspager,moment-tensor,nearby-cities,origin,phase-data,scitech-link,shake-alert,shakemap,",108.0,0.02988,0.17,33.0,mw,earthquake,"M 3.7 - 6 km S of San Juan Bautista, CA",-121.537666666667,36.796,8.02,nc75270531,2025-11-27 20:48:48.560000+00:00,2025,11,27,20,Faible,3.9889840465642745,4.8,3.9889840465642745
6.0,"12 km WNW of Susitna, Alaska",1764263489059,1787246492176,,https://earthquake.usgs.gov/earthquakes/eventpage/ak2025xjbvhj,https://earthquake.usgs.gov/fdsnws/event/1/query?eventid=ak2025xjbvhj&format=geojson,7198.0,5.8,5.933,green,reviewed,1,1134,ak,2025xjbvhj,",ak2025xjbvhj,us7000re77,at00t6eaf3,usauto7000re77,",",ak,us,at,usauto,",",dyfi,event-sequence,ground-failure,impact-link,internal-moment-tensor,losspager,moment-tensor,oaf,origin,phase-data,shakemap,",225.0,0.4702050685882568,1.1860668337291744,13.68206787109375,mww,earthquake,"M 6.0 - 12 km WNW of Susitna, Alaska",-150.75079345703125,61.56951904296875,69.43339538574219,ak2025xjbvhj,2025-11-27 17:11:29.059000+00:00,2025,11,27,17,Faible,8.881697406469304,5.8,8.881697406469304
6.4,"54 km WNW of Sinabang, Indonesia",1764219384368,1772036314040,,https://earthquake.usgs.gov/earthquakes/eventpage/us7000re2g,https://earthquake.usgs.gov/fdsnws/event/1/query?eventid=us7000re2g&format=geojson,7.0,7.2,6.779,green,reviewed,0,635,us,7000re2g,",us7000re2g,usauto7000re2g,at00t6dce4,",",us,usauto,at,",",dyfi,ground-failure,impact-text,internal-moment-tensor,internal-origin,losspager,moment-tensor,origin,phase-data,shakemap,",175.0,2.966,0.96,41.0,mww,earthquake,"M 6.4 - 54 km WNW of Sinabang, Indonesia",95.9543,2.7191,17.0,us7000re2g,2025-11-27 04:56:24.368000+00:00,2025,11,27,4,Faible,2.0794415416798357,7.2,2.0794415416798357
3.98,"8 km E of Gilroy, CA",1764166602430,1787754418892,,https://earthquake.usgs.gov/earthquakes/eventpage/nc75269596,https://earthquake.usgs.gov/fdsnws/event/1/query?eventid=nc75269596&format=geojson,920.0,3.9,4.79,green,reviewed,1,602,nc,75269596,",ew1764166600,us7000rdxd,nc75269596,at00t6c7nt,",",ew,us,nc,at,",",dyfi,event-sequence,focal-mechanism,impact-link,losspager,moment-tensor,nearby-cities,oaf,origin,phase-data,scitech-link,shake-alert,shakemap,",136.0,0.02887,0.18,35.0,mw,earthquake,"M 4.0 - 8 km E of Gilroy, CA",-121.475666666667,36.9973333333333,2.92,nc75269596,2025-11-26 14:16:42.430000+00:00,2025,11,26,14,Faible,6.825460036255307,3.9,6.825460036255307
4.4,"15 km SSE of Fern Forest, Hawaii",1764150585770,1779532455017,,https://earthquake.usgs.gov/earthquakes/eventpage/hv74837442,https://earthquake.usgs.gov/fdsnws/event/1/query?eventid=hv74837442&format=geojson,358.0,4.4,4.634,green,reviewed,0,455,hv,74837442,",pt25330050,us7000rdwb,hv74837442,",",pt,us,hv,",",dyfi,ground-failure,losspager,moment-tensor,origin,phase-data,shakemap,",55.0,0.06511,0.14,161.0,mw,earthquake,"M 4.4 - 15 km SSE of Fern Forest, Hawaii",-155.075333333333,19.3361666666667,5.84,hv74837442,2025-11-26 09:49:45.770000+00:00,2025,11,26,9,Faible,5.883322388488279,4.4,5.883322388488279
5.4,"3 km SE of Pondaguitan, Philippines",1764067518212,1771603661040,,https://earthquake.usgs.gov/earthquakes/eventpage/us7000rdmx,https://earthquake.usgs.gov/fdsnws/event/1/query?eventid=us7000rdmx&format=geojson,8.0,3.8,4.181,green,reviewed,0,452,us,7000rdmx,",us7000rdmx,usauto7000rdmx,pt25329000,",",us,usauto,pt,",",dyfi,internal-moment-tensor,internal-origin,losspager,moment-tensor,origin,phase-data,shakemap,",159.0,0.951,0.8,38.0,mww,earthquake,"M 5.4 - 3 km SE of Pondaguitan, Philippines",126.1995,6.3406,71.508,us7000rdmx,2025-11-25 10:45:18.212000+00:00,2025,11,25,10,Faible,2.1972245773362196,3.8,2.1972245773362196
5.3,"10 km N of Aso, Japan",1764061277570,1771603661040,,https://earthquake.usgs.gov/earthquakes/eventpage/us7000rdmh,https://earthquake.usgs.gov/fdsnws/event/1/query?eventid=us7000rdmh&format=geojson,14.0,6.7,6.604,green,reviewed,0,442,us,7000rdmh,",us7000rdmh,usauto7000rdmh,",",us,usauto,",",dyfi,ground-failure,impact-text,internal-moment-tensor,losspager,moment-tensor,origin,phase-data,shakemap,",186.0,1.609,0.44,51.0,mww,earthquake,"M 5.3 - 10 km N of Aso, Japan",131.0814,33.0317,10.0,us7000rdmh,2025-11-25 09:01:17.570000+00:00,2025,11,25,9,Faible,2.70805020110221,6.7,2.70805020110221
3.93,"1 km NNW of The Geysers, CA",1763996938060,1771603656040,,https://earthquake.usgs.gov/earthquakes/eventpage/nc75268551,https://earthquake.usgs.gov/fdsnws/event/1/query?eventid=nc75268551&format=geojson,109.0,3.9,4.585,green,reviewed,0,280,nc,75268551,",ew1763996940,nc75268551,us6000rq3c,",",ew,nc,us,",",dyfi,focal-mechanism,losspager,moment-tensor,nearby-cities,origin,phase-data,scitech-link,shake-alert,shakemap,",113.0,0.01497,0.11,31.0,mw,earthquake,"M 3.9 - 1 km NNW of The Geysers, CA",-122.7625,38.7855,1.98,nc75268551,2025-11-24 15:08:58.060000+00:00,2025,11,24,15,Faible,4.700480365792417,3.9,4.700480365792417
5.3,central Mid-Atlantic Ridge,1763950862818,1771603655040,,https://earthquake.usgs.gov/earthquakes/eventpage/us6000rq0u,https://earthquake.usgs.gov/fdsnws/event/1/query?eventid=us6000rq0u&format=geojson,,,0.0,green,reviewed,0,432,us,6000rq0u,",usauto6000rq0u,us6000rq0u,",",usauto,us,",",internal-moment-tensor,losspager,origin,phase-data,shakemap,",212.0,13.303,0.52,40.0,mww,earthquake,M 5.3 - central Mid-Atlantic Ridge,-37.0622,7.5142,10.0,us6000rq0u,2025-11-24 02:21:02.818000+00:00,2025,11,24,2,Faible,,4.1,2.5649493574615367
5.4,"116 km WSW of Edd, Eritrea",1763902433450,1771603656040,,https://earthquake.usgs.gov/earthquakes/eventpage/us6000rq2y,https://earthquake.usgs.gov/fdsnws/event/1/query?eventid=us6000rq2y&format=geojson,,,7.031,green,reviewed,0,449,us,6000rq2y,",us6000rq2y,",",us,",",ground-failure,impact-text,losspager,moment-tensor,origin,phase-data,shakemap,",0.0,,1.07,,mww,earthquake,"M 5.4 - 116 km WSW of Edd, Eritrea",40.672,13.588,3.0,us6000rq2y,2025-11-23 12:53:53.450000+00:00,2025,11,23,12,Faible,,4.1,2.5649493574615367
5.5,"116 km WSW of Edd, Eritrea",1763900477620,1771603656040,,https://earthquake.usgs.gov/earthquakes/eventpage/us6000rq2x,https://earthquake.usgs.gov/fdsnws/event/1/query?eventid=us6000rq2x&format=geojson,1.0,1.0,7.153,green,reviewed,0,465,us,6000rq2x,",us6000rq2x,",",us,",",dyfi,ground-failure,impact-text,losspager,moment-tensor,origin,phase-data,shakemap,",0.0,,1.01,,mww,earthquake,"M 5.5 - 116 km WSW of Edd, Eritrea",40.672,13.588,3.0,us6000rq2x,2025-11-23 12:21:17.620000+00:00,2025,11,23,12,Faible,0.6931471805599453,1.0,0.6931471805599453
5.5,"67 km SSW of Adak, Alaska",1763886104503,1787473919586,,https://earthquake.usgs.gov/earthquakes/eventpage/us6000rpxa,https://earthquake.usgs.gov/fdsnws/event/1/query?eventid=us6000rpxa&format=geojson,3.0,3.8,4.304,green,reviewed,0,467,us,6000rpxa,",ak2025xbbjhg,us6000rpxa,usauto6000rpxa,",",ak,us,usauto,",",dyfi,event-sequence,internal-moment-tensor,losspager,moment-tensor,oaf,origin,phase-data,shakemap,",115.0,0.471,1.0,92.0,mww,earthquake,"M 5.5 - 67 km SSW of Adak, Alaska",-177.0161,51.3114,33.0,us6000rpxa,2025-11-23 08:21:44.503000+00:00,2025,11,23,8,Faible,1.3862943611198906,3.8,1.3862943611198906
5.3,"72 km NNE of Maba, Indonesia",1763867995907,1771603654040,,https://earthquake.usgs.gov/earthquakes/eventpage/us6000rpwf,https://earthquake.usgs.gov/fdsnws/event/1/query?eventid=us6000rpwf&format=geojson,,,6.435,green,reviewed,0,432,us,6000rpwf,",us6000rpwf,usauto6000rpwf,",",us,usauto,",",ground-failure,internal-moment-tensor,losspager,origin,phase-data,shakemap,",76.0,3.435,1.19,33.0,mww,earthquake,"M 5.3 - 72 km NNE of Maba, Indonesia",128.5754,1.2954,10.0,us6000rpwf,2025-11-23 03:19:55.907000+00:00,2025,11,23,3,Faible,,4.1,2.5649493574615367
4.8,"11 km WNW of Beluga, Alaska",1763825933884,1772054032098,,https://earthquake.usgs.gov/earthquakes/eventpage/ak2025wzudcl,https://earthquake.usgs.gov/fdsnws/event/1/query?eventid=ak2025wzudcl&format=geojson,763.0,4.3,3.662,green,reviewed,0,683,ak,2025wzudcl,",us6000rpuf,ak2025wzudcl,usauto6000rpuf,",",us,ak,usauto,",",dyfi,internal-moment-tensor,losspager,moment-tensor,origin,phase-data,shakemap,",262.0,0.4,0.9,27.0,ml,earthquake,"M 4.8 - 11 km WNW of Beluga, Alaska",-151.268,61.197,81.3,ak2025wzudcl,2025-11-22 15:38:53.884000+00:00,2025,11,22,15,Faible,6.638567789166521,4.3,6.638567789166521
5.6,"206 km SE of Severo-Kuril’sk, Russia",1763764689841,1771603653040,,https://earthquake.usgs.gov/earthquakes/eventpage/us6000rpql,https://earthquake.usgs.gov/fdsnws/event/1/query?eventid=us6000rpql&format=geojson,,,3.172,green,reviewed,0,482,us,6000rpql,",usauto6000rpql,us6000rpql,",",usauto,us,",",internal-moment-tensor,losspager,moment-tensor,origin,phase-data,shakemap,",119.0,3.363,0.76,57.0,mww,earthquake,"M 5.6 - 206 km SE of Severo-Kuril’sk, Russia",158.5579,49.6656,12.0,us6000rpql,2025-11-21 22:38:09.841000+00:00,2025,11,21,22,Faible,,4.1,2.5649493574615367
5.6,south of the Fiji Islands,1763728679521,1771603653040,,https://earthquake.usgs.gov/earthquakes/eventpage/us6000rpjb,https://earthquake.usgs.gov/fdsnws/event/1/query?eventid=us6000rpjb&format=geojson,,,1.0,green,reviewed,0,482,us,6000rpjb,",usauto6000rpjb,us6000rpjb,",",usauto,us,",",internal-moment-tensor,losspager,moment-tensor,origin,phase-data,shakemap,",93.0,6.68,0.67,30.0,mww,earthquake,M 5.6 - south of the Fiji Islands,179.8473,-24.2434,515.967,us6000rpjb,2025-11-21 12:37:59.521000+00:00,2025,11,21,12,Faible,,4.1,2.5649493574615367
5.5,"133 km E of Miyako, Japan",1763727724100,1771603653040,,https://earthquake.usgs.gov/earthquakes/eventpage/us6000rpja,https://earthquake.usgs.gov/fdsnws/event/1/query?eventid=us6000rpja&format=geojson,,,3.426,green,reviewed,0,465,us,6000rpja,",usauto6000rpja,us6000rpja,",",usauto,us,",",internal-moment-tensor,losspager,moment-tensor,origin,phase-data,shakemap,",108.0,2.167,0.68,100.0,mww,earthquake,"M 5.5 - 133 km E of Miyako, Japan",143.5003,39.6845,11.0,us6000rpja,2025-11-21 12:22:04.100000+00:00,2025,11,21,12,Faible,,4.1,2.5649493574615367
5.4,"14 km ESE of Tungi, Bangladesh",1763699908942,1771603652040,,https://earthquake.usgs.gov/earthquakes/eventpage/us6000rpht,https://earthquake.usgs.gov/fdsnws/event/1/query?eventid=us6000rpht&format=geojson,989.0,5.9,5.85,yellow,reviewed,0,1234,us,6000rpht,",us6000rpht,usauto6000rpht,",",us,usauto,",",dyfi,general-text,ground-failure,impact-text,internal-moment-tensor,losspager,moment-tensor,oaf,origin,phase-data,shakemap,",115.0,4.83,0.89,49.0,mww,earthquake,"M 5.4 - 14 km ESE of Tungi, Bangladesh",90.5404,23.8578,27.0,us6000rpht,2025-11-21 04:38:28.942000+00:00,2025,11,21,4,Modéré,6.897704943128636,5.9,6.897704943128636
5.4,south of the Fiji Islands,1763643001643,1771603651040,,https://earthquake.usgs.gov/earthquakes/eventpage/us6000rpc0,https://earthquake.usgs.gov/fdsnws/event/1/query?eventid=us6000rpc0&format=geojson,,,0.0,green,reviewed,0,449,us,6000rpc0,",usauto6000rpc0,us6000rpc0,",",usauto,us,",",internal-moment-tensor,losspager,moment-tensor,origin,phase-data,shakemap,",70.0,8.762,0.99,127.0,mww,earthquake,M 5.4 - south of the Fiji Islands,-176.3853,-25.5159,109.129,us6000rpc0,2025-11-20 12:50:01.643000+00:00,2025,11,20,12,Faible,,4.1,2.5649493574615367
5.8,"24 km E of Ambon, Indonesia",1763621984526,1771603651040,,https://earthquake.usgs.gov/earthquakes/eventpage/us6000rpai,https://earthquake.usgs.gov/fdsnws/event/1/query?eventid=us6000rpai&format=geojson,1.0,2.2,3.909,green,reviewed,0,518,us,6000rpai,",us6000rpai,usauto6000rpai,",",us,usauto,",",dyfi,internal-moment-tensor,losspager,moment-tensor,origin,phase-data,shakemap,",186.0,1.701,0.8,34.0,mww,earthquake,"M 5.8 - 24 km E of Ambon, Indonesia",128.4005,-3.7152,130.856,us6000rpai,2025-11-20 06:59:44.526000+00:00,2025,11,20,6,Faible,0.6931471805599453,2.2,0.6931471805599453
5.1,"86 km NNW of Ternate, Indonesia",1763612394661,1771603651040,,https://earthquake.usgs.gov/earthquakes/eventpage/us6000rpa3,https://earthquake.usgs.gov/fdsnws/event/1/query?eventid=us6000rpa3&format=geojson,,,3.688,green,reviewed,0,400,us,6000rpa3,",us6000rpa3,",",us,",",losspager,origin,phase-data,shakemap,",70.0,3.581,0.75,86.0,mb,earthquake,"M 5.1 - 86 km NNW of Ternate, Indonesia",127.1321,1.5341,132.062,us6000rpa3,2025-11-20 04:19:54.661000+00:00,2025,11,20,4,Faible,,4.1,2.5649493574615367
5.5,"55 km WSW of Puerto Cortés, Costa Rica",1763505393063,1770738914040,,https://earthquake.usgs.gov/earthquakes/eventpage/us6000rp1a,https://earthquake.usgs.gov/fdsnws/event/1/query?eventid=us6000rp1a&format=geojson,7.0,3.8,5.143,green,reviewed,0,468,us,6000rp1a,",us6000rp1a,usauto6000rp1a,",",us,usauto,",",dyfi,internal-moment-tensor,losspager,moment-tensor,origin,phase-data,shakemap,",96.0,0.908,0.79,84.0,mww,earthquake,"M 5.5 - 55 km WSW of Puerto Cortés, Costa Rica",-84.0117,8.8279,10.0,us6000rp1a,2025-11-18 22:36:33.063000+00:00,2025,11,18,22,Faible,2.0794415416798357,3.8,2.0794415416798357
4.11,"7 km W of Templeton, CA",1763488470480,1787681085280,,https://earthquake.usgs.gov/earthquakes/eventpage/nc75265261,https://earthquake.usgs.gov/fdsnws/event/1/query?eventid=nc75265261&format=geojson,1099.0,5.9,5.009,green,reviewed,1,850,nc,75265261,",ew1763488470,nc75265261,at00t5xoet,us6000rnzg,",",ew,nc,at,us,",",dyfi,event-sequence,focal-mechanism,impact-link,losspager,moment-tensor,nearby-cities,oaf,origin,phase-data,scitech-link,shake-alert,shakemap,",67.0,0.05361,0.09,46.0,mw,earthquake,"M 4.1 - 7 km W of Templeton, CA",-120.787833333333,35.5528333333333,4.92,nc75265261,2025-11-18 17:54:30.480000+00:00,2025,11,18,17,Faible,7.003065458786462,5.9,7.003065458786462
5.3,Mid-Indian Ridge,1763480129938,1770738913040,,https://earthquake.usgs.gov/earthquakes/eventpage/us6000rnxp,https://earthquake.usgs.gov/fdsnws/event/1/query?eventid=us6000rnxp&format=geojson,,,0.0,green,reviewed,0,432,us,6000rnxp,",usauto6000rnxp,us6000rnxp,",",usauto,us,",",internal-moment-tensor,losspager,moment-tensor,origin,phase-data,shakemap,",244.0,7.906,0.55,31.0,mww,earthquake,M 5.3 - Mid-Indian Ridge,65.7464,-11.981,10.0,us6000rnxp,2025-11-18 15:35:29.938000+00:00,2025,11,18,15,Faible,,4.1,2.5649493574615367
5.2,"110 km E of Miyako, Japan",1763406393260,1770738912040,,https://earthquake.usgs.gov/earthquakes/eventpage/us6000rntu,https://earthquake.usgs.gov/fdsnws/event/1/query?eventid=us6000rntu&format=geojson,1.0,3.4,3.367,green,reviewed,0,416,us,6000rntu,",us6000rntu,usauto6000rntu,",",us,usauto,",",dyfi,internal-moment-tensor,losspager,moment-tensor,origin,phase-data,shakemap,",107.0,1.939,0.63,50.0,mww,earthquake,"M 5.2 - 110 km E of Miyako, Japan",143.2167,39.7639,17.622,us6000rntu,2025-11-17 19:06:33.260000+00:00,2025,11,17,19,Faible,0.6931471805599453,3.4,0.6931471805599453
4.1,"39 km NNE of Moosonee, Canada",1763200716389,1770738910040,,https://earthquake.usgs.gov/earthquakes/eventpage/us6000rng1,https://earthquake.usgs.gov/fdsnws/event/1/query?eventid=us6000rng1&format=geojson,2.0,3.8,4.388,green,reviewed,0,259,us,6000rng1,",us6000rng1,",",us,",",dyfi,losspager,origin,phase-data,shakemap,",37.0,3.801,0.76,76.0,mb,earthquake,"M 4.1 - 39 km NNE of Moosonee, Canada",-80.3757,51.5905,10.838,us6000rng1,2025-11-15 09:58:36.389000+00:00,2025,11,15,9,Faible,1.0986122886681098,3.8,1.0986122886681098
5.3,"200 km SE of Sarangani, Philippines",1763184810479,1770738910040,,https://earthquake.usgs.gov/earthquakes/eventpage/us6000rneu,https://earthquake.usgs.gov/fdsnws/event/1/query?eventid=us6000rneu&format=geojson,,,4.638,green,reviewed,0,432,us,6000rneu,",usauto6000rneu,us6000rneu,",",usauto,us,",",internal-moment-tensor,losspager,moment-tensor,origin,phase-data,shakemap,",127.0,1.352,0.77,42.0,mww,earthquake,"M 5.3 - 200 km SE of Sarangani, Philippines",126.6366,4.0236,35.0,us6000rneu,2025-11-15 05:33:30.479000+00:00,2025,11,15,5,Faible,,4.1,2.5649493574615367
5.7,"214 km WNW of Hihifo, Tonga",1763147344006,1770738909040,,https://earthquake.usgs.gov/earthquakes/eventpage/us6000rnd3,https://earthquake.usgs.gov/fdsnws/event/1/query?eventid=us6000rnd3&format=geojson,,,5.351,green,reviewed,0,500,us,6000rnd3,",us6000rnd3,usauto6000rnd3,",",us,usauto,",",ground-failure,impact-text,internal-moment-tensor,losspager,moment-tensor,origin,phase-data,shakemap,",205.0,4.049,0.61,48.0,mww,earthquake,"M 5.7 - 214 km WNW of Hihifo, Tonga",-175.6983,-15.3422,5.177,us6000rnd3,2025-11-14 19:09:04.006000+00:00,2025,11,14,19,Faible,,4.1,2.5649493574615367
5.7,Pacific-Antarctic Ridge,1763026889102,1770738909040,,https://earthquake.usgs.gov/earthquakes/eventpage/us6000rn4x,https://earthquake.usgs.gov/fdsnws/event/1/query?eventid=us6000rn4x&format=geojson,,,0.0,green,reviewed,0,500,us,6000rn4x,",us6000rn4x,",",us,",",losspager,moment-tensor,origin,phase-data,shakemap,",61.0,27.17,0.61,56.0,mww,earthquake,M 5.7 - Pacific-Antarctic Ridge,-142.1304,-56.8484,10.0,us6000rn4x,2025-11-13 09:41:29.102000+00:00,2025,11,13,9,Faible,,4.1,2.5649493574615367
5.7,Greenland Sea,1762927409115,1770738907040,,https://earthquake.usgs.gov/earthquakes/eventpage/us6000rmwv,https://earthquake.usgs.gov/fdsnws/event/1/query?eventid=us6000rmwv&format=geojson,,,0.0,green,reviewed,0,500,us,6000rmwv,",usauto6000rmwv,pt25316000,us6000rmwv,",",usauto,pt,us,",",internal-moment-tensor,internal-origin,losspager,moment-tensor,origin,phase-data,shakemap,",138.0,5.119,0.64,25.0,mww,earthquake,M 5.7 - Greenland Sea,6.4773,73.1876,10.0,us6000rmwv,2025-11-12 06:03:29.115000+00:00,2025,11,12,6,Faible,,4.1,2.5649493574615367
5.3,"111 km E of Miyako, Japan",1762907362782,1770738907040,,https://earthquake.usgs.gov/earthquakes/eventpage/us6000rmvh,https://earthquake.usgs.gov/fdsnws/event/1/query?eventid=us6000rmvh&format=geojson,,,3.553,green,reviewed,0,432,us,6000rmvh,",usauto6000rmvh,us6000rmvh,",",usauto,us,",",internal-moment-tensor,losspager,moment-tensor,origin,phase-data,shakemap,",96.0,1.925,0.43,53.0,mww,earthquake,"M 5.3 - 111 km E of Miyako, Japan",143.2245,39.8001,35.0,us6000rmvh,2025-11-12 00:29:22.782000+00:00,2025,11,12,0,Faible,,4.1,2.5649493574615367
5.4,"21 km N of Antofagasta, Chile",1762771770720,1769724326040,,https://earthquake.usgs.gov/earthquakes/eventpage/us6000rmki,https://earthquake.usgs.gov/fdsnws/event/1/query?eventid=us6000rmki&format=geojson,19.0,5.3,4.954,green,reviewed,0,459,us,6000rmki,",us6000rmki,usauto6000rmki,",",us,usauto,",",dyfi,ground-failure,internal-moment-tensor,losspager,moment-tensor,origin,phase-data,shakemap,",110.0,0.132,1.08,48.0,mww,earthquake,"M 5.4 - 21 km N of Antofagasta, Chile",-70.4225,-23.4587,52.408,us6000rmki,2025-11-10 10:49:30.720000+00:00,2025,11,10,10,Faible,2.995732273553991,5.3,2.995732273553991
6.0,"129 km E of Yamada, Japan",1762759397302,1769724329040,,https://earthquake.usgs.gov/earthquakes/eventpage/us6000rmk2,https://earthquake.usgs.gov/fdsnws/event/1/query?eventid=us6000rmk2&format=geojson,5.0,3.1,3.758,green,reviewed,0,555,us,6000rmk2,",us6000rmk2,usauto6000rmk2,",",us,usauto,",",dyfi,ground-failure,internal-moment-tensor,losspager,moment-tensor,origin,phase-data,shakemap,",300.0,2.2,0.42,55.0,mww,earthquake,"M 6.0 - 129 km E of Yamada, Japan",143.4526,39.5665,11.0,us6000rmk2,2025-11-10 07:23:17.302000+00:00,2025,11,10,7,Faible,1.791759469228055,3.1,1.791759469228055
5.4,"101 km ESE of Yamada, Japan",1762743618485,1769724328040,,https://earthquake.usgs.gov/earthquakes/eventpage/us6000rmjg,https://earthquake.usgs.gov/fdsnws/event/1/query?eventid=us6000rmjg&format=geojson,,,3.607,green,reviewed,0,449,us,6000rmjg,",usauto6000rmjg,us6000rmjg,",",usauto,us,",",internal-moment-tensor,losspager,moment-tensor,origin,phase-data,shakemap,",171.0,2.214,0.57,46.0,mww,earthquake,"M 5.4 - 101 km ESE of Yamada, Japan",143.0813,39.2059,10.0,us6000rmjg,2025-11-10 03:00:18.485000+00:00,2025,11,10,3,Faible,,4.1,2.5649493574615367
5.3,"136 km E of Yamada, Japan",1762737651276,1769724328040,,https://earthquake.usgs.gov/earthquakes/eventpage/us6000rmj3,https://earthquake.usgs.gov/fdsnws/event/1/query?eventid=us6000rmj3&format=geojson,,,3.281,green,reviewed,0,432,us,6000rmj3,",usauto6000rmj3,us6000rmj3,",",usauto,us,",",internal-moment-tensor,losspager,moment-tensor,origin,phase-data,shakemap,",188.0,2.431,0.51,48.0,mww,earthquake,"M 5.3 - 136 km E of Yamada, Japan",143.5133,39.2464,9.114,us6000rmj3,2025-11-10 01:20:51.276000+00:00,2025,11,10,1,Faible,,4.1,2.5649493574615367
5.3,"19 km N of Yigo Village, Guam",1762728818316,1787526233045,,https://earthquake.usgs.gov/earthquakes/eventpage/us6000rmia,https://earthquake.usgs.gov/fdsnws/event/1/query?eventid=us6000rmia&format=geojson,60.0,4.3,4.155,green,reviewed,0,458,us,6000rmia,",pt25313003,us6000rmia,usauto6000rmia,",",pt,us,usauto,",",dyfi,event-sequence,internal-moment-tensor,losspager,moment-tensor,oaf,origin,phase-data,shakemap,",122.0,1.742,0.71,30.0,mww,earthquake,"M 5.3 - 19 km N of Yigo Village, Guam",144.8924,13.7161,106.009,us6000rmia,2025-11-09 22:53:38.316000+00:00,2025,11,9,22,Faible,4.110873864173311,4.3,4.110873864173311
5.3,"173 km SSE of Vilyuchinsk, Russia",1762686828507,1769724326040,,https://earthquake.usgs.gov/earthquakes/eventpage/us6000rmfg,https://earthquake.usgs.gov/fdsnws/event/1/query?eventid=us6000rmfg&format=geojson,,,3.696,green,reviewed,0,432,us,6000rmfg,",us6000rmfg,",",us,",",losspager,origin,phase-data,shakemap,",109.0,1.94,0.83,113.0,mb,earthquake,"M 5.3 - 173 km SSE of Vilyuchinsk, Russia",159.5788,51.5504,27.718,us6000rmfg,2025-11-09 11:13:48.507000+00:00,2025,11,9,11,Faible,,4.1,2.5649493574615367
5.7,"129 km E of Miyako, Japan",1762680504098,1769724328040,,https://earthquake.usgs.gov/earthquakes/eventpage/us6000rmex,https://earthquake.usgs.gov/fdsnws/event/1/query?eventid=us6000rmex&format=geojson,,,3.431,green,reviewed,0,500,us,6000rmex,",usauto6000rmex,us6000rmex,",",usauto,us,",",internal-moment-tensor,losspager,moment-tensor,origin,phase-data,shakemap,",87.0,2.172,0.67,96.0,mww,earthquake,"M 5.7 - 129 km E of Miyako, Japan",143.4497,39.612,10.0,us6000rmex,2025-11-09 09:28:24.098000+00:00,2025,11,9,9,Faible,,4.1,2.5649493574615367
5.4,"123 km E of Yamada, Japan",1762679447434,1769724329040,,https://earthquake.usgs.gov/earthquakes/eventpage/us6000rmet,https://earthquake.usgs.gov/fdsnws/event/1/query?eventid=us6000rmet&format=geojson,,,3.407,green,reviewed,0,449,us,6000rmet,",us6000rmet,",",us,",",losspager,moment-tensor,origin,phase-data,shakemap,",95.0,2.201,0.69,95.0,mww,earthquake,"M 5.4 - 123 km E of Yamada, Japan",143.385,39.4919,10.0,us6000rmet,2025-11-09 09:10:47.434000+00:00,2025,11,9,9,Faible,,4.1,2.5649493574615367
6.4,"117 km E of Yamada, Japan",1762678476914,1769724327040,,https://earthquake.usgs.gov/earthquakes/eventpage/us6000rmep,https://earthquake.usgs.gov/fdsnws/event/1/query?eventid=us6000rmep&format=geojson,13.0,3.8,4.219,green,reviewed,0,635,us,6000rmep,",us6000rmep,usauto6000rmep,at00t5gbf3,pt25313002,",",us,usauto,at,pt,",",dyfi,ground-failure,internal-moment-tensor,internal-origin,losspager,moment-tensor,origin,phase-data,shakemap,",127.0,2.151,0.64,83.0,mww,earthquake,"M 6.4 - 117 km E of Yamada, Japan",143.3097,39.4971,10.0,us6000rmep,2025-11-09 08:54:36.914000+00:00,2025,11,9,8,Faible,2.6390573296152584,3.8,2.6390573296152584
5.6,"124 km E of Yamada, Japan",1762677241979,1769724330040,,https://earthquake.usgs.gov/earthquakes/eventpage/us6000rmeh,https://earthquake.usgs.gov/fdsnws/event/1/query?eventid=us6000rmeh&format=geojson,,,3.362,green,reviewed,0,482,us,6000rmeh,",usauto6000rmeh,us6000rmeh,",",usauto,us,",",internal-moment-tensor,losspager,moment-tensor,origin,phase-data,shakemap,",82.0,2.225,0.66,98.0,mww,earthquake,"M 5.6 - 124 km E of Yamada, Japan",143.3924,39.4599,10.0,us6000rmeh,2025-11-09 08:34:01.979000+00:00,2025,11,9,8,Faible,,4.1,2.5649493574615367
5.9,"125 km E of Yamada, Japan",1762676092924,1769724327040,,https://earthquake.usgs.gov/earthquakes/eventpage/us6000rmed,https://earthquake.usgs.gov/fdsnws/event/1/query?eventid=us6000rmed&format=geojson,,,3.668,green,reviewed,0,536,us,6000rmed,",us6000rmed,",",us,",",losspager,moment-tensor,origin,phase-data,shakemap,",88.0,2.3,0.67,95.0,mww,earthquake,"M 5.9 - 125 km E of Yamada, Japan",143.4026,39.3485,10.0,us6000rmed,2025-11-09 08:14:52.924000+00:00,2025,11,9,8,Faible,,4.1,2.5649493574615367
5.5,"110 km E of Yamada, Japan",1762675885423,1769724333040,,https://earthquake.usgs.gov/earthquakes/eventpage/us6000rmee,https://earthquake.usgs.gov/fdsnws/event/1/query?eventid=us6000rmee&format=geojson,,,3.613,green,reviewed,0,465,us,6000rmee,",us6000rmee,",",us,",",losspager,origin,phase-data,shakemap,",96.0,2.054,0.85,123.0,mb,earthquake,"M 5.5 - 110 km E of Yamada, Japan",143.2297,39.5772,10.0,us6000rmee,2025-11-09 08:11:25.423000+00:00,2025,11,9,8,Faible,,4.1,2.5649493574615367
6.8,"122 km E of Yamada, Japan",1762675419367,1769724330040,,https://earthquake.usgs.gov/earthquakes/eventpage/us6000rmea,https://earthquake.usgs.gov/fdsnws/event/1/query?eventid=us6000rmea&format=geojson,26.0,4.8,4.74,green,reviewed,1,724,us,6000rmea,",at00t5g926,pt25313001,us6000rmea,usauto6000rmea,",",at,pt,us,usauto,",",dyfi,ground-failure,impact-link,impact-text,internal-moment-tensor,internal-origin,losspager,moment-tensor,origin,phase-data,shakemap,",117.0,2.201,0.73,46.0,mww,earthquake,"M 6.8 - 122 km E of Yamada, Japan",143.3782,39.485,18.0,us6000rmea,2025-11-09 08:03:39.367000+00:00,2025,11,9,8,Faible,3.295836866004329,4.8,3.295836866004329
5.4,"143 km NE of Port Blair, India",1762670311475,1769724330040,,https://earthquake.usgs.gov/earthquakes/eventpage/us6000rmdj,https://earthquake.usgs.gov/fdsnws/event/1/query?eventid=us6000rmdj&format=geojson,3.0,2.7,3.631,green,reviewed,0,449,us,6000rmdj,",us6000rmdj,usauto6000rmdj,pt25313000,",",us,usauto,pt,",",dyfi,internal-moment-tensor,internal-origin,losspager,moment-tensor,origin,phase-data,shakemap,",103.0,4.923,0.78,50.0,mww,earthquake,"M 5.4 - 143 km NE of Port Blair, India",93.7511,12.4989,132.652,us6000rmdj,2025-11-09 06:38:31.475000+00:00,2025,11,9,6,Faible,1.3862943611198906,2.7,1.3862943611198906
5.6,"126 km E of Yamada, Japan",1762640108771,1769724330040,,https://earthquake.usgs.gov/earthquakes/eventpage/us6000rmaw,https://earthquake.usgs.gov/fdsnws/event/1/query?eventid=us6000rmaw&format=geojson,3.0,3.1,3.354,green,reviewed,0,483,us,6000rmaw,",us6000rmaw,usauto6000rmaw,",",us,usauto,",",dyfi,internal-moment-tensor,losspager,moment-tensor,origin,phase-data,shakemap,",102.0,2.214,0.6,89.0,mww,earthquake,"M 5.6 - 126 km E of Yamada, Japan",143.416,39.5022,16.186,us6000rmaw,2025-11-08 22:15:08.771000+00:00,2025,11,8,22,Faible,1.3862943611198906,3.1,1.3862943611198906
5.4,"119 km E of Yamada, Japan",1762635857334,1769724328040,,https://earthquake.usgs.gov/earthquakes/eventpage/us6000rmai,https://earthquake.usgs.gov/fdsnws/event/1/query?eventid=us6000rmai&format=geojson,0.0,1.0,3.425,green,reviewed,0,449,us,6000rmai,",us6000rmai,usauto6000rmai,",",us,usauto,",",dyfi,internal-moment-tensor,losspager,moment-tensor,origin,phase-data,shakemap,",118.0,2.21,0.8,68.0,mww,earthquake,"M 5.4 - 119 km E of Yamada, Japan",143.3379,39.4294,12.152,us6000rmai,2025-11-08 21:04:17.334000+00:00,2025,11,8,21,Faible,0.0,1.0,0.0
5.6,Fiji region,1762575303680,1769724328040,,https://earthquake.usgs.gov/earthquakes/eventpage/us6000rm7z,https://earthquake.usgs.gov/fdsnws/event/1/query?eventid=us6000rm7z&format=geojson,,,1.916,green,reviewed,0,482,us,6000rm7z,",usauto6000rm7z,us6000rm7z,",",usauto,us,",",internal-moment-tensor,losspager,moment-tensor,origin,phase-data,shakemap,",85.0,3.379,0.86,34.0,mww,earthquake,M 5.6 - Fiji region,-177.797,-18.5156,496.098,us6000rm7z,2025-11-08 04:15:03.680000+00:00,2025,11,8,4,Faible,,4.1,2.5649493574615367
5.6,"75 km NNE of Santa Rosalía, Mexico",1762517070070,1769724329040,,https://earthquake.usgs.gov/earthquakes/eventpage/us6000rm2p,https://earthquake.usgs.gov/fdsnws/event/1/query?eventid=us6000rm2p&format=geojson,18.0,3.3,4.283,green,reviewed,0,488,us,6000rm2p,",us6000rm2p,usauto6000rm2p,pt25311000,",",us,usauto,pt,",",dyfi,impact-text,internal-moment-tensor,internal-origin,losspager,moment-tensor,origin,phase-data,shakemap,",77.0,0.684,0.46,54.0,mww,earthquake,"M 5.6 - 75 km NNE of Santa Rosalía, Mexico",-111.8864,27.9293,10.0,us6000rm2p,2025-11-07 12:04:30.070000+00:00,2025,11,7,12,Faible,2.9444389791664403,3.3,2.9444389791664403
5.6,South Sandwich Islands region,1762380227470,1769724330040,,https://earthquake.usgs.gov/earthquakes/eventpage/us6000rls2,https://earthquake.usgs.gov/fdsnws/event/1/query?eventid=us6000rls2&format=geojson,,,3.334,green,reviewed,0,482,us,6000rls2,",usauto6000rls2,us6000rls2,",",usauto,us,",",internal-moment-tensor,losspager,moment-tensor,origin,phase-data,shakemap,",155.0,16.549,0.67,26.0,mww,earthquake,M 5.6 - South Sandwich Islands region,-25.2205,-57.9633,23.0,us6000rls2,2025-11-05 22:03:47.470000+00:00,2025,11,5,22,Faible,,4.1,2.5649493574615367
5.7,"107 km S of Severo-Kuril’sk, Russia",1762300167228,1769536748040,,https://earthquake.usgs.gov/earthquakes/eventpage/us6000rlji,https://earthquake.usgs.gov/fdsnws/event/1/query?eventid=us6000rlji&format=geojson,,,4.193,green,reviewed,0,500,us,6000rlji,",us6000rlji,",",us,",",losspager,moment-tensor,origin,phase-data,shakemap,",124.0,3.579,0.55,45.0,mww,earthquake,"M 5.7 - 107 km S of Severo-Kuril’sk, Russia",155.8574,49.7248,71.01,us6000rlji,2025-11-04 23:49:27.228000+00:00,2025,11,4,23,Faible,,4.1,2.5649493574615367
5.9,"73 km S of Gorontalo, Indonesia",1762299142984,1769536748040,,https://earthquake.usgs.gov/earthquakes/eventpage/us6000rlim,https://earthquake.usgs.gov/fdsnws/event/1/query?eventid=us6000rlim&format=geojson,,,4.16,green,reviewed,0,536,us,6000rlim,",us6000rlim,usauto6000rlim,at00t586q1,",",us,usauto,at,",",impact-text,internal-moment-tensor,internal-origin,losspager,moment-tensor,origin,phase-data,shakemap,",136.0,2.592,0.75,18.0,mww,earthquake,"M 5.9 - 73 km S of Gorontalo, Indonesia",123.0647,-0.1246,114.629,us6000rlim,2025-11-04 23:32:22.984000+00:00,2025,11,4,23,Faible,,4.1,2.5649493574615367
6.0,"149 km SE of Petropavlovsk-Kamchatsky, Russia",1762298939236,1769536748040,,https://earthquake.usgs.gov/earthquakes/eventpage/us6000rlik,https://earthquake.usgs.gov/fdsnws/event/1/query?eventid=us6000rlik&format=geojson,,,3.904,green,reviewed,0,554,us,6000rlik,",us6000rlik,usauto6000rlik,pt25308004,at00t586j5,",",us,usauto,pt,at,",",ground-failure,internal-moment-tensor,internal-origin,losspager,moment-tensor,origin,phase-data,shakemap,",103.0,1.818,0.63,67.0,mww,earthquake,"M 6.0 - 149 km SE of Petropavlovsk-Kamchatsky, Russia",160.1897,52.1115,28.0,us6000rlik,2025-11-04 23:28:59.236000+00:00,2025,11,4,23,Faible,,4.1,2.5649493574615367
6.0,"191 km WSW of Merizo Village, Guam",1762241842906,1787644055721,,https://earthquake.usgs.gov/earthquakes/eventpage/us6000rlcd,https://earthquake.usgs.gov/fdsnws/event/1/query?eventid=us6000rlcd&format=geojson,12.0,3.8,3.448,green,reviewed,0,558,us,6000rlcd,",pt25308003,us6000rlcd,usauto6000rlcd,",",pt,us,usauto,",",dyfi,event-sequence,internal-moment-tensor,internal-origin,losspager,moment-tensor,oaf,origin,phase-data,shakemap,",136.0,2.06,0.91,30.0,mww,earthquake,"M 6.0 - 191 km WSW of Merizo Village, Guam",143.1427,12.3924,65.0,us6000rlcd,2025-11-04 07:37:22.906000+00:00,2025,11,4,7,Faible,2.5649493574615367,3.8,2.5649493574615367
5.4,"153 km SE of Petropavlovsk-Kamchatsky, Russia",1762237703703,1769536748040,,https://earthquake.usgs.gov/earthquakes/eventpage/us6000rlc6,https://earthquake.usgs.gov/fdsnws/event/1/query?eventid=us6000rlc6&format=geojson,,,3.537,green,reviewed,0,449,us,6000rlc6,",usauto6000rlc6,pt25308002,us6000rlc6,",",usauto,pt,us,",",internal-moment-tensor,internal-origin,losspager,moment-tensor,origin,phase-data,shakemap,",138.0,1.88,0.9,112.0,mww,earthquake,"M 5.4 - 153 km SE of Petropavlovsk-Kamchatsky, Russia",160.4139,52.215,10.0,us6000rlc6,2025-11-04 06:28:23.703000+00:00,2025,11,4,6,Faible,,4.1,2.5649493574615367
5.5,"136 km SE of Petropavlovsk-Kamchatsky, Russia",1762231528458,1769536747040,,https://earthquake.usgs.gov/earthquakes/eventpage/us6000rlbm,https://earthquake.usgs.gov/fdsnws/event/1/query?eventid=us6000rlbm&format=geojson,,,3.798,green,reviewed,0,465,us,6000rlbm,",usauto6000rlbm,pt25308001,us6000rlbm,",",usauto,pt,us,",",internal-moment-tensor,internal-origin,losspager,moment-tensor,origin,phase-data,shakemap,",243.0,1.74,0.81,107.0,mww,earthquake,"M 5.5 - 136 km SE of Petropavlovsk-Kamchatsky, Russia",160.2958,52.3774,10.0,us6000rlbm,2025-11-04 04:45:28.458000+00:00,2025,11,4,4,Faible,,4.1,2.5649493574615367
5.9,"155 km SE of Petropavlovsk-Kamchatsky, Russia",1762227909865,1769536747040,,https://earthquake.usgs.gov/earthquakes/eventpage/us6000rlbe,https://earthquake.usgs.gov/fdsnws/event/1/query?eventid=us6000rlbe&format=geojson,,,3.779,green,reviewed,0,536,us,6000rlbe,",us6000rlbe,usauto6000rlbe,pt25308000,at00t56nrb,",",us,usauto,pt,at,",",ground-failure,internal-moment-tensor,internal-origin,losspager,moment-tensor,origin,phase-data,shakemap,",293.0,1.896,0.78,57.0,mww,earthquake,"M 5.9 - 155 km SE of Petropavlovsk-Kamchatsky, Russia",160.4064,52.1744,20.0,us6000rlbe,2025-11-04 03:45:09.865000+00:00,2025,11,4,3,Faible,,4.1,2.5649493574615367
5.3,"123 km ENE of Ozernovskiy, Russia",1762198733920,1769536747040,,https://earthquake.usgs.gov/earthquakes/eventpage/us6000rl8b,https://earthquake.usgs.gov/fdsnws/event/1/query?eventid=us6000rl8b&format=geojson,,,4.437,green,reviewed,0,432,us,6000rl8b,",usauto6000rl8b,us6000rl8b,",",usauto,us,",",internal-moment-tensor,losspager,moment-tensor,origin,phase-data,shakemap,",116.0,1.393,0.68,113.0,mww,earthquake,"M 5.3 - 123 km ENE of Ozernovskiy, Russia",158.237,51.7565,68.205,us6000rl8b,2025-11-03 19:38:53.920000+00:00,2025,11,3,19,Faible,,4.1,2.5649493574615367
5.5,"111 km W of Copiapó, Chile",1762185114851,1769536747040,,https://earthquake.usgs.gov/earthquakes/eventpage/us6000rl7b,https://earthquake.usgs.gov/fdsnws/event/1/query?eventid=us6000rl7b&format=geojson,4.0,3.8,4.117,green,reviewed,0,467,us,6000rl7b,",us6000rl7b,usauto6000rl7b,",",us,usauto,",",dyfi,internal-moment-tensor,losspager,moment-tensor,origin,phase-data,shakemap,",119.0,0.611,0.76,66.0,mww,earthquake,"M 5.5 - 111 km W of Copiapó, Chile",-71.4617,-27.4251,24.772,us6000rl7b,2025-11-03 15:51:54.851000+00:00,2025,11,3,15,Faible,1.6094379124341003,3.8,1.6094379124341003
6.1,"142 km SE of Petropavlovsk-Kamchatsky, Russia",1762159483281,1769536746040,,https://earthquake.usgs.gov/earthquakes/eventpage/us6000rl5i,https://earthquake.usgs.gov/fdsnws/event/1/query?eventid=us6000rl5i&format=geojson,,,4.035,green,reviewed,0,572,us,6000rl5i,",us6000rl5i,usauto6000rl5i,pt25307001,",",us,usauto,pt,",",ground-failure,internal-moment-tensor,internal-origin,losspager,moment-tensor,origin,phase-data,shakemap,",140.0,1.773,0.59,77.0,mww,earthquake,"M 6.1 - 142 km SE of Petropavlovsk-Kamchatsky, Russia",160.2108,52.2143,29.0,us6000rl5i,2025-11-03 08:44:43.281000+00:00,2025,11,3,8,Faible,,4.1,2.5649493574615367
5.7,"149 km SE of Petropavlovsk-Kamchatsky, Russia",1762153874515,1769536752040,,https://earthquake.usgs.gov/earthquakes/eventpage/us6000rpn4,https://earthquake.usgs.gov/fdsnws/event/1/query?eventid=us6000rpn4&format=geojson,,,3.634,green,reviewed,0,500,us,6000rpn4,",us6000rpn4,",",us,",",losspager,moment-tensor,origin,phase-data,shakemap,",38.0,1.818,0.81,118.0,mb,earthquake,"M 5.7 - 149 km SE of Petropavlovsk-Kamchatsky, Russia",160.2121,52.1303,35.0,us6000rpn4,2025-11-03 07:11:14.515000+00:00,2025,11,3,7,Faible,,4.1,2.5649493574615367
5.9,"131 km SE of Petropavlovsk-Kamchatsky, Russia",1762153824638,1769536746040,,https://earthquake.usgs.gov/earthquakes/eventpage/us6000rl55,https://earthquake.usgs.gov/fdsnws/event/1/query?eventid=us6000rl55&format=geojson,,,3.9,green,reviewed,0,536,us,6000rl55,",usauto6000rl55,at00t552le,pt25307000,us6000rl55,ak025e3u8mbd,",",usauto,at,pt,us,ak,",",internal-moment-tensor,internal-origin,losspager,moment-tensor,origin,phase-data,shakemap,",139.0,1.661,0.68,76.0,mww,earthquake,"M 5.9 - 131 km SE of Petropavlovsk-Kamchatsky, Russia",160.0415,52.2583,22.0,us6000rl55,2025-11-03 07:10:24.638000+00:00,2025,11,3,7,Faible,,4.1,2.5649493574615367
6.2,"30 km SE of Mazār-e Sharīf, Afghanistan",1762115342008,1787589264050,,https://earthquake.usgs.gov/earthquakes/eventpage/us6000rl31,https://earthquake.usgs.gov/fdsnws/event/1/query?eventid=us6000rl31&format=geojson,66.0,6.3,7.183,orange,reviewed,0,1042,us,6000rl31,",us6000rl31,usauto6000rl31,pt25306000,at00t548wf,",",us,usauto,pt,at,",",dyfi,event-sequence,ground-failure,impact-text,internal-moment-tensor,internal-origin,losspager,moment-tensor,oaf,origin,phase-data,shakemap,",118.0,2.47,0.86,46.0,mww,earthquake,"M 6.2 - 30 km SE of Mazār-e Sharīf, Afghanistan",67.3886,36.5461,28.0,us6000rl31,2025-11-02 20:29:02.008000+00:00,2025,11,2,20,Sévère,4.204692619390966,6.3,4.204692619390966
5.5,"13 km WSW of Mabinay, Philippines",1762110413955,1769536745040,,https://earthquake.usgs.gov/earthquakes/eventpage/us6000rl2n,https://earthquake.usgs.gov/fdsnws/event/1/query?eventid=us6000rl2n&format=geojson,17.0,4.3,4.037,green,reviewed,0,473,us,6000rl2n,",us6000rl2n,usauto6000rl2n,",",us,usauto,",",dyfi,internal-moment-tensor,losspager,moment-tensor,origin,phase-data,shakemap,",97.0,3.787,0.97,29.0,mww,earthquake,"M 5.5 - 13 km WSW of Mabinay, Philippines",122.7895,9.6799,114.908,us6000rl2n,2025-11-02 19:06:53.955000+00:00,2025,11,2,19,Faible,2.8903717578961645,4.3,2.8903717578961645
5.9,southeast Indian Ridge,1761944004349,1769536743040,,https://earthquake.usgs.gov/earthquakes/eventpage/us6000rktg,https://earthquake.usgs.gov/fdsnws/event/1/query?eventid=us6000rktg&format=geojson,,,0.0,green,reviewed,0,536,us,6000rktg,",usauto6000rktg,at00t50kp3,us6000rktg,",",usauto,at,us,",",internal-moment-tensor,internal-origin,losspager,moment-tensor,origin,phase-data,shakemap,",288.0,18.465,0.55,27.0,mww,earthquake,M 5.9 - southeast Indian Ridge,96.8417,-45.2902,8.0,us6000rktg,2025-10-31 20:53:24.349000+00:00,2025,10,31,20,Faible,,4.1,2.5649493574615367
5.4,south of the Fiji Islands,1761933401556,1769536743040,,https://earthquake.usgs.gov/earthquakes/eventpage/us6000rkpc,https://earthquake.usgs.gov/fdsnws/event/1/query?eventid=us6000rkpc&format=geojson,,,1.0,green,reviewed,0,449,us,6000rkpc,",usauto6000rkpc,us6000rkpc,",",usauto,us,",",internal-moment-tensor,losspager,origin,phase-data,shakemap,",261.0,5.934,0.68,17.0,mww,earthquake,M 5.4 - south of the Fiji Islands,179.9604,-23.433,529.356,us6000rkpc,2025-10-31 17:56:41.556000+00:00,2025,10,31,17,Faible,,4.1,2.5649493574615367
5.4,"48 km ESE of Fox River, Alaska",1761845594566,1787247800472,,https://earthquake.usgs.gov/earthquakes/eventpage/ak025dxe5mlz,https://earthquake.usgs.gov/fdsnws/event/1/query?eventid=ak025dxe5mlz&format=geojson,2179.0,5.6,4.943,green,reviewed,1,1009,ak,025dxe5mlz,",ak025dxe5mlz,at00t4ygrd,usauto6000rker,pt25303000,us6000rker,",",ak,at,usauto,pt,us,",",dyfi,event-sequence,impact-link,internal-moment-tensor,internal-origin,losspager,moment-tensor,oaf,origin,phase-data,shakemap,",,,0.79,,ml,earthquake,"M 5.4 - 48 km ESE of Fox River, Alaska",-150.2328,59.6308,23.6,ak025dxe5mlz,2025-10-30 17:33:14.566000+00:00,2025,10,30,17,Faible,7.687080155783135,5.6,7.687080155783135
5.5,Kermadec Islands region,1761814324371,1769536742040,,https://earthquake.usgs.gov/earthquakes/eventpage/us6000rkc0,https://earthquake.usgs.gov/fdsnws/event/1/query?eventid=us6000rkc0&format=geojson,,,2.327,green,reviewed,0,465,us,6000rkc0,",usauto6000rkc0,us6000rkc0,",",usauto,us,",",internal-moment-tensor,losspager,moment-tensor,origin,phase-data,shakemap,",119.0,10.215,0.57,72.0,mww,earthquake,M 5.5 - Kermadec Islands region,-178.3345,-27.447,288.531,us6000rkc0,2025-10-30 08:52:04.371000+00:00,2025,10,30,8,Faible,,4.1,2.5649493574615367
5.4,"107 km WNW of Höfn, Iceland",1761756389853,1769536741040,,https://earthquake.usgs.gov/earthquakes/eventpage/us6000rk65,https://earthquake.usgs.gov/fdsnws/event/1/query?eventid=us6000rk65&format=geojson,,,7.574,green,reviewed,0,449,us,6000rk65,",us6000rk65,usauto6000rk65,",",us,usauto,",",ground-failure,internal-moment-tensor,losspager,moment-tensor,origin,phase-data,shakemap,",93.0,1.744,0.82,74.0,mww,earthquake,"M 5.4 - 107 km WNW of Höfn, Iceland",-17.2809,64.6209,10.0,us6000rk65,2025-10-29 16:46:29.853000+00:00,2025,10,29,16,Faible,,4.1,2.5649493574615367
5.4,off the coast of Oregon,1761746423094,1787753438210,,https://earthquake.usgs.gov/earthquakes/eventpage/us6000rk5r,https://earthquake.usgs.gov/fdsnws/event/1/query?eventid=us6000rk5r&format=geojson,13.0,2.2,0.0,green,reviewed,1,451,us,6000rk5r,",us6000rk5r,at00t4wc8s,ak025dvonsew,",",us,at,ak,",",dyfi,event-sequence,impact-link,losspager,moment-tensor,oaf,origin,phase-data,shakemap,",195.0,3.066,0.51,171.0,mww,earthquake,M 5.4 - off the coast of Oregon,-129.6821,44.381,10.0,us6000rk5r,2025-10-29 14:00:23.094000+00:00,2025,10,29,14,Faible,2.6390573296152584,2.2,2.6390573296152584
5.5,southern Mid-Atlantic Ridge,1761718605105,1769536741040,,https://earthquake.usgs.gov/earthquakes/eventpage/us6000rk4f,https://earthquake.usgs.gov/fdsnws/event/1/query?eventid=us6000rk4f&format=geojson,,,0.0,green,reviewed,0,465,us,6000rk4f,",usauto6000rk4f,us6000rk4f,",",usauto,us,",",internal-moment-tensor,losspager,moment-tensor,origin,phase-data,shakemap,",105.0,16.859,0.53,34.0,mww,earthquake,M 5.5 - southern Mid-Atlantic Ridge,-12.216,-47.2049,10.0,us6000rk4f,2025-10-29 06:16:45.105000+00:00,2025,10,29,6,Faible,,4.1,2.5649493574615367
6.4,Banda Sea,1761662418481,1768517219040,,https://earthquake.usgs.gov/earthquakes/eventpage/us6000rjx3,https://earthquake.usgs.gov/fdsnws/event/1/query?eventid=us6000rjx3&format=geojson,17.0,3.1,4.304,green,reviewed,0,635,us,6000rjx3,",us6000rjx3,usauto6000rjx3,pt25301000,at00t4ujf6,",",us,usauto,pt,at,",",dyfi,ground-failure,internal-moment-tensor,internal-origin,losspager,moment-tensor,origin,phase-data,shakemap,",263.0,2.165,0.67,16.0,mww,earthquake,M 6.4 - Banda Sea,129.9887,-6.7001,142.0,us6000rjx3,2025-10-28 14:40:18.481000+00:00,2025,10,28,14,Faible,2.8903717578961645,3.1,2.8903717578961645
5.6,"102 km ESE of Severo-Kuril’sk, Russia",1761635184029,1768517218040,,https://earthquake.usgs.gov/earthquakes/eventpage/us6000rjvf,https://earthquake.usgs.gov/fdsnws/event/1/query?eventid=us6000rjvf&format=geojson,,,3.792,green,reviewed,0,482,us,6000rjvf,",usauto6000rjvf,us6000rjvf,",",usauto,us,",",internal-moment-tensor,losspager,moment-tensor,origin,phase-data,shakemap,",97.0,2.876,1.04,97.0,mww,earthquake,"M 5.6 - 102 km ESE of Severo-Kuril’sk, Russia",157.3965,50.2426,31.0,us6000rjvf,2025-10-28 07:06:24.029000+00:00,2025,10,28,7,Faible,,4.1,2.5649493574615367
6.0,"7 km SE of Sındırgı, Turkey",1761594508767,1768517217040,,https://earthquake.usgs.gov/earthquakes/eventpage/us6000rjsu,https://earthquake.usgs.gov/fdsnws/event/1/query?eventid=us6000rjsu&format=geojson,193.0,7.7,8.059,yellow,reviewed,0,799,us,6000rjsu,",us6000rjsu,usauto6000rjsu,pt25300003,at00t4t30w,",",us,usauto,pt,at,",",dyfi,ground-failure,impact-text,internal-moment-tensor,internal-origin,losspager,moment-tensor,origin,phase-data,shakemap,",130.0,1.047,0.6,21.0,mww,earthquake,"M 6.0 - 7 km SE of Sındırgı, Turkey",28.2425,39.1937,8.0,us6000rjsu,2025-10-27 19:48:28.767000+00:00,2025,10,27,19,Modéré,5.267858159063328,7.7,5.267858159063328
5.4,"157 km E of Beauséjour, Guadeloupe",1761571611532,1768517217040,,https://earthquake.usgs.gov/earthquakes/eventpage/us6000rjr7,https://earthquake.usgs.gov/fdsnws/event/1/query?eventid=us6000rjr7&format=geojson,,,2.642,green,reviewed,0,449,us,6000rjr7,",usauto6000rjr7,pt25300002,us6000rjr7,",",usauto,pt,us,",",internal-moment-tensor,internal-origin,losspager,moment-tensor,origin,phase-data,shakemap,",136.0,1.394,0.68,37.0,mww,earthquake,"M 5.4 - 157 km E of Beauséjour, Guadeloupe",-59.6184,16.5098,10.0,us6000rjr7,2025-10-27 13:26:51.532000+00:00,2025,10,27,13,Faible,,4.1,2.5649493574615367
5.7,"166 km E of Beauséjour, Guadeloupe",1761569699210,1768517217040,,https://earthquake.usgs.gov/earthquakes/eventpage/us6000rjqj,https://earthquake.usgs.gov/fdsnws/event/1/query?eventid=us6000rjqj&format=geojson,8.0,3.4,3.174,green,reviewed,0,503,us,6000rjqj,",us6000rjqj,",",us,",",dyfi,ground-failure,losspager,moment-tensor,origin,phase-data,shakemap,",145.0,1.481,0.68,28.0,mww,earthquake,"M 5.7 - 166 km E of Beauséjour, Guadeloupe",-59.5269,16.5156,10.0,us6000rjqj,2025-10-27 12:54:59.210000+00:00,2025,10,27,12,Faible,2.1972245773362196,3.4,2.1972245773362196
6.5,"164 km E of Beauséjour, Guadeloupe",1761568720364,1768517216040,,https://earthquake.usgs.gov/earthquakes/eventpage/us6000rjq8,https://earthquake.usgs.gov/fdsnws/event/1/query?eventid=us6000rjq8&format=geojson,120.0,4.3,3.866,green,reviewed,1,702,us,6000rjq8,",pt25300000,at00t4sj4k,us6000rjq8,usauto6000rjq8,",",pt,at,us,usauto,",",dyfi,ground-failure,impact-link,internal-moment-tensor,internal-origin,losspager,moment-tensor,origin,phase-data,shakemap,",161.0,1.456,0.71,21.0,mww,earthquake,"M 6.5 - 164 km E of Beauséjour, Guadeloupe",-59.5574,16.5419,9.0,us6000rjq8,2025-10-27 12:38:40.364000+00:00,2025,10,27,12,Faible,4.795790545596741,4.3,4.795790545596741
6.2,"57 km NW of Pante Makasar, Timor Leste",1761498265617,1768517215040,,https://earthquake.usgs.gov/earthquakes/eventpage/us6000rjkv,https://earthquake.usgs.gov/fdsnws/event/1/query?eventid=us6000rjkv&format=geojson,10.0,4.1,5.286,green,reviewed,0,595,us,6000rjkv,",us6000rjkv,usauto6000rjkv,pt25299000,at00t4r0rf,",",us,usauto,pt,at,",",dyfi,ground-failure,internal-moment-tensor,internal-origin,losspager,moment-tensor,origin,phase-data,shakemap,",108.0,0.938,0.93,20.0,mww,earthquake,"M 6.2 - 57 km NW of Pante Makasar, Timor Leste",123.9887,-8.8524,75.0,us6000rjkv,2025-10-26 17:04:25.617000+00:00,2025,10,26,17,Faible,2.3978952727983707,4.1,2.3978952727983707
6.0,"194 km SSE of Lata, Solomon Islands",1761434882544,1768517213040,,https://earthquake.usgs.gov/earthquakes/eventpage/us6000rjhm,https://earthquake.usgs.gov/fdsnws/event/1/query?eventid=us6000rjhm&format=geojson,,,4.269,green,reviewed,0,554,us,6000rjhm,",us6000rjhm,usauto6000rjhm,at00t4pnut,pt25298000,",",us,usauto,at,pt,",",ground-failure,internal-moment-tensor,internal-origin,losspager,moment-tensor,origin,phase-data,shakemap,",100.0,6.978,0.97,54.0,mww,earthquake,"M 6.0 - 194 km SSE of Lata, Solomon Islands",166.4018,-12.3757,34.0,us6000rjhm,2025-10-25 23:28:02.544000+00:00,2025,10,25,23,Faible,,4.1,2.5649493574615367
5.3,southeast Indian Ridge,1761409874178,1768517213040,,https://earthquake.usgs.gov/earthquakes/eventpage/us6000rjgf,https://earthquake.usgs.gov/fdsnws/event/1/query?eventid=us6000rjgf&format=geojson,,,0.0,green,reviewed,0,432,us,6000rjgf,",usauto6000rjgf,us6000rjgf,",",usauto,us,",",internal-moment-tensor,losspager,origin,phase-data,shakemap,",190.0,18.424,0.53,27.0,mww,earthquake,M 5.3 - southeast Indian Ridge,96.7593,-45.2564,10.0,us6000rjgf,2025-10-25 16:31:14.178000+00:00,2025,10,25,16,Faible,,4.1,2.5649493574615367
5.3,"78 km S of Severo-Kuril’sk, Russia",1761390788373,1768933082040,,https://earthquake.usgs.gov/earthquakes/eventpage/us6000rjf1,https://earthquake.usgs.gov/fdsnws/event/1/query?eventid=us6000rjf1&format=geojson,,,4.1,green,reviewed,0,432,us,6000rjf1,",usauto6000rjf1,us6000rjf1,",",usauto,us,",",internal-moment-tensor,losspager,moment-tensor,origin,phase-data,shakemap,",207.0,3.309,0.58,63.0,mww,earthquake,"M 5.3 - 78 km S of Severo-Kuril’sk, Russia",156.0133,49.9754,60.22,us6000rjf1,2025-10-25 11:13:08.373000+00:00,2025,10,25,11,Faible,,4.1,2.5649493574615367
4.6,"14 km SE of Skwentna, Alaska",1761336206351,1768517211040,,https://earthquake.usgs.gov/earthquakes/eventpage/ak025dnijfwa,https://earthquake.usgs.gov/fdsnws/event/1/query?eventid=ak025dnijfwa&format=geojson,667.0,4.1,3.654,green,reviewed,0,599,ak,025dnijfwa,",ak025dnijfwa,us6000rjaa,",",ak,us,",",dyfi,losspager,moment-tensor,origin,phase-data,shakemap,",,,0.81,,ml,earthquake,"M 4.6 - 14 km SE of Skwentna, Alaska",-151.2428,61.8836,66.5,ak025dnijfwa,2025-10-24 20:03:26.351000+00:00,2025,10,24,20,Faible,6.504288173536645,4.1,6.504288173536645
5.7,"41 km SSE of Nemuro, Japan",1761324009289,1768517210040,,https://earthquake.usgs.gov/earthquakes/eventpage/us6000rj9f,https://earthquake.usgs.gov/fdsnws/event/1/query?eventid=us6000rj9f&format=geojson,1.0,2.2,4.644,green,reviewed,0,500,us,6000rj9f,",us6000rj9f,usauto6000rj9f,",",us,usauto,",",dyfi,ground-failure,internal-moment-tensor,losspager,moment-tensor,origin,phase-data,shakemap,",146.0,2.143,1.11,60.0,mww,earthquake,"M 5.7 - 41 km SSE of Nemuro, Japan",145.7509,42.9716,34.0,us6000rj9f,2025-10-24 16:40:09.289000+00:00,2025,10,24,16,Faible,0.6931471805599453,2.2,0.6931471805599453
5.6,"213 km WSW of Tual, Indonesia",1761219969743,1768517208040,,https://earthquake.usgs.gov/earthquakes/eventpage/us6000riuj,https://earthquake.usgs.gov/fdsnws/event/1/query?eventid=us6000riuj&format=geojson,1.0,2.0,3.608,green,reviewed,0,483,us,6000riuj,",us6000riuj,usauto6000riuj,",",us,usauto,",",dyfi,internal-moment-tensor,losspager,moment-tensor,origin,phase-data,shakemap,",119.0,1.993,0.93,18.0,mww,earthquake,"M 5.6 - 213 km WSW of Tual, Indonesia",130.9239,-6.2493,85.0,us6000riuj,2025-10-23 11:46:09.743000+00:00,2025,10,23,11,Faible,0.6931471805599453,2.0,0.6931471805599453
5.6,"183 km SSE of Vilyuchinsk, Russia",1761186688443,1768517208040,,https://earthquake.usgs.gov/earthquakes/eventpage/us6000risn,https://earthquake.usgs.gov/fdsnws/event/1/query?eventid=us6000risn&format=geojson,,,3.647,green,reviewed,0,482,us,6000risn,",usauto6000risn,pt25296000,us6000risn,",",usauto,pt,us,",",internal-moment-tensor,internal-origin,losspager,moment-tensor,origin,phase-data,shakemap,",97.0,1.687,0.94,123.0,mww,earthquake,"M 5.6 - 183 km SSE of Vilyuchinsk, Russia",159.4696,51.4164,16.0,us6000risn,2025-10-23 02:31:28.443000+00:00,2025,10,23,2,Faible,,4.1,2.5649493574615367
5.9,"21 km SSW of Quepos, Costa Rica",1761105425548,1781061423877,,https://earthquake.usgs.gov/earthquakes/eventpage/us6000ril5,https://earthquake.usgs.gov/fdsnws/event/1/query?eventid=us6000ril5&format=geojson,216.0,5.3,5.523,green,reviewed,0,650,us,6000ril5,",us6000ril5,usauto6000ril5,pt25295000,at00t4iln6,",",us,usauto,pt,at,",",dyfi,ground-failure,impact-text,internal-moment-tensor,internal-origin,losspager,moment-tensor,origin,phase-data,shakemap,",106.0,0.539,1.36,123.0,mww,earthquake,"M 5.9 - 21 km SSW of Quepos, Costa Rica",-84.2408,9.2522,20.0,us6000ril5,2025-10-22 03:57:05.548000+00:00,2025,10,22,3,Faible,5.37989735354046,5.3,5.37989735354046
5.5,"19 km WNW of Piñas, Ecuador",1761091544495,1768517205040,,https://earthquake.usgs.gov/earthquakes/eventpage/us6000rik7,https://earthquake.usgs.gov/fdsnws/event/1/query?eventid=us6000rik7&format=geojson,26.0,4.6,4.821,green,reviewed,0,477,us,6000rik7,",us6000rik7,usauto6000rik7,",",us,usauto,",",dyfi,impact-text,internal-moment-tensor,losspager,moment-tensor,origin,phase-data,shakemap,",102.0,1.28,0.53,28.0,mww,earthquake,"M 5.5 - 19 km WNW of Piñas, Ecuador",-79.8408,-3.6137,77.13,us6000rik7,2025-10-22 00:05:44.495000+00:00,2025,10,22,0,Faible,3.295836866004329,4.6,3.295836866004329
5.8,"93 km ESE of Santiago, Philippines",1760960150891,1767973122040,,https://earthquake.usgs.gov/earthquakes/eventpage/us6000ri9x,https://earthquake.usgs.gov/fdsnws/event/1/query?eventid=us6000ri9x&format=geojson,2.0,2.7,4.055,green,reviewed,0,518,us,6000ri9x,",us6000ri9x,usauto6000ri9x,pt25293000,",",us,usauto,pt,",",dyfi,internal-moment-tensor,internal-origin,losspager,moment-tensor,origin,phase-data,shakemap,",98.0,1.781,1.35,51.0,mww,earthquake,"M 5.8 - 93 km ESE of Santiago, Philippines",127.3725,6.9992,10.0,us6000ri9x,2025-10-20 11:35:50.891000+00:00,2025,10,20,11,Faible,1.0986122886681098,2.7,1.0986122886681098
4.15,"17 km NW of Kalaoa, Hawaii",1760898368890,1767973121040,,https://earthquake.usgs.gov/earthquakes/eventpage/hv74809096,https://earthquake.usgs.gov/fdsnws/event/1/query?eventid=hv74809096&format=geojson,121.0,3.4,3.372,green,reviewed,0,306,hv,74809096,",us6000ri6p,hv74809096,pt25292000,",",us,hv,pt,",",dyfi,internal-origin,losspager,origin,phase-data,shakemap,",61.0,0.2894,0.13,190.0,ml,earthquake,"M 4.2 - 17 km NW of Kalaoa, Hawaii",-156.0925,19.8443333333333,43.46,hv74809096,2025-10-19 18:26:08.890000+00:00,2025,10,19,18,Faible,4.804021044733257,3.4,4.804021044733257
5.4,"16 km E of Aras-asan, Philippines",1760790691933,1767973120040,,https://earthquake.usgs.gov/earthquakes/eventpage/us6000ri11,https://earthquake.usgs.gov/fdsnws/event/1/query?eventid=us6000ri11&format=geojson,15.0,5.0,4.671,green,reviewed,0,456,us,6000ri11,",us6000ri11,usauto6000ri11,pt25291000,",",us,usauto,pt,",",dyfi,internal-moment-tensor,internal-origin,losspager,moment-tensor,origin,phase-data,shakemap,",85.0,2.0,1.11,27.0,mww,earthquake,"M 5.4 - 16 km E of Aras-asan, Philippines",126.4567,8.883,55.726,us6000ri11,2025-10-18 12:31:31.933000+00:00,2025,10,18,12,Faible,2.772588722239781,5.0,2.772588722239781
5.5,"48 km ESE of Khandūd, Afghanistan",1760703303739,1767973119040,,https://earthquake.usgs.gov/earthquakes/eventpage/us6000rhs3,https://earthquake.usgs.gov/fdsnws/event/1/query?eventid=us6000rhs3&format=geojson,1.0,2.0,6.406,green,reviewed,0,466,us,6000rhs3,",us6000rhs3,usauto6000rhs3,",",us,usauto,",",dyfi,ground-failure,internal-moment-tensor,losspager,moment-tensor,origin,phase-data,shakemap,",110.0,1.574,0.94,41.0,mww,earthquake,"M 5.5 - 48 km ESE of Khandūd, Afghanistan",72.8064,36.7572,8.0,us6000rhs3,2025-10-17 12:15:03.739000+00:00,2025,10,17,12,Faible,0.6931471805599453,2.0,0.6931471805599453
5.1,"182 km WNW of Abepura, Indonesia",1760674387501,1767973119040,,https://earthquake.usgs.gov/earthquakes/eventpage/us6000rhqe,https://earthquake.usgs.gov/fdsnws/event/1/query?eventid=us6000rhqe&format=geojson,,,5.228,green,reviewed,0,400,us,6000rhqe,",usauto6000rhqe,us6000rhqe,",",usauto,us,",",internal-moment-tensor,losspager,origin,phase-data,shakemap,",70.0,0.988,0.76,45.0,mww,earthquake,"M 5.1 - 182 km WNW of Abepura, Indonesia",139.0248,-2.2666,46.31,us6000rhqe,2025-10-17 04:13:07.501000+00:00,2025,10,17,4,Faible,,4.1,2.5649493574615367
5.1,"81 km E of Petropavlovsk-Kamchatsky, Russia",1760664358118,1767973118040,,https://earthquake.usgs.gov/earthquakes/eventpage/us6000rhpx,https://earthquake.usgs.gov/fdsnws/event/1/query?eventid=us6000rhpx&format=geojson,,,4.497,green,reviewed,0,400,us,6000rhpx,",usauto6000rhpx,us6000rhpx,",",usauto,us,",",internal-moment-tensor,losspager,origin,phase-data,shakemap,",115.0,0.731,0.76,80.0,mww,earthquake,"M 5.1 - 81 km E of Petropavlovsk-Kamchatsky, Russia",159.8295,53.1938,68.877,us6000rhpx,2025-10-17 01:25:58.118000+00:00,2025,10,17,1,Faible,,4.1,2.5649493574615367
6.0,"3 km N of Union, Philippines",1760655792673,1782543873609,,https://earthquake.usgs.gov/earthquakes/eventpage/us6000rhns,https://earthquake.usgs.gov/fdsnws/event/1/query?eventid=us6000rhns&format=geojson,28.0,6.1,6.221,green,reviewed,0,571,us,6000rhns,",us6000rhns,usauto6000rhns,pt25289002,",",us,usauto,pt,",",dyfi,ground-failure,impact-text,internal-moment-tensor,internal-origin,losspager,moment-tensor,origin,phase-data,shakemap,",109.0,2.755,0.89,23.0,mww,earthquake,"M 6.0 - 3 km N of Union, Philippines",126.1163,9.7909,32.0,us6000rhns,2025-10-16 23:03:12.673000+00:00,2025,10,16,23,Faible,3.367295829986474,6.1,3.367295829986474
6.4,"192 km WNW of Abepura, Indonesia",1760593732788,1784809637797,,https://earthquake.usgs.gov/earthquakes/eventpage/us6000rhg5,https://earthquake.usgs.gov/fdsnws/event/1/query?eventid=us6000rhg5&format=geojson,4.0,5.5,7.284,green,reviewed,1,632,us,6000rhg5,",pt25289001,us6000rhg5,at00t47mtk,usauto6000rhg5,",",pt,us,at,usauto,",",dyfi,ground-failure,impact-link,impact-text,internal-moment-tensor,internal-origin,losspager,moment-tensor,origin,phase-data,shakemap,",234.0,0.925,0.79,17.0,mww,earthquake,"M 6.4 - 192 km WNW of Abepura, Indonesia",138.9531,-2.168,18.0,us6000rhg5,2025-10-16 05:48:52.788000+00:00,2025,10,16,5,Faible,1.6094379124341003,5.5,1.6094379124341003
6.3,Drake Passage,1760578952311,1767973117040,,https://earthquake.usgs.gov/earthquakes/eventpage/us6000rhf2,https://earthquake.usgs.gov/fdsnws/event/1/query?eventid=us6000rhf2&format=geojson,1.0,1.0,0.0,green,reviewed,1,611,us,6000rhf2,",pt25289000,at00t47bf0,usauto6000rhf2,us6000rhf2,",",pt,at,usauto,us,",",dyfi,impact-link,internal-moment-tensor,internal-origin,losspager,moment-tensor,origin,phase-data,shakemap,",66.0,4.932,0.8,97.0,mww,earthquake,M 6.3 - Drake Passage,-61.8649,-59.9658,8.0,us6000rhf2,2025-10-16 01:42:32.311000+00:00,2025,10,16,1,Faible,0.6931471805599453,1.0,0.6931471805599453
5.4,south of the Kermadec Islands,1760533621330,1767973117040,,https://earthquake.usgs.gov/earthquakes/eventpage/us6000rha2,https://earthquake.usgs.gov/fdsnws/event/1/query?eventid=us6000rha2&format=geojson,,,5.783,green,reviewed,0,449,us,6000rha2,",us6000rha2,usauto6000rha2,",",us,usauto,",",ground-failure,internal-moment-tensor,losspager,moment-tensor,origin,phase-data,shakemap,",50.0,4.277,0.98,57.0,mww,earthquake,M 5.4 - south of the Kermadec Islands,-178.7328,-34.0182,10.0,us6000rha2,2025-10-15 13:07:01.330000+00:00,2025,10,15,13,Faible,,4.1,2.5649493574615367
5.6,"33 km WSW of Ovalle, Chile",1760528619780,1767973117040,,https://earthquake.usgs.gov/earthquakes/eventpage/us6000rh9m,https://earthquake.usgs.gov/fdsnws/event/1/query?eventid=us6000rh9m&format=geojson,29.0,5.6,4.458,green,reviewed,0,499,us,6000rh9m,",us6000rh9m,usauto6000rh9m,",",us,usauto,",",dyfi,ground-failure,internal-moment-tensor,losspager,moment-tensor,origin,phase-data,shakemap,",183.0,0.113,0.88,67.0,mww,earthquake,"M 5.6 - 33 km WSW of Ovalle, Chile",-71.5158,-30.7202,37.151,us6000rh9m,2025-10-15 11:43:39.780000+00:00,2025,10,15,11,Faible,3.4011973816621555,5.6,3.4011973816621555
5.4,"299 km SSE of Fais, Micronesia",1760523729350,1767973116040,,https://earthquake.usgs.gov/earthquakes/eventpage/us6000rh9c,https://earthquake.usgs.gov/fdsnws/event/1/query?eventid=us6000rh9c&format=geojson,,,0.0,green,reviewed,0,449,us,6000rh9c,",usauto6000rh9c,us6000rh9c,",",usauto,us,",",internal-moment-tensor,losspager,moment-tensor,origin,phase-data,shakemap,",139.0,7.006,0.48,72.0,mww,earthquake,"M 5.4 - 299 km SSE of Fais, Micronesia",141.5367,7.2572,10.0,us6000rh9c,2025-10-15 10:22:09.350000+00:00,2025,10,15,10,Faible,,4.1,2.5649493574615367
3.9,"57 km S of Whites City, New Mexico",1760469552263,1767309073040,,https://earthquake.usgs.gov/earthquakes/eventpage/tx2025ugmcqg,https://earthquake.usgs.gov/fdsnws/event/1/query?eventid=tx2025ugmcqg&format=geojson,2.0,2.0,4.559,green,reviewed,0,234,tx,2025ugmcqg,",us6000rh5y,tx2025ugmcqg,",",us,tx,",",dyfi,losspager,moment-tensor,origin,phase-data,shakemap,",32.0,0.0,0.2,71.0,ml,earthquake,"M 3.9 - 57 km S of Whites City, New Mexico",-104.4,31.653,5.8435,tx2025ugmcqg,2025-10-14 19:19:12.263000+00:00,2025,10,14,19,Faible,1.0986122886681098,2.0,1.0986122886681098
5.5,"53 km E of Baculin, Philippines",1760407211014,1767309072040,,https://earthquake.usgs.gov/earthquakes/eventpage/us6000rgz6,https://earthquake.usgs.gov/fdsnws/event/1/query?eventid=us6000rgz6&format=geojson,2.0,2.0,4.295,green,reviewed,0,466,us,6000rgz6,",us6000rgz6,usauto6000rgz6,pt25287000,",",us,usauto,pt,",",dyfi,internal-moment-tensor,internal-origin,losspager,moment-tensor,origin,phase-data,shakemap,",205.0,1.501,0.83,55.0,mww,earthquake,"M 5.5 - 53 km E of Baculin, Philippines",127.0611,7.3744,35.0,us6000rgz6,2025-10-14 02:00:11.014000+00:00,2025,10,14,2,Faible,1.0986122886681098,2.0,1.0986122886681098
5.9,"State of Yap, Federated States of Micronesia",1760353860607,1767309071040,,https://earthquake.usgs.gov/earthquakes/eventpage/us6000rgul,https://earthquake.usgs.gov/fdsnws/event/1/query?eventid=us6000rgul&format=geojson,,,0.0,green,reviewed,0,536,us,6000rgul,",usauto6000rgul,pt25286000,us6000rgul,",",usauto,pt,us,",",internal-moment-tensor,internal-origin,losspager,moment-tensor,origin,phase-data,shakemap,",167.0,7.063,0.68,34.0,mww,earthquake,"M 5.9 - State of Yap, Federated States of Micronesia",141.5991,7.2599,10.0,us6000rgul,2025-10-13 11:11:00.607000+00:00,2025,10,13,11,Faible,,4.1,2.5649493574615367
4.2,"30 km ESE of Kasilof, Alaska",1760323950772,1782578554664,,https://earthquake.usgs.gov/earthquakes/eventpage/ak025d517bzx,https://earthquake.usgs.gov/fdsnws/event/1/query?eventid=ak025d517bzx&format=geojson,62.0,3.8,2.991,green,reviewed,0,295,ak,025d517bzx,",us6000rgt7,ak025d517bzx,",",us,ak,",",dyfi,losspager,moment-tensor,origin,phase-data,shakemap,",,,0.67,,ml,earthquake,"M 4.2 - 30 km ESE of Kasilof, Alaska",-150.7827,60.2202,45.9,ak025d517bzx,2025-10-13 02:52:30.772000+00:00,2025,10,13,2,Faible,4.143134726391533,3.8,4.143134726391533
5.5,"217 km SSW of Severo-Kuril’sk, Russia",1760317817001,1767309071040,,https://earthquake.usgs.gov/earthquakes/eventpage/us6000rgst,https://earthquake.usgs.gov/fdsnws/event/1/query?eventid=us6000rgst&format=geojson,,,4.276,green,reviewed,0,465,us,6000rgst,",us6000rgst,",",us,",",losspager,origin,phase-data,shakemap,",299.0,4.767,0.76,48.0,mb,earthquake,"M 5.5 - 217 km SSW of Severo-Kuril’sk, Russia",154.9013,48.8917,60.257,us6000rgst,2025-10-13 01:10:17.001000+00:00,2025,10,13,1,Faible,,4.1,2.5649493574615367
5.8,"4 km ESE of Tambongon, Philippines",1760288759511,1774951659997,,https://earthquake.usgs.gov/earthquakes/eventpage/us6000rgrd,https://earthquake.usgs.gov/fdsnws/event/1/query?eventid=us6000rgrd&format=geojson,183.0,7.3,7.102,green,reviewed,0,651,us,6000rgrd,",us6000rgrd,usauto6000rgrd,pt25285000,",",us,usauto,pt,",",dyfi,ground-failure,impact-text,internal-moment-tensor,internal-origin,losspager,moment-tensor,origin,phase-data,shakemap,",109.0,4.176,0.85,35.0,mww,earthquake,"M 5.8 - 4 km ESE of Tambongon, Philippines",123.9606,10.9522,10.0,us6000rgrd,2025-10-12 17:05:59.511000+00:00,2025,10,12,17,Faible,5.214935757608986,7.3,5.214935757608986
4.3,"5 km WSW of Westbrook, Texas",1760249339092,1787465943865,,https://earthquake.usgs.gov/earthquakes/eventpage/tx2025ubulqx,https://earthquake.usgs.gov/fdsnws/event/1/query?eventid=tx2025ubulqx&format=geojson,54.0,4.3,4.843,green,reviewed,0,308,tx,2025ubulqx,",us6000rgpg,tx2025ubulqx,",",us,tx,",",dyfi,event-sequence,losspager,moment-tensor,oaf,origin,phase-data,shakemap,",21.0,0.2,0.1,55.0,ml,earthquake,"M 4.3 - 5 km WSW of Westbrook, Texas",-101.07,32.336,5.2734,tx2025ubulqx,2025-10-12 06:08:59.092000+00:00,2025,10,12,6,Faible,4.007333185232471,4.3,4.007333185232471
5.6,"55 km NE of Mek'ele, Ethiopia",1760199505614,1767309069040,,https://earthquake.usgs.gov/earthquakes/eventpage/us6000rglb,https://earthquake.usgs.gov/fdsnws/event/1/query?eventid=us6000rglb&format=geojson,11.0,4.5,7.421,green,reviewed,0,487,us,6000rglb,",us6000rglb,usauto6000rglb,",",us,usauto,",",dyfi,ground-failure,impact-text,internal-moment-tensor,losspager,moment-tensor,origin,phase-data,shakemap,",229.0,3.672,0.65,34.0,mww,earthquake,"M 5.6 - 55 km NE of Mek'ele, Ethiopia",39.8822,13.8064,10.0,us6000rglb,2025-10-11 16:18:25.614000+00:00,2025,10,11,16,Faible,2.4849066497880004,4.5,2.4849066497880004
6.0,"3 km ESE of Bacolod, Philippines",1760193179312,1782544232516,,https://earthquake.usgs.gov/earthquakes/eventpage/us6000rgkr,https://earthquake.usgs.gov/fdsnws/event/1/query?eventid=us6000rgkr&format=geojson,37.0,5.3,5.093,green,reviewed,0,573,us,6000rgkr,",us6000rgkr,usauto6000rgkr,at00t3z1qy,pt25284002,",",us,usauto,at,pt,",",dyfi,ground-failure,impact-text,internal-moment-tensor,internal-origin,losspager,moment-tensor,origin,phase-data,shakemap,",123.0,1.983,0.86,27.0,mww,earthquake,"M 6.0 - 3 km ESE of Bacolod, Philippines",126.323,8.9231,67.657,us6000rgkr,2025-10-11 14:32:59.312000+00:00,2025,10,11,14,Faible,3.6375861597263857,5.3,3.6375861597263857
5.6,South Sandwich Islands region,1760188079404,1767309069040,,https://earthquake.usgs.gov/earthquakes/eventpage/us6000rgk9,https://earthquake.usgs.gov/fdsnws/event/1/query?eventid=us6000rgk9&format=geojson,,,3.354,green,reviewed,0,482,us,6000rgk9,",us6000rgk9,",",us,",",losspager,origin,phase-data,shakemap,",79.0,6.079,0.87,46.0,mb,earthquake,M 5.6 - South Sandwich Islands region,-26.4357,-56.2675,44.856,us6000rgk9,2025-10-11 13:07:59.404000+00:00,2025,10,11,13,Faible,,4.1,2.5649493574615367
5.8,"64 km SE of Severo-Kuril’sk, Russia",1760185556543,1767309069040,,https://earthquake.usgs.gov/earthquakes/eventpage/us6000rgjt,https://earthquake.usgs.gov/fdsnws/event/1/query?eventid=us6000rgjt&format=geojson,,,4.174,green,reviewed,0,518,us,6000rgjt,",usauto6000rgjt,pt25284001,us6000rgjt,",",usauto,pt,us,",",internal-moment-tensor,internal-origin,losspager,moment-tensor,origin,phase-data,shakemap,",99.0,2.933,1.2,116.0,mww,earthquake,"M 5.8 - 64 km SE of Severo-Kuril’sk, Russia",156.7337,50.2419,48.0,us6000rgjt,2025-10-11 12:25:56.543000+00:00,2025,10,11,12,Faible,,4.1,2.5649493574615367
5.5,"28 km E of Santiago, Philippines",1760178440842,1767309069040,,https://earthquake.usgs.gov/earthquakes/eventpage/us6000rgj4,https://earthquake.usgs.gov/fdsnws/event/1/query?eventid=us6000rgj4&format=geojson,8.0,3.8,4.677,green,reviewed,0,468,us,6000rgj4,",us6000rgj4,usauto6000rgj4,",",us,usauto,",",dyfi,internal-moment-tensor,losspager,moment-tensor,origin,phase-data,shakemap,",98.0,1.257,0.81,26.0,mww,earthquake,"M 5.5 - 28 km E of Santiago, Philippines",126.8271,7.2849,31.0,us6000rgj4,2025-10-11 10:27:20.842000+00:00,2025,10,11,10,Faible,2.1972245773362196,3.8,2.1972245773362196
5.5,South Sandwich Islands region,1760170004303,1767309068040,,https://earthquake.usgs.gov/earthquakes/eventpage/us6000rgil,https://earthquake.usgs.gov/fdsnws/event/1/query?eventid=us6000rgil&format=geojson,,,3.51,green,reviewed,0,465,us,6000rgil,",us6000rgil,",",us,",",losspager,origin,phase-data,shakemap,",107.0,6.088,0.87,68.0,mb,earthquake,M 5.5 - South Sandwich Islands region,-26.3886,-56.2003,51.03,us6000rgil,2025-10-11 08:06:44.303000+00:00,2025,10,11,8,Faible,,4.1,2.5649493574615367
5.7,"74 km ENE of Petropavlovsk-Kamchatsky, Russia",1760152124747,1767309068040,,https://earthquake.usgs.gov/earthquakes/eventpage/us6000rghy,https://earthquake.usgs.gov/fdsnws/event/1/query?eventid=us6000rghy&format=geojson,,,4.358,green,reviewed,0,500,us,6000rghy,",us6000rghy,",",us,",",losspager,origin,phase-data,shakemap,",133.0,0.67,0.68,30.0,mb,earthquake,"M 5.7 - 74 km ENE of Petropavlovsk-Kamchatsky, Russia",159.6701,53.2897,75.086,us6000rghy,2025-10-11 03:08:44.747000+00:00,2025,10,11,3,Faible,,4.1,2.5649493574615367
5.4,Drake Passage,1760132062633,1767309068040,,https://earthquake.usgs.gov/earthquakes/eventpage/us6000rggf,https://earthquake.usgs.gov/fdsnws/event/1/query?eventid=us6000rggf&format=geojson,,,0.0,green,reviewed,0,449,us,6000rggf,",us6000rggf,",",us,",",losspager,origin,phase-data,shakemap,",68.0,4.779,0.83,91.0,mb,earthquake,M 5.4 - Drake Passage,-62.4539,-60.0705,10.0,us6000rggf,2025-10-10 21:34:22.633000+00:00,2025,10,10,21,Faible,,4.1,2.5649493574615367
5.7,Drake Passage,1760131722322,1767309068040,,https://earthquake.usgs.gov/earthquakes/eventpage/us6000rgge,https://earthquake.usgs.gov/fdsnws/event/1/query?eventid=us6000rgge&format=geojson,,,0.0,green,reviewed,0,500,us,6000rgge,",us6000rgge,",",us,",",losspager,origin,phase-data,shakemap,",54.0,7.641,0.64,95.0,mb,earthquake,M 5.7 - Drake Passage,-62.3619,-60.0663,10.0,us6000rgge,2025-10-10 21:28:42.322000+00:00,2025,10,10,21,Faible,,4.1,2.5649493574615367
7.6,Drake Passage,1760128160075,1767309068040,,https://earthquake.usgs.gov/earthquakes/eventpage/us6000rgf4,https://earthquake.usgs.gov/fdsnws/event/1/query?eventid=us6000rgf4&format=geojson,5.0,9.0,3.941,green,reviewed,1,893,us,6000rgf4,",us6000rgf4,pt25283002,at00t3xnl1,usauto6000rgf4,",",us,pt,at,usauto,",",dyfi,general-text,impact-link,internal-moment-tensor,internal-origin,losspager,moment-tensor,origin,phase-data,shakemap,",402.0,4.719,0.57,12.0,mww,earthquake,M 7.6 - Drake Passage,-61.8164,-60.1875,5.639,us6000rgf4,2025-10-10 20:29:20.075000+00:00,2025,10,10,20,Faible,1.791759469228055,9.0,1.791759469228055
5.6,"52 km SE of Severo-Kuril’sk, Russia",1760094961408,1767309067040,,https://earthquake.usgs.gov/earthquakes/eventpage/us6000rg2s,https://earthquake.usgs.gov/fdsnws/event/1/query?eventid=us6000rg2s&format=geojson,,,4.165,green,reviewed,0,482,us,6000rg2s,",us6000rg2s,",",us,",",losspager,origin,phase-data,shakemap,",75.0,2.89,0.76,71.0,mb,earthquake,"M 5.6 - 52 km SE of Severo-Kuril’sk, Russia",156.5865,50.3065,66.9,us6000rg2s,2025-10-10 11:16:01.408000+00:00,2025,10,10,11,Faible,,4.1,2.5649493574615367
6.7,"12 km SE of Santiago, Philippines",1760094725407,1785926501882,,https://earthquake.usgs.gov/earthquakes/eventpage/us6000rg2r,https://earthquake.usgs.gov/fdsnws/event/1/query?eventid=us6000rg2r&format=geojson,79.0,7.0,6.351,green,reviewed,1,746,us,6000rg2r,",pt25283001,at00t3wxs9,us6000rg2r,usauto6000rg2r,",",pt,at,us,usauto,",",dyfi,ground-failure,impact-link,impact-text,internal-moment-tensor,internal-origin,losspager,moment-tensor,origin,phase-data,shakemap,",129.0,1.08,1.09,25.0,mww,earthquake,"M 6.7 - 12 km SE of Santiago, Philippines",126.6578,7.2127,47.0,us6000rg2r,2025-10-10 11:12:05.407000+00:00,2025,10,10,11,Faible,4.382026634673881,7.0,4.382026634673881
5.4,"Kepulauan Babar, Indonesia",1760090571532,1767309067040,,https://earthquake.usgs.gov/earthquakes/eventpage/us6000rg2a,https://earthquake.usgs.gov/fdsnws/event/1/query?eventid=us6000rg2a&format=geojson,0.0,1.0,3.403,green,reviewed,0,449,us,6000rg2a,",us6000rg2a,",",us,",",dyfi,losspager,origin,phase-data,shakemap,",102.0,4.885,0.71,20.0,mb,earthquake,"M 5.4 - Kepulauan Babar, Indonesia",129.5203,-7.0057,159.477,us6000rg2a,2025-10-10 10:02:51.532000+00:00,2025,10,10,10,Faible,0.0,1.0,0.0
5.4,"223 km NNE of Fais, Micronesia",1760089420712,1787306030799,,https://earthquake.usgs.gov/earthquakes/eventpage/us6000rg29,https://earthquake.usgs.gov/fdsnws/event/1/query?eventid=us6000rg29&format=geojson,,,0.0,green,reviewed,0,449,us,6000rg29,",us6000rg29,",",us,",",event-sequence,losspager,oaf,origin,phase-data,shakemap,",70.0,3.809,0.68,69.0,mww,earthquake,"M 5.4 - 223 km NNE of Fais, Micronesia",141.6121,11.4783,10.0,us6000rg29,2025-10-10 09:43:40.712000+00:00,2025,10,10,9,Faible,,4.1,2.5649493574615367
5.5,"35 km ESE of Manay, Philippines",1760067136463,1767309066040,,https://earthquake.usgs.gov/earthquakes/eventpage/us6000rg02,https://earthquake.usgs.gov/fdsnws/event/1/query?eventid=us6000rg02&format=geojson,,,4.047,green,reviewed,0,465,us,6000rg02,",us6000rg02,",",us,",",losspager,origin,phase-data,shakemap,",114.0,1.236,0.98,101.0,mb,earthquake,"M 5.5 - 35 km ESE of Manay, Philippines",126.8243,7.073,72.22,us6000rg02,2025-10-10 03:32:16.463000+00:00,2025,10,10,3,Faible,,4.1,2.5649493574615367
5.6,"27 km ESE of San Ignacio, Philippines",1760062305318,1767309066040,,https://earthquake.usgs.gov/earthquakes/eventpage/us6000rfyw,https://earthquake.usgs.gov/fdsnws/event/1/query?eventid=us6000rfyw&format=geojson,2.0,2.0,4.011,green,reviewed,0,483,us,6000rfyw,",us6000rfyw,",",us,",",dyfi,losspager,origin,phase-data,shakemap,",237.0,1.124,0.67,44.0,mb,earthquake,"M 5.6 - 27 km ESE of San Ignacio, Philippines",126.7102,7.0145,67.847,us6000rfyw,2025-10-10 02:11:45.318000+00:00,2025,10,10,2,Faible,1.0986122886681098,2.0,1.0986122886681098
6.3,"139 km SE of Lorengau, Papua New Guinea",1760062090652,1767309066040,,https://earthquake.usgs.gov/earthquakes/eventpage/us6000rfye,https://earthquake.usgs.gov/fdsnws/event/1/query?eventid=us6000rfye&format=geojson,1.0,2.0,4.73,green,reviewed,0,611,us,6000rfye,",us6000rfye,at00t3w8ln,",",us,at,",",dyfi,ground-failure,internal-origin,losspager,moment-tensor,origin,phase-data,shakemap,",245.0,1.191,0.53,16.0,mww,earthquake,"M 6.3 - 139 km SE of Lorengau, Papua New Guinea",147.9714,-3.0764,10.0,us6000rfye,2025-10-10 02:08:10.652000+00:00,2025,10,10,2,Faible,0.6931471805599453,2.0,0.6931471805599453
5.9,"36 km ESE of Manay, Philippines",1760061075525,1767309066040,,https://earthquake.usgs.gov/earthquakes/eventpage/us6000rfx2,https://earthquake.usgs.gov/fdsnws/event/1/query?eventid=us6000rfx2&format=geojson,4.0,3.4,4.279,green,reviewed,0,537,us,6000rfx2,",us6000rfx2,",",us,",",dyfi,losspager,origin,phase-data,shakemap,",170.0,1.246,0.64,66.0,mb,earthquake,"M 5.9 - 36 km ESE of Manay, Philippines",126.8348,7.0654,63.43,us6000rfx2,2025-10-10 01:51:15.525000+00:00,2025,10,10,1,Faible,1.6094379124341003,3.4,1.6094379124341003
7.4,"12 km E of Santiago, Philippines",1760060639585,1786282913905,,https://earthquake.usgs.gov/earthquakes/eventpage/us6000rfwz,https://earthquake.usgs.gov/fdsnws/event/1/query?eventid=us6000rfwz&format=geojson,347.0,9.0,7.367,green,reviewed,1,1155,us,6000rfwz,",pt25283000,us6000rfwz,at00t3w7hd,usauto6000rfwz,",",pt,us,at,usauto,",",dyfi,finite-fault,general-text,ground-failure,impact-link,impact-text,internal-moment-tensor,internal-origin,losspager,moment-tensor,origin,phase-data,shakemap,",291.0,1.123,0.6,19.0,mww,earthquake,"M 7.4 - 12 km E of Santiago, Philippines",126.6902,7.2866,59.425,us6000rfwz,2025-10-10 01:43:59.585000+00:00,2025,10,10,1,Faible,5.8522024797744745,9.0,5.8522024797744745
5.4,southwest of Africa,1760022180142,1767309066040,,https://earthquake.usgs.gov/earthquakes/eventpage/us6000rftu,https://earthquake.usgs.gov/fdsnws/event/1/query?eventid=us6000rftu&format=geojson,,,0.0,green,reviewed,0,449,us,6000rftu,",us6000rftu,",",us,",",losspager,origin,phase-data,shakemap,",206.0,20.405,0.44,23.0,mb,earthquake,M 5.4 - southwest of Africa,14.3795,-52.2527,10.0,us6000rftu,2025-10-09 15:03:00.142000+00:00,2025,10,9,15,Faible,,4.1,2.5649493574615367
6.1,"121 km E of Ozernovskiy, Russia",1760016524543,1767309065040,,https://earthquake.usgs.gov/earthquakes/eventpage/us6000rft9,https://earthquake.usgs.gov/fdsnws/event/1/query?eventid=us6000rft9&format=geojson,,,5.328,green,reviewed,0,572,us,6000rft9,",us6000rft9,usauto6000rft9,at00t3v9fz,pt25282000,",",us,usauto,at,pt,",",ground-failure,internal-moment-tensor,internal-origin,losspager,moment-tensor,origin,phase-data,shakemap,",264.0,1.381,0.69,50.0,mww,earthquake,"M 6.1 - 121 km E of Ozernovskiy, Russia",158.2328,51.6683,56.51,us6000rft9,2025-10-09 13:28:44.543000+00:00,2025,10,9,13,Faible,,4.1,2.5649493574615367
5.5,"208 km N of Daocheng, China",1759987060662,1767309065040,,https://earthquake.usgs.gov/earthquakes/eventpage/us6000rfs1,https://earthquake.usgs.gov/fdsnws/event/1/query?eventid=us6000rfs1&format=geojson,5.0,7.3,6.638,yellow,reviewed,0,654,us,6000rfs1,",us6000rfs1,usauto6000rfs1,",",us,usauto,",",dyfi,ground-failure,internal-moment-tensor,losspager,moment-tensor,origin,phase-data,shakemap,",151.0,5.973,0.52,34.0,mww,earthquake,"M 5.5 - 208 km N of Daocheng, China",99.8979,30.8826,10.0,us6000rfs1,2025-10-09 05:17:40.662000+00:00,2025,10,9,5,Modéré,1.791759469228055,7.3,1.791759469228055
5.6,South Sandwich Islands region,1759895446776,1767309064040,,https://earthquake.usgs.gov/earthquakes/eventpage/us6000rfjc,https://earthquake.usgs.gov/fdsnws/event/1/query?eventid=us6000rfjc&format=geojson,,,2.871,green,reviewed,0,482,us,6000rfjc,",usauto6000rfjc,pt25281000,us6000rfjc,",",usauto,pt,us,",",internal-moment-tensor,internal-origin,losspager,origin,phase-data,shakemap,",102.0,7.674,0.9,70.0,mww,earthquake,M 5.6 - South Sandwich Islands region,-24.2683,-57.744,10.0,us6000rfjc,2025-10-08 03:50:46.776000+00:00,2025,10,8,3,Faible,,4.1,2.5649493574615367
5.7,"100 km ENE of Norsup, Vanuatu",1759876577688,1766184624040,,https://earthquake.usgs.gov/earthquakes/eventpage/us6000rfhk,https://earthquake.usgs.gov/fdsnws/event/1/query?eventid=us6000rfhk&format=geojson,,,6.915,green,reviewed,0,500,us,6000rfhk,",us6000rfhk,usauto6000rfhk,",",us,usauto,",",ground-failure,internal-moment-tensor,losspager,moment-tensor,origin,phase-data,shakemap,",103.0,6.182,0.85,22.0,mww,earthquake,"M 5.7 - 100 km ENE of Norsup, Vanuatu",168.1814,-15.5734,10.0,us6000rfhk,2025-10-07 22:36:17.688000+00:00,2025,10,7,22,Faible,,4.1,2.5649493574615367
5.1,"20 km SSE of Yangī Qal‘ah, Afghanistan",1759836928903,1766184622040,,https://earthquake.usgs.gov/earthquakes/eventpage/us6000rfbw,https://earthquake.usgs.gov/fdsnws/event/1/query?eventid=us6000rfbw&format=geojson,,,5.99,yellow,reviewed,0,650,us,6000rfbw,",us6000rfbw,",",us,",",ground-failure,losspager,origin,phase-data,shakemap,",119.0,1.43,0.59,66.0,mb,earthquake,"M 5.1 - 20 km SSE of Yangī Qal‘ah, Afghanistan",69.6738,37.2837,10.0,us6000rfbw,2025-10-07 11:35:28.903000+00:00,2025,10,7,11,Modéré,,4.1,2.5649493574615367
6.6,"17 km W of Lae, Papua New Guinea",1759835117136,1766184622040,,https://earthquake.usgs.gov/earthquakes/eventpage/us6000rfb2,https://earthquake.usgs.gov/fdsnws/event/1/query?eventid=us6000rfb2&format=geojson,72.0,5.5,5.606,green,reviewed,1,710,us,6000rfb2,",pt25280001,at00t3rdgt,us6000rfb2,usauto6000rfb2,",",pt,at,us,usauto,",",dyfi,ground-failure,impact-link,impact-text,internal-moment-tensor,internal-origin,losspager,moment-tensor,origin,phase-data,shakemap,",211.0,2.67,0.55,36.0,mww,earthquake,"M 6.6 - 17 km W of Lae, Papua New Guinea",146.8404,-6.7359,98.0,us6000rfb2,2025-10-07 11:05:17.136000+00:00,2025,10,7,11,Faible,4.290459441148391,5.5,4.290459441148391
3.69,"15 km SSE of Guánica, Puerto Rico",1759802480740,1766184619040,,https://earthquake.usgs.gov/earthquakes/eventpage/pr2025280001,https://earthquake.usgs.gov/fdsnws/event/1/query?eventid=pr2025280001&format=geojson,2.0,2.0,2.811,green,reviewed,0,210,pr,2025280001,",us6000rf8d,pr2025280001,pt25280000,",",us,pr,pt,",",dyfi,internal-origin,losspager,origin,phase-data,shakemap,",27.0,0.1381,0.14,224.0,md,earthquake,"M 3.7 - 15 km SSE of Guánica, Puerto Rico",-66.8556,17.839,11.0,pr2025280001,2025-10-07 02:01:20.740000+00:00,2025,10,7,2,Faible,1.0986122886681098,2.0,1.0986122886681098
5.6,south of the Fiji Islands,1759752522490,1766184613040,,https://earthquake.usgs.gov/earthquakes/eventpage/us6000rf2j,https://earthquake.usgs.gov/fdsnws/event/1/query?eventid=us6000rf2j&format=geojson,,,1.537,green,reviewed,0,482,us,6000rf2j,",usauto6000rf2j,us6000rf2j,",",usauto,us,",",internal-moment-tensor,losspager,moment-tensor,origin,phase-data,shakemap,",127.0,4.106,0.84,44.0,mww,earthquake,M 5.6 - south of the Fiji Islands,175.5205,-21.1011,581.934,us6000rf2j,2025-10-06 12:08:42.490000+00:00,2025,10,6,12,Faible,,4.1,2.5649493574615367
4.9,"46 km NNE of Kanysh-Kyya, Kyrgyzstan",1759696139271,1766184610040,,https://earthquake.usgs.gov/earthquakes/eventpage/us6000rezr,https://earthquake.usgs.gov/fdsnws/event/1/query?eventid=us6000rezr&format=geojson,29.0,3.8,6.422,green,reviewed,0,380,us,6000rezr,",us6000rezr,",",us,",",dyfi,ground-failure,losspager,origin,phase-data,shakemap,",111.0,0.631,0.99,18.0,mww,earthquake,"M 4.9 - 46 km NNE of Kanysh-Kyya, Kyrgyzstan",71.2883,42.1582,10.0,us6000rezr,2025-10-05 20:28:59.271000+00:00,2025,10,5,20,Faible,3.4011973816621555,3.8,3.4011973816621555
4.6,"129 km E of McCarthy, Alaska",1759663205363,1766184605040,,https://earthquake.usgs.gov/earthquakes/eventpage/us6000rexs,https://earthquake.usgs.gov/fdsnws/event/1/query?eventid=us6000rexs&format=geojson,4.0,2.7,4.449,green,reviewed,0,327,us,6000rexs,",ak025cry2ji8,us6000rexs,",",ak,us,",",dyfi,losspager,moment-tensor,origin,phase-data,shakemap,",32.0,0.64,1.2,92.0,mwr,earthquake,"M 4.6 - 129 km E of McCarthy, Alaska",-140.4896,61.4109,12.151,us6000rexs,2025-10-05 11:20:05.363000+00:00,2025,10,5,11,Faible,1.6094379124341003,2.7,1.6094379124341003
5.9,"48 km ENE of Tomioka, Japan",1759591270042,1766184598040,,https://earthquake.usgs.gov/earthquakes/eventpage/us6000resn,https://earthquake.usgs.gov/fdsnws/event/1/query?eventid=us6000resn&format=geojson,54.0,4.6,4.378,green,reviewed,0,560,us,6000resn,",us6000resn,usauto6000resn,pt25277001,at00t3m5b9,",",us,usauto,pt,at,",",dyfi,ground-failure,internal-moment-tensor,internal-origin,losspager,moment-tensor,origin,phase-data,shakemap,",298.0,2.817,0.51,16.0,mww,earthquake,"M 5.9 - 48 km ENE of Tomioka, Japan",141.5524,37.4213,54.164,us6000resn,2025-10-04 15:21:10.042000+00:00,2025,10,4,15,Faible,4.007333185232471,4.6,4.007333185232471
5.5,northern East Pacific Rise,1759568523232,1766184596040,,https://earthquake.usgs.gov/earthquakes/eventpage/us6000rerp,https://earthquake.usgs.gov/fdsnws/event/1/query?eventid=us6000rerp&format=geojson,,,0.0,green,reviewed,0,465,us,6000rerp,",usauto6000rerp,pt25277000,us6000rerp,",",usauto,pt,us,",",internal-moment-tensor,internal-origin,losspager,moment-tensor,origin,phase-data,shakemap,",49.0,10.517,0.89,199.0,mww,earthquake,M 5.5 - northern East Pacific Rise,-103.8947,8.3588,10.0,us6000rerp,2025-10-04 09:02:03.232000+00:00,2025,10,4,9,Faible,,4.1,2.5649493574615367
6.1,"177 km SE of Vilyuchinsk, Russia",1759507664844,1766184591040,,https://earthquake.usgs.gov/earthquakes/eventpage/us6000rei1,https://earthquake.usgs.gov/fdsnws/event/1/query?eventid=us6000rei1&format=geojson,,,3.969,green,reviewed,0,572,us,6000rei1,",us6000rei1,usauto6000rei1,pt25276000,at00t3kct3,",",us,usauto,pt,at,",",ground-failure,internal-moment-tensor,internal-origin,losspager,moment-tensor,origin,phase-data,shakemap,",106.0,1.597,0.73,100.0,mww,earthquake,"M 6.1 - 177 km SE of Vilyuchinsk, Russia",159.9083,51.6275,19.0,us6000rei1,2025-10-03 16:07:44.844000+00:00,2025,10,3,16,Faible,,4.1,2.5649493574615367
3.86,"2 km SSW of Pāhala, Hawaii",1759472936660,1766184589040,,https://earthquake.usgs.gov/earthquakes/eventpage/hv74791302,https://earthquake.usgs.gov/fdsnws/event/1/query?eventid=hv74791302&format=geojson,22.0,3.4,3.312,green,reviewed,0,237,hv,74791302,",us6000refy,hv74791302,",",us,hv,",",dyfi,losspager,origin,phase-data,shakemap,",62.0,0.03303,0.11,82.0,ml,earthquake,"M 3.9 - 2 km SSW of Pāhala, Hawaii",-155.485,19.1805,29.53,hv74791302,2025-10-03 06:28:56.660000+00:00,2025,10,3,6,Faible,3.1354942159291497,3.4,3.1354942159291497
5.7,"15 km WSW of El Hoyo, Argentina",1759441077993,1766184586040,,https://earthquake.usgs.gov/earthquakes/eventpage/us6000recz,https://earthquake.usgs.gov/fdsnws/event/1/query?eventid=us6000recz&format=geojson,,,2.016,green,reviewed,0,500,us,6000recz,",usauto6000recz,us6000recz,",",usauto,us,",",internal-moment-tensor,losspager,moment-tensor,origin,phase-data,shakemap,",102.0,5.324,0.62,33.0,mww,earthquake,"M 5.7 - 15 km WSW of El Hoyo, Argentina",-63.3875,-27.0643,559.2,us6000recz,2025-10-02 21:37:57.993000+00:00,2025,10,2,21,Faible,,4.1,2.5649493574615367
5.4,"60 km W of Ovalle, Chile",1759401836217,1766184583040,,https://earthquake.usgs.gov/earthquakes/eventpage/us6000re62,https://earthquake.usgs.gov/fdsnws/event/1/query?eventid=us6000re62&format=geojson,7.0,3.4,4.739,green,reviewed,0,451,us,6000re62,",us6000re62,usauto6000re62,",",us,usauto,",",dyfi,ground-failure,internal-moment-tensor,losspager,moment-tensor,origin,phase-data,shakemap,",87.0,0.183,0.85,104.0,mww,earthquake,"M 5.4 - 60 km W of Ovalle, Chile",-71.8337,-30.6076,25.0,us6000re62,2025-10-02 10:43:56.217000+00:00,2025,10,2,10,Faible,2.0794415416798357,3.4,2.0794415416798357
5.6,"199 km NE of Lospalos, Timor Leste",1759326589750,1766184577040,,https://earthquake.usgs.gov/earthquakes/eventpage/us6000rdz7,https://earthquake.usgs.gov/fdsnws/event/1/query?eventid=us6000rdz7&format=geojson,1.0,1.0,3.419,green,reviewed,0,483,us,6000rdz7,",us6000rdz7,usauto6000rdz7,",",us,usauto,",",dyfi,internal-moment-tensor,losspager,moment-tensor,origin,phase-data,shakemap,",144.0,4.701,0.67,18.0,mww,earthquake,"M 5.6 - 199 km NE of Lospalos, Timor Leste",128.3436,-7.322,146.835,us6000rdz7,2025-10-01 13:49:49.750000+00:00,2025,10,1,13,Faible,0.6931471805599453,1.0,0.6931471805599453
6.0,"31 km ESE of Kalianget, Indonesia",1759250983533,1765489244040,,https://earthquake.usgs.gov/earthquakes/eventpage/us6000rdta,https://earthquake.usgs.gov/fdsnws/event/1/query?eventid=us6000rdta&format=geojson,60.0,4.6,6.35,green,reviewed,0,581,us,6000rdta,",us6000rdta,usauto6000rdta,pt25273002,",",us,usauto,pt,",",dyfi,ground-failure,impact-text,internal-moment-tensor,internal-origin,losspager,moment-tensor,origin,phase-data,shakemap,",293.0,1.259,0.67,24.0,mww,earthquake,"M 6.0 - 31 km ESE of Kalianget, Indonesia",114.1844,-7.2032,19.498,us6000rdta,2025-09-30 16:49:43.533000+00:00,2025,9,30,16,Faible,4.110873864173311,4.6,4.110873864173311
6.9,"8 km ESE of Calape, Philippines",1759240783328,1785595705443,,https://earthquake.usgs.gov/earthquakes/eventpage/us6000rdrz,https://earthquake.usgs.gov/fdsnws/event/1/query?eventid=us6000rdrz&format=geojson,650.0,9.1,8.944,orange,reviewed,1,1592,us,6000rdrz,",at00t3emvp,pt25273001,us6000rdrz,usauto6000rdrz,",",at,pt,us,usauto,",",dyfi,ground-failure,impact-link,impact-text,internal-moment-tensor,internal-origin,losspager,moment-tensor,origin,phase-data,shakemap,",192.0,4.311,0.71,15.0,mww,earthquake,"M 6.9 - 8 km ESE of Calape, Philippines",124.111,11.1557,10.0,us6000rdrz,2025-09-30 13:59:43.328000+00:00,2025,9,30,13,Sévère,6.478509642208569,9.1,6.478509642208569
5.5,"89 km E of Petropavlovsk-Kamchatsky, Russia",1759183643711,1765489240040,,https://earthquake.usgs.gov/earthquakes/eventpage/us6000rdnq,https://earthquake.usgs.gov/fdsnws/event/1/query?eventid=us6000rdnq&format=geojson,1.0,3.8,4.454,green,reviewed,0,466,us,6000rdnq,",us6000rdnq,usauto6000rdnq,pt25272000,",",us,usauto,pt,",",dyfi,internal-moment-tensor,internal-origin,losspager,moment-tensor,origin,phase-data,shakemap,",101.0,0.785,0.84,60.0,mww,earthquake,"M 5.5 - 89 km E of Petropavlovsk-Kamchatsky, Russia",159.9446,52.9637,42.0,us6000rdnq,2025-09-29 22:07:23.711000+00:00,2025,9,29,22,Faible,0.6931471805599453,3.8,0.6931471805599453
5.2,"16 km NNW of Simav, Turkey",1759053556543,1765489238040,,https://earthquake.usgs.gov/earthquakes/eventpage/us6000rdf2,https://earthquake.usgs.gov/fdsnws/event/1/query?eventid=us6000rdf2&format=geojson,27.0,6.9,7.123,green,reviewed,0,435,us,6000rdf2,",us6000rdf2,usauto6000rdf2,",",us,usauto,",",dyfi,ground-failure,impact-text,internal-moment-tensor,losspager,moment-tensor,origin,phase-data,shakemap,",123.0,1.478,0.99,36.0,mww,earthquake,"M 5.2 - 16 km NNW of Simav, Turkey",28.9377,39.238,10.0,us6000rdf2,2025-09-28 09:59:16.543000+00:00,2025,9,28,9,Faible,3.332204510175204,6.9,3.332204510175204
5.5,south of the Fiji Islands,1759049581242,1765489239040,,https://earthquake.usgs.gov/earthquakes/eventpage/us6000rdex,https://earthquake.usgs.gov/fdsnws/event/1/query?eventid=us6000rdex&format=geojson,,,1.0,green,reviewed,0,465,us,6000rdex,",usauto6000rdex,us6000rdex,",",usauto,us,",",internal-moment-tensor,losspager,moment-tensor,origin,phase-data,shakemap,",58.0,6.142,0.94,71.0,mww,earthquake,M 5.5 - south of the Fiji Islands,178.8114,-23.8765,573.583,us6000rdex,2025-09-28 08:53:01.242000+00:00,2025,9,28,8,Faible,,4.1,2.5649493574615367
3.59,"8 km NW of Prague, Oklahoma",1759047444929,1765489248040,,https://earthquake.usgs.gov/earthquakes/eventpage/ok2025szyg,https://earthquake.usgs.gov/fdsnws/event/1/query?eventid=ok2025szyg&format=geojson,85.0,4.7,4.561,green,reviewed,0,238,ok,2025szyg,",us6000rdes,ok2025szyg,",",us,ok,",",dyfi,losspager,moment-tensor,origin,phase-data,shakemap,",93.0,0.01349735136,0.19,44.0,ml,earthquake,"M 3.6 - 8 km NW of Prague, Oklahoma",-96.75533333,35.53683333,6.34,ok2025szyg,2025-09-28 08:17:24.929000+00:00,2025,9,28,8,Faible,4.454347296253507,4.7,4.454347296253507
5.5,"90 km WNW of Sola, Vanuatu",1758960648598,1765489241040,,https://earthquake.usgs.gov/earthquakes/eventpage/us6000rdan,https://earthquake.usgs.gov/fdsnws/event/1/query?eventid=us6000rdan&format=geojson,,,4.159,green,reviewed,0,465,us,6000rdan,",usauto6000rdan,us6000rdan,",",usauto,us,",",internal-moment-tensor,losspager,moment-tensor,origin,phase-data,shakemap,",142.0,7.205,0.81,50.0,mww,earthquake,"M 5.5 - 90 km WNW of Sola, Vanuatu",166.7322,-13.6974,33.0,us6000rdan,2025-09-27 08:10:48.598000+00:00,2025,9,27,8,Faible,,4.1,2.5649493574615367
5.9,"239 km W of Bandon, Oregon",1758869128067,1787295334805,,https://earthquake.usgs.gov/earthquakes/eventpage/us6000rd1w,https://earthquake.usgs.gov/fdsnws/event/1/query?eventid=us6000rd1w&format=geojson,29.0,2.5,0.0,green,reviewed,1,543,us,6000rd1w,",at00t36o3y,us6000rd1w,usauto6000rd1w,pt25269000,",",at,us,usauto,pt,",",dyfi,event-sequence,impact-link,internal-moment-tensor,internal-origin,losspager,moment-tensor,oaf,origin,phase-data,shakemap,",85.0,2.395,0.81,167.0,mww,earthquake,"M 5.9 - 239 km W of Bandon, Oregon",-127.3203,43.4524,10.0,us6000rd1w,2025-09-26 06:45:28.067000+00:00,2025,9,26,6,Faible,3.4011973816621555,2.5,3.4011973816621555
5.4,"72 km SSW of Isangel, Vanuatu",1758842212037,1765489243040,,https://earthquake.usgs.gov/earthquakes/eventpage/us6000rcyv,https://earthquake.usgs.gov/fdsnws/event/1/query?eventid=us6000rcyv&format=geojson,,,3.885,green,reviewed,0,449,us,6000rcyv,",usauto6000rcyv,us6000rcyv,",",usauto,us,",",internal-moment-tensor,losspager,moment-tensor,origin,phase-data,shakemap,",48.0,2.873,0.75,67.0,mww,earthquake,"M 5.4 - 72 km SSW of Isangel, Vanuatu",169.0959,-20.1733,49.94,us6000rcyv,2025-09-25 23:16:52.037000+00:00,2025,9,25,23,Faible,,4.1,2.5649493574615367
5.7,"183 km SSW of Emiliano Zapata, Mexico",1758795384902,1765489238040,,https://earthquake.usgs.gov/earthquakes/eventpage/us6000rcsb,https://earthquake.usgs.gov/fdsnws/event/1/query?eventid=us6000rcsb&format=geojson,0.0,1.0,3.513,green,reviewed,0,500,us,6000rcsb,",us6000rcsb,usauto6000rcsb,pt25268001,",",us,usauto,pt,",",dyfi,internal-moment-tensor,internal-origin,losspager,moment-tensor,origin,phase-data,shakemap,",82.0,2.375,1.0,118.0,mww,earthquake,"M 5.7 - 183 km SSW of Emiliano Zapata, Mexico",-105.8786,17.9793,10.0,us6000rcsb,2025-09-25 10:16:24.902000+00:00,2025,9,25,10,Faible,0.0,1.0,0.0
5.3,"19 km E of Mene Grande, Venezuela",1758783338881,1765489245040,,https://earthquake.usgs.gov/earthquakes/eventpage/us6000rcrj,https://earthquake.usgs.gov/fdsnws/event/1/query?eventid=us6000rcrj&format=geojson,32.0,4.3,7.789,yellow,reviewed,0,664,us,6000rcrj,",us6000rcrj,",",us,",",dyfi,ground-failure,losspager,moment-tensor,origin,phase-data,shakemap,",318.0,0.977,0.62,28.0,mww,earthquake,"M 5.3 - 19 km E of Mene Grande, Venezuela",-70.7516,9.8621,12.195,us6000rcrj,2025-09-25 06:55:38.881000+00:00,2025,9,25,6,Modéré,3.4965075614664802,4.3,3.4965075614664802
6.3,"25 km ENE of Mene Grande, Venezuela",1758772299565,1765489239040,,https://earthquake.usgs.gov/earthquakes/eventpage/us6000rcqw,https://earthquake.usgs.gov/fdsnws/event/1/query?eventid=us6000rcqw&format=geojson,224.0,5.2,7.744,yellow,reviewed,1,766,us,6000rcqw,",pt25268000,us6000rcqw,at00t34le6,usauto6000rcqw,",",pt,us,at,usauto,",",dyfi,ground-failure,impact-link,impact-text,internal-moment-tensor,internal-origin,losspager,moment-tensor,origin,phase-data,shakemap,",113.0,1.048,0.94,27.0,mww,earthquake,"M 6.3 - 25 km ENE of Mene Grande, Venezuela",-70.7081,9.9355,14.0,us6000rcqw,2025-09-25 03:51:39.565000+00:00,2025,9,25,3,Modéré,5.41610040220442,5.2,5.41610040220442
6.2,"5 km ENE of Mene Grande, Venezuela",1758752515716,1765489244040,,https://earthquake.usgs.gov/earthquakes/eventpage/us6000rcnw,https://earthquake.usgs.gov/fdsnws/event/1/query?eventid=us6000rcnw&format=geojson,243.0,8.6,7.827,yellow,reviewed,1,859,us,6000rcnw,",pt25267000,us6000rcnw,at00t3464l,usauto6000rcnw,",",pt,us,at,usauto,",",dyfi,ground-failure,impact-link,impact-text,internal-moment-tensor,internal-origin,losspager,moment-tensor,origin,phase-data,shakemap,",317.0,1.006,0.67,17.0,mww,earthquake,"M 6.2 - 5 km ENE of Mene Grande, Venezuela",-70.8781,9.8668,9.0,us6000rcnw,2025-09-24 22:21:55.716000+00:00,2025,9,24,22,Modéré,5.497168225293202,8.6,5.497168225293202
5.6,"47 km SSW of San Juan, Peru",1758649159799,1765036809040,,https://earthquake.usgs.gov/earthquakes/eventpage/us6000rcdc,https://earthquake.usgs.gov/fdsnws/event/1/query?eventid=us6000rcdc&format=geojson,1.0,2.5,4.148,green,reviewed,0,483,us,6000rcdc,",us6000rcdc,usauto6000rcdc,",",us,usauto,",",dyfi,internal-moment-tensor,losspager,moment-tensor,origin,phase-data,shakemap,",137.0,4.052,0.7,83.0,mww,earthquake,"M 5.6 - 47 km SSW of San Juan, Peru",-75.2969,-15.7737,12.0,us6000rcdc,2025-09-23 17:39:19.799000+00:00,2025,9,23,17,Faible,0.6931471805599453,2.5,0.6931471805599453
5.2,Kermadec Islands region,1758631478519,1765036809040,,https://earthquake.usgs.gov/earthquakes/eventpage/us6000rc9h,https://earthquake.usgs.gov/fdsnws/event/1/query?eventid=us6000rc9h&format=geojson,,,4.24,green,reviewed,0,416,us,6000rc9h,",usauto6000rc9h,us6000rc9h,",",usauto,us,",",internal-moment-tensor,losspager,moment-tensor,origin,phase-data,shakemap,",60.0,6.544,0.66,61.0,mww,earthquake,M 5.2 - Kermadec Islands region,-178.5902,-31.5242,65.3,us6000rc9h,2025-09-23 12:44:38.519000+00:00,2025,9,23,12,Faible,,4.1,2.5649493574615367
5.6,"172 km SSE of Vilyuchinsk, Russia",1758565133733,1765036807040,,https://earthquake.usgs.gov/earthquakes/eventpage/us6000rc4t,https://earthquake.usgs.gov/fdsnws/event/1/query?eventid=us6000rc4t&format=geojson,,,3.699,green,reviewed,0,482,us,6000rc4t,",usauto6000rc4t,us6000rc4t,",",usauto,us,",",internal-moment-tensor,losspager,moment-tensor,origin,phase-data,shakemap,",124.0,1.58,0.91,77.0,mww,earthquake,"M 5.6 - 172 km SSE of Vilyuchinsk, Russia",159.4482,51.5235,17.0,us6000rc4t,2025-09-22 18:18:53.733000+00:00,2025,9,22,18,Faible,,4.1,2.5649493574615367
5.5,"173 km SSE of Vilyuchinsk, Russia",1758558534550,1765036807040,,https://earthquake.usgs.gov/earthquakes/eventpage/us6000rc2r,https://earthquake.usgs.gov/fdsnws/event/1/query?eventid=us6000rc2r&format=geojson,,,3.786,green,reviewed,0,465,us,6000rc2r,",usauto6000rc2r,us6000rc2r,",",usauto,us,",",internal-moment-tensor,losspager,moment-tensor,origin,phase-data,shakemap,",90.0,1.588,0.83,120.0,mww,earthquake,"M 5.5 - 173 km SSE of Vilyuchinsk, Russia",159.5182,51.5296,17.0,us6000rc2r,2025-09-22 16:28:54.550000+00:00,2025,9,22,16,Faible,,4.1,2.5649493574615367
5.4,"180 km SW of José María Morelos, Mexico",1758551049003,1765036828040,,https://earthquake.usgs.gov/earthquakes/eventpage/us7000qxtz,https://earthquake.usgs.gov/fdsnws/event/1/query?eventid=us7000qxtz&format=geojson,1.0,2.0,3.24,green,reviewed,0,449,us,7000qxtz,",us7000qxtz,usauto7000qxtz,",",us,usauto,",",dyfi,internal-moment-tensor,losspager,moment-tensor,origin,phase-data,shakemap,",85.0,5.12,0.86,127.0,mww,earthquake,"M 5.4 - 180 km SW of José María Morelos, Mexico",-106.5503,18.6883,10.0,us7000qxtz,2025-09-22 14:24:09.003000+00:00,2025,9,22,14,Faible,0.6931471805599453,2.0,0.6931471805599453
4.29,"2 km ESE of Berkeley, CA",1758534972520,1787565980314,,https://earthquake.usgs.gov/earthquakes/eventpage/nc75240492,https://earthquake.usgs.gov/fdsnws/event/1/query?eventid=nc75240492&format=geojson,31810.0,4.4,4.793,green,reviewed,1,723,nc,75240492,",ew1758534970,nc75240492,at00t2zi9o,us7000qxt3,",",ew,nc,at,us,",",dyfi,event-sequence,focal-mechanism,impact-link,losspager,moment-tensor,nearby-cities,oaf,origin,phase-data,scitech-link,shake-alert,shakemap,",177.0,0.01187,0.13,12.0,mw,earthquake,"M 4.3 - 2 km ESE of Berkeley, CA",-122.254,37.863,7.58,nc75240492,2025-09-22 09:56:12.520000+00:00,2025,9,22,9,Faible,10.367567420904209,4.4,10.367567420904209
5.5,"122 km SW of Adak, Alaska",1758447027862,1787478041073,,https://earthquake.usgs.gov/earthquakes/eventpage/us7000qxp1,https://earthquake.usgs.gov/fdsnws/event/1/query?eventid=us7000qxp1&format=geojson,4.0,3.7,4.849,green,reviewed,1,467,us,7000qxp1,",at00t2xmeu,us7000qxp1,usauto7000qxp1,ak025c4rf0bd,",",at,us,usauto,ak,",",dyfi,event-sequence,ground-failure,impact-link,internal-moment-tensor,losspager,moment-tensor,oaf,origin,phase-data,shakemap,",155.0,0.563,0.99,42.0,mww,earthquake,"M 5.5 - 122 km SW of Adak, Alaska",-178.0221,51.1987,30.0,us7000qxp1,2025-09-21 09:30:27.862000+00:00,2025,9,21,9,Faible,1.6094379124341003,3.7,1.6094379124341003
5.6,"166 km E of Petropavlovsk-Kamchatsky, Russia",1758417215389,1765036825040,,https://earthquake.usgs.gov/earthquakes/eventpage/us7000qxm7,https://earthquake.usgs.gov/fdsnws/event/1/query?eventid=us7000qxm7&format=geojson,,,3.773,green,reviewed,0,482,us,7000qxm7,",usauto7000qxm7,pt25264000,us7000qxm7,",",usauto,pt,us,",",internal-moment-tensor,internal-origin,losspager,moment-tensor,origin,phase-data,shakemap,",112.0,1.481,1.24,78.0,mww,earthquake,"M 5.6 - 166 km E of Petropavlovsk-Kamchatsky, Russia",161.0947,52.9362,10.0,us7000qxm7,2025-09-21 01:13:35.389000+00:00,2025,9,21,1,Faible,,4.1,2.5649493574615367
5.9,"176 km E of Petropavlovsk-Kamchatsky, Russia",1758296735090,1765036823040,,https://earthquake.usgs.gov/earthquakes/eventpage/us7000qxcr,https://earthquake.usgs.gov/fdsnws/event/1/query?eventid=us7000qxcr&format=geojson,,,3.968,green,reviewed,0,536,us,7000qxcr,",usauto7000qxcr,pt25262002,us7000qxcr,",",usauto,pt,us,",",internal-moment-tensor,internal-origin,losspager,moment-tensor,origin,phase-data,shakemap,",110.0,1.573,0.89,72.0,mww,earthquake,"M 5.9 - 176 km E of Petropavlovsk-Kamchatsky, Russia",161.2436,52.9112,13.0,us7000qxcr,2025-09-19 15:45:35.090000+00:00,2025,9,19,15,Faible,,4.1,2.5649493574615367
6.0,"98 km ESE of Ozernovskiy, Russia",1758293740913,1765036814040,,https://earthquake.usgs.gov/earthquakes/eventpage/us6000rge8,https://earthquake.usgs.gov/fdsnws/event/1/query?eventid=us6000rge8&format=geojson,,,5.038,green,reviewed,0,554,us,6000rge8,",us6000rge8,",",us,",",ground-failure,losspager,origin,phase-data,shakemap,",121.0,1.845,0.96,72.0,mb,earthquake,"M 6.0 - 98 km ESE of Ozernovskiy, Russia",157.8629,51.2463,58.287,us6000rge8,2025-09-19 14:55:40.913000+00:00,2025,9,19,14,Faible,,4.1,2.5649493574615367
5.9,"109 km ESE of Ozernovskiy, Russia",1758293724833,1765036823040,,https://earthquake.usgs.gov/earthquakes/eventpage/us7000qxcd,https://earthquake.usgs.gov/fdsnws/event/1/query?eventid=us7000qxcd&format=geojson,,,4.429,green,reviewed,0,536,us,7000qxcd,",usauto7000qxcd,pt25262001,us7000qxcd,",",usauto,pt,us,",",internal-moment-tensor,internal-origin,losspager,moment-tensor,origin,phase-data,shakemap,",87.0,1.887,1.32,42.0,mww,earthquake,"M 5.9 - 109 km ESE of Ozernovskiy, Russia",157.9936,51.1828,45.0,us7000qxcd,2025-09-19 14:55:24.833000+00:00,2025,9,19,14,Faible,,4.1,2.5649493574615367
5.5,"164 km SE of Petropavlovsk-Kamchatsky, Russia",1758288424406,1765036823040,,https://earthquake.usgs.gov/earthquakes/eventpage/us7000qxat,https://earthquake.usgs.gov/fdsnws/event/1/query?eventid=us7000qxat&format=geojson,,,3.589,green,reviewed,0,465,us,7000qxat,",pt25262000,us7000qxat,",",pt,us,",",internal-origin,losspager,moment-tensor,origin,phase-data,shakemap,",75.0,1.446,0.7,126.0,mww,earthquake,"M 5.5 - 164 km SE of Petropavlovsk-Kamchatsky, Russia",160.6452,52.2418,10.0,us7000qxat,2025-09-19 13:27:04.406000+00:00,2025,9,19,13,Faible,,4.1,2.5649493574615367
5.4,South Sandwich Islands region,1758273116762,1765036822040,,https://earthquake.usgs.gov/earthquakes/eventpage/us7000qx91,https://earthquake.usgs.gov/fdsnws/event/1/query?eventid=us7000qx91&format=geojson,,,3.061,green,reviewed,0,449,us,7000qx91,",at00t2tw7v,us7000qx91,",",at,us,",",internal-origin,losspager,origin,phase-data,shakemap,",81.0,7.92,0.33,45.0,mww,earthquake,M 5.4 - South Sandwich Islands region,-24.6648,-58.7504,10.0,us7000qx91,2025-09-19 09:11:56.762000+00:00,2025,9,19,9,Faible,,4.1,2.5649493574615367
4.06,"3 km SW of Pāhala, Hawaii",1758261129690,1765036822040,,https://earthquake.usgs.gov/earthquakes/eventpage/hv74779207,https://earthquake.usgs.gov/fdsnws/event/1/query?eventid=hv74779207&format=geojson,28.0,4.3,3.587,green,reviewed,0,266,hv,74779207,",us7000qx7v,hv74779207,",",us,hv,",",dyfi,losspager,moment-tensor,origin,phase-data,shakemap,",60.0,0.04751,0.11,96.0,ml,earthquake,"M 4.1 - 3 km SW of Pāhala, Hawaii",-155.504333333333,19.1813333333333,31.07,hv74779207,2025-09-19 05:52:09.690000+00:00,2025,9,19,5,Faible,3.367295829986474,4.3,3.367295829986474
5.5,"42 km ENE of La Tirana, Chile",1758257756775,1765036821040,,https://earthquake.usgs.gov/earthquakes/eventpage/us7000qx7a,https://earthquake.usgs.gov/fdsnws/event/1/query?eventid=us7000qx7a&format=geojson,36.0,4.9,5.014,green,reviewed,0,483,us,7000qx7a,",us7000qx7a,usauto7000qx7a,",",us,usauto,",",dyfi,internal-moment-tensor,losspager,moment-tensor,origin,phase-data,shakemap,",78.0,0.139,1.17,80.0,mww,earthquake,"M 5.5 - 42 km ENE of La Tirana, Chile",-69.258,-20.2393,96.269,us7000qx7a,2025-09-19 04:55:56.775000+00:00,2025,9,19,4,Faible,3.6109179126442243,4.9,3.6109179126442243
5.4,"165 km ESE of Petropavlovsk-Kamchatsky, Russia",1758242909540,1765036821040,,https://earthquake.usgs.gov/earthquakes/eventpage/us7000qx5t,https://earthquake.usgs.gov/fdsnws/event/1/query?eventid=us7000qx5t&format=geojson,,,3.583,green,reviewed,0,449,us,7000qx5t,",us7000qx5t,",",us,",",losspager,origin,phase-data,shakemap,",99.0,1.46,1.35,109.0,mb,earthquake,"M 5.4 - 165 km ESE of Petropavlovsk-Kamchatsky, Russia",160.8899,52.4951,10.0,us7000qx5t,2025-09-19 00:48:29.540000+00:00,2025,9,19,0,Faible,,4.1,2.5649493574615367
5.4,"170 km E of Petropavlovsk-Kamchatsky, Russia",1758241356086,1765036821040,,https://earthquake.usgs.gov/earthquakes/eventpage/us7000qx5p,https://earthquake.usgs.gov/fdsnws/event/1/query?eventid=us7000qx5p&format=geojson,,,3.745,green,reviewed,0,449,us,7000qx5p,",us7000qx5p,",",us,",",losspager,origin,phase-data,shakemap,",105.0,1.517,1.2,119.0,mb,earthquake,"M 5.4 - 170 km E of Petropavlovsk-Kamchatsky, Russia",161.1417,52.8545,10.0,us7000qx5p,2025-09-19 00:22:36.086000+00:00,2025,9,19,0,Faible,,4.1,2.5649493574615367
5.5,"151 km E of Petropavlovsk-Kamchatsky, Russia",1758235030562,1765036821040,,https://earthquake.usgs.gov/earthquakes/eventpage/us7000qx52,https://earthquake.usgs.gov/fdsnws/event/1/query?eventid=us7000qx52&format=geojson,,,4.05,green,reviewed,0,465,us,7000qx52,",us7000qx52,",",us,",",losspager,origin,phase-data,shakemap,",111.0,1.35,0.86,105.0,mb,earthquake,"M 5.5 - 151 km E of Petropavlovsk-Kamchatsky, Russia",160.8847,53.0067,35.0,us7000qx52,2025-09-18 22:37:10.562000+00:00,2025,9,18,22,Faible,,4.1,2.5649493574615367
5.7,"140 km E of Petropavlovsk-Kamchatsky, Russia",1758231475577,1765036821040,,https://earthquake.usgs.gov/earthquakes/eventpage/us7000qx4q,https://earthquake.usgs.gov/fdsnws/event/1/query?eventid=us7000qx4q&format=geojson,,,4.035,green,reviewed,0,500,us,7000qx4q,",us7000qx4q,",",us,",",losspager,origin,phase-data,shakemap,",88.0,1.246,0.77,147.0,mb,earthquake,"M 5.7 - 140 km E of Petropavlovsk-Kamchatsky, Russia",160.7052,52.9373,47.898,us7000qx4q,2025-09-18 21:37:55.577000+00:00,2025,9,18,21,Faible,,4.1,2.5649493574615367
5.2,"164 km ESE of Petropavlovsk-Kamchatsky, Russia",1758231401130,1765036820040,,https://earthquake.usgs.gov/earthquakes/eventpage/us7000qx4p,https://earthquake.usgs.gov/fdsnws/event/1/query?eventid=us7000qx4p&format=geojson,,,3.524,green,reviewed,0,416,us,7000qx4p,",us7000qx4p,",",us,",",losspager,origin,phase-data,shakemap,",110.0,1.447,1.06,105.0,mb,earthquake,"M 5.2 - 164 km ESE of Petropavlovsk-Kamchatsky, Russia",160.7563,52.3527,10.0,us7000qx4p,2025-09-18 21:36:41.130000+00:00,2025,9,18,21,Faible,,4.1,2.5649493574615367
5.5,"144 km E of Petropavlovsk-Kamchatsky, Russia",1758226664835,1765036820040,,https://earthquake.usgs.gov/earthquakes/eventpage/us7000qx3d,https://earthquake.usgs.gov/fdsnws/event/1/query?eventid=us7000qx3d&format=geojson,,,4.071,green,reviewed,0,465,us,7000qx3d,",us7000qx3d,",",us,",",losspager,origin,phase-data,shakemap,",123.0,1.28,0.68,76.0,mb,earthquake,"M 5.5 - 144 km E of Petropavlovsk-Kamchatsky, Russia",160.7605,52.9284,35.714,us7000qx3d,2025-09-18 20:17:44.835000+00:00,2025,9,18,20,Faible,,4.1,2.5649493574615367
5.6,"156 km ESE of Petropavlovsk-Kamchatsky, Russia",1758225782493,1765036820040,,https://earthquake.usgs.gov/earthquakes/eventpage/us7000qx33,https://earthquake.usgs.gov/fdsnws/event/1/query?eventid=us7000qx33&format=geojson,,,3.595,green,reviewed,0,482,us,7000qx33,",us7000qx33,",",us,",",losspager,origin,phase-data,shakemap,",109.0,1.383,0.95,102.0,mb,earthquake,"M 5.6 - 156 km ESE of Petropavlovsk-Kamchatsky, Russia",160.6915,52.4163,10.0,us7000qx33,2025-09-18 20:03:02.493000+00:00,2025,9,18,20,Faible,,4.1,2.5649493574615367
5.4,"38 km WNW of Bacnotan, Philippines",1758225130415,1765036820040,,https://earthquake.usgs.gov/earthquakes/eventpage/us7000qx2y,https://earthquake.usgs.gov/fdsnws/event/1/query?eventid=us7000qx2y&format=geojson,15.0,4.8,4.42,green,reviewed,0,456,us,7000qx2y,",us7000qx2y,",",us,",",dyfi,losspager,origin,phase-data,shakemap,",87.0,6.005,0.85,46.0,mb,earthquake,"M 5.4 - 38 km WNW of Bacnotan, Philippines",120.0268,16.8635,35.0,us7000qx2y,2025-09-18 19:52:10.415000+00:00,2025,9,18,19,Faible,2.772588722239781,4.8,2.772588722239781
5.5,"160 km ESE of Petropavlovsk-Kamchatsky, Russia",1758223597834,1765036820040,,https://earthquake.usgs.gov/earthquakes/eventpage/us7000qx2s,https://earthquake.usgs.gov/fdsnws/event/1/query?eventid=us7000qx2s&format=geojson,,,3.852,green,reviewed,0,465,us,7000qx2s,",us7000qx2s,",",us,",",losspager,origin,phase-data,shakemap,",119.0,1.427,0.69,92.0,mb,earthquake,"M 5.5 - 160 km ESE of Petropavlovsk-Kamchatsky, Russia",160.965,52.7596,10.0,us7000qx2s,2025-09-18 19:26:37.834000+00:00,2025,9,18,19,Faible,,4.1,2.5649493574615367
5.4,"146 km E of Petropavlovsk-Kamchatsky, Russia",1758223163947,1765036820040,,https://earthquake.usgs.gov/earthquakes/eventpage/us7000qx2r,https://earthquake.usgs.gov/fdsnws/event/1/query?eventid=us7000qx2r&format=geojson,,,4.001,green,reviewed,0,449,us,7000qx2r,",us7000qx2r,",",us,",",losspager,origin,phase-data,shakemap,",190.0,1.301,0.61,119.0,mb,earthquake,"M 5.4 - 146 km E of Petropavlovsk-Kamchatsky, Russia",160.7987,52.9469,32.356,us7000qx2r,2025-09-18 19:19:23.947000+00:00,2025,9,18,19,Faible,,4.1,2.5649493574615367
5.8,"144 km E of Petropavlovsk-Kamchatsky, Russia",1758222499904,1765036820040,,https://earthquake.usgs.gov/earthquakes/eventpage/us7000qx2q,https://earthquake.usgs.gov/fdsnws/event/1/query?eventid=us7000qx2q&format=geojson,,,4.17,green,reviewed,0,518,us,7000qx2q,",us7000qx2q,",",us,",",losspager,origin,phase-data,shakemap,",115.0,1.284,0.61,80.0,mb,earthquake,"M 5.8 - 144 km E of Petropavlovsk-Kamchatsky, Russia",160.7735,52.9863,10.0,us7000qx2q,2025-09-18 19:08:19.904000+00:00,2025,9,18,19,Faible,,4.1,2.5649493574615367
5.4,Scotia Sea,1758222467518,1765036820040,,https://earthquake.usgs.gov/earthquakes/eventpage/us7000qx2n,https://earthquake.usgs.gov/fdsnws/event/1/query?eventid=us7000qx2n&format=geojson,,,0.0,green,reviewed,0,449,us,7000qx2n,",us7000qx2n,",",us,",",losspager,origin,phase-data,shakemap,",93.0,6.708,0.38,55.0,mb,earthquake,M 5.4 - Scotia Sea,-31.5333,-60.4185,10.0,us7000qx2n,2025-09-18 19:07:47.518000+00:00,2025,9,18,19,Faible,,4.1,2.5649493574615367
7.8,"140 km E of Petropavlovsk-Kamchatsky, Russia",1758221894939,1765039290345,,https://earthquake.usgs.gov/earthquakes/eventpage/us7000qx2g,https://earthquake.usgs.gov/fdsnws/event/1/query?eventid=us7000qx2g&format=geojson,26.0,8.0,8.302,orange,reviewed,1,1021,us,7000qx2g,",at00t2ssp5,us7000qx2g,pt25261001,usauto7000qx2g,",",at,us,pt,usauto,",",dyfi,finite-fault,general-text,ground-failure,impact-link,impact-text,internal-moment-tensor,internal-origin,losspager,moment-tensor,origin,phase-data,shakemap,",212.0,1.255,1.07,76.0,mww,earthquake,"M 7.8 - 140 km E of Petropavlovsk-Kamchatsky, Russia",160.7206,53.1426,27.0,us7000qx2g,2025-09-18 18:58:14.939000+00:00,2025,9,18,18,Sévère,3.295836866004329,8.0,3.295836866004329
6.0,"26 km S of Nabire, Indonesia",1758219589220,1765036820040,,https://earthquake.usgs.gov/earthquakes/eventpage/us7000qx1z,https://earthquake.usgs.gov/fdsnws/event/1/query?eventid=us7000qx1z&format=geojson,6.0,6.5,6.812,green,reviewed,0,558,us,7000qx1z,",us7000qx1z,usauto7000qx1z,pt25261000,",",us,usauto,pt,",",dyfi,ground-failure,impact-text,internal-moment-tensor,internal-origin,losspager,moment-tensor,origin,phase-data,shakemap,",96.0,1.262,0.95,36.0,mww,earthquake,"M 6.0 - 26 km S of Nabire, Indonesia",135.4658,-3.5961,28.0,us7000qx1z,2025-09-18 18:19:49.220000+00:00,2025,9,18,18,Faible,1.9459101490553132,6.5,1.9459101490553132
5.4,"66 km SE of Petropavlovsk-Kamchatsky, Russia",1758142667240,1765036819040,,https://earthquake.usgs.gov/earthquakes/eventpage/us7000qwst,https://earthquake.usgs.gov/fdsnws/event/1/query?eventid=us7000qwst&format=geojson,1.0,4.6,4.116,green,reviewed,0,449,us,7000qwst,",us7000qwst,usauto7000qwst,",",us,usauto,",",dyfi,internal-moment-tensor,losspager,origin,phase-data,shakemap,",165.0,0.557,0.76,34.0,mww,earthquake,"M 5.4 - 66 km SE of Petropavlovsk-Kamchatsky, Russia",159.302,52.6317,54.177,us7000qwst,2025-09-17 20:57:47.240000+00:00,2025,9,17,20,Faible,0.6931471805599453,4.6,0.6931471805599453
6.0,"208 km SE of Kokopo, Papua New Guinea",1758041986550,1765289894040,,https://earthquake.usgs.gov/earthquakes/eventpage/us7000qwir,https://earthquake.usgs.gov/fdsnws/event/1/query?eventid=us7000qwir&format=geojson,,,4.074,green,reviewed,0,554,us,7000qwir,",us7000qwir,usauto7000qwir,at00t2oxvr,pt25259000,",",us,usauto,at,pt,",",ground-failure,internal-moment-tensor,internal-origin,losspager,moment-tensor,origin,phase-data,shakemap,",191.0,2.047,0.95,21.0,mww,earthquake,"M 6.0 - 208 km SE of Kokopo, Papua New Guinea",153.7354,-5.5179,31.0,us7000qwir,2025-09-16 16:59:46.550000+00:00,2025,9,16,16,Faible,,4.1,2.5649493574615367
6.0,"144 km ESE of Petropavlovsk-Kamchatsky, Russia",1757954075213,1764734319040,,https://earthquake.usgs.gov/earthquakes/eventpage/us7000qwch,https://earthquake.usgs.gov/fdsnws/event/1/query?eventid=us7000qwch&format=geojson,,,4.199,green,reviewed,0,554,us,7000qwch,",us7000qwch,usauto7000qwch,at00t2n21p,pt25258001,",",us,usauto,at,pt,",",ground-failure,internal-moment-tensor,internal-origin,losspager,moment-tensor,origin,phase-data,shakemap,",174.0,1.273,0.66,92.0,mww,earthquake,"M 6.0 - 144 km ESE of Petropavlovsk-Kamchatsky, Russia",160.6791,52.6973,15.0,us7000qwch,2025-09-15 16:34:35.213000+00:00,2025,9,15,16,Faible,,4.1,2.5649493574615367
5.5,"11 km ESE of Udalguri, India",1757848311373,1764734310040,,https://earthquake.usgs.gov/earthquakes/eventpage/us7000qw56,https://earthquake.usgs.gov/fdsnws/event/1/query?eventid=us7000qw56&format=geojson,120.0,6.0,6.215,orange,reviewed,0,1072,us,7000qw56,",us7000qw56,usauto7000qw56,",",us,usauto,",",dyfi,ground-failure,impact-text,internal-moment-tensor,losspager,moment-tensor,origin,phase-data,shakemap,",215.0,3.132,0.81,20.0,mww,earthquake,"M 5.5 - 11 km ESE of Udalguri, India",92.2103,26.7097,29.0,us7000qw56,2025-09-14 11:11:51.373000+00:00,2025,9,14,11,Sévère,4.795790545596741,6.0,4.795790545596741
5.4,"5 km N of Frontino, Colombia",1757833932402,1764734309040,,https://earthquake.usgs.gov/earthquakes/eventpage/us7000qw4k,https://earthquake.usgs.gov/fdsnws/event/1/query?eventid=us7000qw4k&format=geojson,37.0,5.7,6.36,green,reviewed,0,470,us,7000qw4k,",us7000qw4k,usauto7000qw4k,",",us,usauto,",",dyfi,impact-text,internal-moment-tensor,losspager,moment-tensor,origin,phase-data,shakemap,",96.0,2.672,0.76,96.0,mww,earthquake,"M 5.4 - 5 km N of Frontino, Colombia",-76.1391,6.8248,10.0,us7000qw4k,2025-09-14 07:12:12.402000+00:00,2025,9,14,7,Faible,3.6375861597263857,5.7,3.6375861597263857
5.4,South Sandwich Islands region,1757737926790,1764734298040,,https://earthquake.usgs.gov/earthquakes/eventpage/us7000qvx7,https://earthquake.usgs.gov/fdsnws/event/1/query?eventid=us7000qvx7&format=geojson,,,3.294,green,reviewed,0,449,us,7000qvx7,",us7000qvx7,",",us,",",losspager,origin,phase-data,shakemap,",118.0,5.044,0.7,39.0,mb,earthquake,M 5.4 - South Sandwich Islands region,-28.0794,-55.6948,34.514,us7000qvx7,2025-09-13 04:32:06.790000+00:00,2025,9,13,4,Faible,,4.1,2.5649493574615367
7.4,"105 km E of Petropavlovsk-Kamchatsky, Russia",1757731076761,1764734297040,,https://earthquake.usgs.gov/earthquakes/eventpage/us7000qvw5,https://earthquake.usgs.gov/fdsnws/event/1/query?eventid=us7000qvw5&format=geojson,23.0,8.2,8.022,green,reviewed,1,861,us,7000qvw5,",us7000qvw5,at00t2i9z8,pt25256000,usauto7000qvw5,",",us,at,pt,usauto,",",dyfi,finite-fault,general-text,ground-failure,impact-link,internal-moment-tensor,internal-origin,losspager,moment-tensor,origin,phase-data,shakemap,",298.0,0.945,0.74,25.0,mww,earthquake,"M 7.4 - 105 km E of Petropavlovsk-Kamchatsky, Russia",160.1901,53.1969,58.0,us7000qvw5,2025-09-13 02:37:56.761000+00:00,2025,9,13,2,Faible,3.1780538303479458,8.2,3.1780538303479458
5.6,Tristan da Cunha region,1757699205860,1764734292040,,https://earthquake.usgs.gov/earthquakes/eventpage/us7000qvrf,https://earthquake.usgs.gov/fdsnws/event/1/query?eventid=us7000qvrf&format=geojson,,,0.0,green,reviewed,0,482,us,7000qvrf,",usauto7000qvrf,us7000qvrf,",",usauto,us,",",internal-moment-tensor,losspager,moment-tensor,origin,phase-data,shakemap,",147.0,3.514,0.53,55.0,mww,earthquake,M 5.6 - Tristan da Cunha region,-15.621,-39.4342,10.0,us7000qvrf,2025-09-12 17:46:45.860000+00:00,2025,9,12,17,Faible,,4.1,2.5649493574615367
4.13,"10 km W of Maeser, Utah",1757548667450,1787789276296,,https://earthquake.usgs.gov/earthquakes/eventpage/uu80117176,https://earthquake.usgs.gov/fdsnws/event/1/query?eventid=uu80117176&format=geojson,183.0,3.2,3.638,green,reviewed,0,321,uu,80117176,",us7000qvcv,uu80117176,",",us,uu,",",dyfi,event-sequence,losspager,moment-tensor,oaf,origin,phase-data,shakemap,trump-shakemap,",25.0,0.1213,0.27,105.0,ml,earthquake,"M 4.1 - 10 km W of Maeser, Utah",-109.704833333333,40.4801666666667,68.34,uu80117176,2025-09-10 23:57:47.450000+00:00,2025,9,10,23,Faible,5.214935757608986,3.2,5.214935757608986
5.3,Mid-Indian Ridge,1757431276445,1764546066040,,https://earthquake.usgs.gov/earthquakes/eventpage/us7000qv0n,https://earthquake.usgs.gov/fdsnws/event/1/query?eventid=us7000qv0n&format=geojson,,,3.815,green,reviewed,0,432,us,7000qv0n,",usauto7000qv0n,us7000qv0n,",",usauto,us,",",internal-moment-tensor,losspager,origin,phase-data,shakemap,",113.0,13.157,0.56,62.0,mww,earthquake,M 5.3 - Mid-Indian Ridge,78.1132,-37.4955,10.0,us7000qv0n,2025-09-09 15:21:16.445000+00:00,2025,9,9,15,Faible,,4.1,2.5649493574615367
5.7,"174 km WSW of Port Orford, Oregon",1757390881584,1787631485078,,https://earthquake.usgs.gov/earthquakes/eventpage/us7000quwy,https://earthquake.usgs.gov/fdsnws/event/1/query?eventid=us7000quwy&format=geojson,50.0,4.1,3.616,green,reviewed,1,520,us,7000quwy,",us7000quwy,at00t2azhg,usauto7000quwy,pt25252000,",",us,at,usauto,pt,",",dyfi,event-sequence,impact-link,internal-moment-tensor,internal-origin,losspager,moment-tensor,oaf,origin,phase-data,shakemap,",203.0,1.641,0.76,105.0,mww,earthquake,"M 5.7 - 174 km WSW of Port Orford, Oregon",-126.5618,42.36,10.0,us7000quwy,2025-09-09 04:08:01.584000+00:00,2025,9,9,4,Faible,3.9318256327243257,4.1,3.9318256327243257
6.4,Vanuatu region,1757368068117,1764546051040,,https://earthquake.usgs.gov/earthquakes/eventpage/us7000quvp,https://earthquake.usgs.gov/fdsnws/event/1/query?eventid=us7000quvp&format=geojson,1.0,3.1,3.89,green,reviewed,1,630,us,7000quvp,",us7000quvp,pt25251000,at00t2ahvu,usauto7000quvp,",",us,pt,at,usauto,",",dyfi,ground-failure,impact-link,internal-moment-tensor,internal-origin,losspager,moment-tensor,origin,phase-data,shakemap,",84.0,5.229,0.61,48.0,mww,earthquake,M 6.4 - Vanuatu region,173.7046,-21.0025,10.0,us7000quvp,2025-09-08 21:47:48.117000+00:00,2025,9,8,21,Faible,0.6931471805599453,3.1,0.6931471805599453
4.1,"264 km WNW of Port McNeill, Canada",1757257209285,1764546032040,,https://earthquake.usgs.gov/earthquakes/eventpage/us7000qukk,https://earthquake.usgs.gov/fdsnws/event/1/query?eventid=us7000qukk&format=geojson,2.0,2.0,2.249,green,reviewed,0,259,us,7000qukk,",us7000qukk,",",us,",",dyfi,losspager,origin,phase-data,shakemap,",71.0,0.925,0.61,170.0,mb,earthquake,"M 4.1 - 264 km WNW of Port McNeill, Canada",-130.5975,51.4476,10.0,us7000qukk,2025-09-07 15:00:09.285000+00:00,2025,9,7,15,Faible,1.0986122886681098,2.0,1.0986122886681098
5.4,"81 km SSW of Nikolski, Alaska",1757191242434,1787431848149,,https://earthquake.usgs.gov/earthquakes/eventpage/us7000qug7,https://earthquake.usgs.gov/fdsnws/event/1/query?eventid=us7000qug7&format=geojson,,,3.558,green,reviewed,1,449,us,7000qug7,",us7000qug7,at00t26pfw,usauto7000qug7,ak025bg4yqy0,",",us,at,usauto,ak,",",event-sequence,impact-link,internal-moment-tensor,losspager,moment-tensor,oaf,origin,phase-data,shakemap,",109.0,0.491,0.72,69.0,mww,earthquake,"M 5.4 - 81 km SSW of Nikolski, Alaska",-169.4988,52.3153,37.69,us7000qug7,2025-09-06 20:40:42.434000+00:00,2025,9,6,20,Faible,,4.1,2.5649493574615367
5.0,"35 km NE of Hicks Bay, New Zealand",1757188506035,1764546020040,,https://earthquake.usgs.gov/earthquakes/eventpage/us7000qufv,https://earthquake.usgs.gov/fdsnws/event/1/query?eventid=us7000qufv&format=geojson,2.0,2.2,3.784,green,reviewed,0,385,us,7000qufv,",us7000qufv,",",us,",",dyfi,losspager,origin,phase-data,shakemap,",45.0,0.29,1.06,131.0,mb,earthquake,"M 5.0 - 35 km NE of Hicks Bay, New Zealand",178.6202,-37.4133,43.92,us7000qufv,2025-09-06 19:55:06.035000+00:00,2025,9,6,19,Faible,1.0986122886681098,2.2,1.0986122886681098
5.4,"44 km NNW of Salinas, Ecuador",1757094152285,1764546009040,,https://earthquake.usgs.gov/earthquakes/eventpage/us7000qu91,https://earthquake.usgs.gov/fdsnws/event/1/query?eventid=us7000qu91&format=geojson,4.0,5.9,5.444,green,reviewed,0,451,us,7000qu91,",us7000qu91,usauto7000qu91,pt25248000,",",us,usauto,pt,",",dyfi,internal-moment-tensor,internal-origin,internal-phase-data,losspager,moment-tensor,origin,phase-data,shakemap,",177.0,1.533,0.86,39.0,mww,earthquake,"M 5.4 - 44 km NNW of Salinas, Ecuador",-81.0466,-1.821,3.061,us7000qu91,2025-09-05 17:42:32.285000+00:00,2025,9,5,17,Faible,1.6094379124341003,5.9,1.6094379124341003
5.6,"40 km WSW of Asadābād, Afghanistan",1757004986361,1764545995040,,https://earthquake.usgs.gov/earthquakes/eventpage/us7000qtst,https://earthquake.usgs.gov/fdsnws/event/1/query?eventid=us7000qtst&format=geojson,84.0,7.9,7.909,red,reviewed,0,2066,us,7000qtst,",us7000qtst,usauto7000qtst,",",us,usauto,",",dyfi,ground-failure,impact-text,internal-moment-tensor,losspager,moment-tensor,origin,phase-data,shakemap,",124.0,1.351,0.81,23.0,mww,earthquake,"M 5.6 - 40 km WSW of Asadābād, Afghanistan",70.758,34.6972,16.505,us7000qtst,2025-09-04 16:56:26.361000+00:00,2025,9,4,16,Sévère,4.442651256490317,7.9,4.442651256490317
5.9,"85 km W of San Antonio de los Cobres, Argentina",1756959019917,1764545987040,,https://earthquake.usgs.gov/earthquakes/eventpage/us7000qtpj,https://earthquake.usgs.gov/fdsnws/event/1/query?eventid=us7000qtpj&format=geojson,17.0,6.1,3.778,green,reviewed,0,546,us,7000qtpj,",us7000qtpj,usauto7000qtpj,",",us,usauto,",",dyfi,internal-moment-tensor,losspager,moment-tensor,origin,phase-data,shakemap,",117.0,1.502,1.32,41.0,mww,earthquake,"M 5.9 - 85 km W of San Antonio de los Cobres, Argentina",-67.1572,-24.1304,182.0,us7000qtpj,2025-09-04 04:10:19.917000+00:00,2025,9,4,4,Faible,2.8903717578961645,6.1,2.8903717578961645
5.9,"92 km SSW of Nikolski, Alaska",1756933067645,1787778481365,,https://earthquake.usgs.gov/earthquakes/eventpage/us7000qtm0,https://earthquake.usgs.gov/fdsnws/event/1/query?eventid=us7000qtm0&format=geojson,1.0,4.1,3.911,green,reviewed,1,536,us,7000qtm0,",at00t2168g,ak025bb6gdes,us7000qtm0,usauto7000qtm0,pt25246000,",",at,ak,us,usauto,pt,",",dyfi,event-sequence,ground-failure,impact-link,internal-moment-tensor,internal-origin,losspager,moment-tensor,oaf,origin,phase-data,shakemap,",192.0,0.596,0.7,43.0,mww,earthquake,"M 5.9 - 92 km SSW of Nikolski, Alaska",-169.5044,52.207,18.0,us7000qtm0,2025-09-03 20:57:47.645000+00:00,2025,9,3,20,Faible,0.6931471805599453,4.1,0.6931471805599453
5.6,"133 km SE of Old Harbor, Alaska",1756724529766,1787569934242,,https://earthquake.usgs.gov/earthquakes/eventpage/ak025b7povrc,https://earthquake.usgs.gov/fdsnws/event/1/query?eventid=ak025b7povrc&format=geojson,,,3.154,green,reviewed,1,482,ak,025b7povrc,",ak025b7povrc,at00t1wpbh,usauto7000qt03,pt25244000,us7000qt03,",",ak,at,usauto,pt,us,",",event-sequence,impact-link,internal-moment-tensor,internal-origin,losspager,moment-tensor,oaf,origin,phase-data,shakemap,",,,0.57,,mww,earthquake,"M 5.6 - 133 km SE of Old Harbor, Alaska",-151.9738,56.2482,12.0,ak025b7povrc,2025-09-01 11:02:09.766000+00:00,2025,9,1,11,Faible,,4.1,2.5649493574615367
6.0,"35 km WSW of Asadābād, Afghanistan",1756667854124,1787589071493,,https://earthquake.usgs.gov/earthquakes/eventpage/us7000qsvj,https://earthquake.usgs.gov/fdsnws/event/1/query?eventid=us7000qsvj&format=geojson,169.0,8.8,9.393,red,reviewed,0,2149,us,7000qsvj,",us7000qsvj,usauto7000qsvj,pt25243000,at00t1vhlc,",",us,usauto,pt,at,",",dyfi,event-sequence,general-text,ground-failure,impact-text,internal-moment-tensor,internal-origin,losspager,moment-tensor,oaf,origin,phase-data,shakemap,",152.0,1.394,0.68,20.0,mww,earthquake,"M 6.0 - 35 km WSW of Asadābād, Afghanistan",70.8087,34.7106,8.0,us7000qsvj,2025-08-31 19:17:34.124000+00:00,2025,8,31,19,Sévère,5.135798437050262,8.8,5.135798437050262
5.6,South Sandwich Islands region,1756657467451,1763589587040,,https://earthquake.usgs.gov/earthquakes/eventpage/us7000qsu5,https://earthquake.usgs.gov/fdsnws/event/1/query?eventid=us7000qsu5&format=geojson,,,3.631,green,reviewed,0,482,us,7000qsu5,",usauto7000qsu5,at00t1v9kn,us7000qsu5,",",usauto,at,us,",",internal-moment-tensor,internal-origin,losspager,moment-tensor,origin,phase-data,shakemap,",84.0,7.299,0.7,65.0,mww,earthquake,M 5.6 - South Sandwich Islands region,-25.6202,-58.3758,67.461,us7000qsu5,2025-08-31 16:24:27.451000+00:00,2025,8,31,16,Faible,,4.1,2.5649493574615367
3.86,"51 km NE of Valmy, Nevada",1756618044337,1786146165839,,https://earthquake.usgs.gov/earthquakes/eventpage/nn00903513,https://earthquake.usgs.gov/fdsnws/event/1/query?eventid=nn00903513&format=geojson,,,4.319,green,reviewed,0,229,nn,00903513,",us7000qsq9,nn00903513,",",us,nn,",",losspager,origin,phase-data,shakemap,",9.0,0.309,0.081,156.0,ml,earthquake,"M 3.9 - 51 km NE of Valmy, Nevada",-116.7483,41.156,5.9287,nn00903513,2025-08-31 05:27:24.337000+00:00,2025,8,31,5,Faible,,4.1,2.5649493574615367
5.5,"110 km SE of Lata, Solomon Islands",1756584567619,1763589585040,,https://earthquake.usgs.gov/earthquakes/eventpage/us7000qsly,https://earthquake.usgs.gov/fdsnws/event/1/query?eventid=us7000qsly&format=geojson,,,4.457,green,reviewed,0,465,us,7000qsly,",us7000qsly,",",us,",",losspager,moment-tensor,origin,phase-data,shakemap,",87.0,3.957,0.66,60.0,mww,earthquake,"M 5.5 - 110 km SE of Lata, Solomon Islands",166.3607,-11.5525,60.034,us7000qsly,2025-08-30 20:09:27.619000+00:00,2025,8,30,20,Faible,,4.1,2.5649493574615367
4.0,"61 km NNE of Valmy, Nevada",1756580579219,1763589585040,,https://earthquake.usgs.gov/earthquakes/eventpage/nn00903475,https://earthquake.usgs.gov/fdsnws/event/1/query?eventid=nn00903475&format=geojson,15.0,4.0,4.336,green,reviewed,0,252,nn,00903475,",us7000qsla,nn00903475,",",us,nn,",",dyfi,losspager,moment-tensor,origin,phase-data,shakemap,",7.0,1.237,0.2807,163.71000000000004,mw,earthquake,"M 4.0 - 61 km NNE of Valmy, Nevada",-116.7306,41.2573,4.2,nn00903475,2025-08-30 19:02:59.219000+00:00,2025,8,30,19,Faible,2.772588722239781,4.0,2.772588722239781
4.8,"51 km NE of Valmy, Nevada",1756580393401,1787425798853,,https://earthquake.usgs.gov/earthquakes/eventpage/nn00903470,https://earthquake.usgs.gov/fdsnws/event/1/query?eventid=nn00903470&format=geojson,55.0,5.6,5.692,green,reviewed,0,385,nn,00903470,",us7000qsl3,nn00903470,usauto7000qsl3,",",us,nn,usauto,",",dyfi,event-sequence,ground-failure,internal-moment-tensor,losspager,moment-tensor,oaf,origin,phase-data,shakemap,",9.0,1.186,0.4162,138.72999999999996,mw,earthquake,"M 4.8 - 51 km NE of Valmy, Nevada",-116.7192,41.1396,8.1,nn00903470,2025-08-30 18:59:53.401000+00:00,2025,8,30,18,Faible,4.02535169073515,5.6,4.02535169073515
4.3,"31 km NW of Waikawa, New Zealand",1756553488481,1763589584040,,https://earthquake.usgs.gov/earthquakes/eventpage/us7000qsjm,https://earthquake.usgs.gov/fdsnws/event/1/query?eventid=us7000qsjm&format=geojson,55.0,5.0,3.741,green,reviewed,0,312,us,7000qsjm,",us7000qsjm,",",us,",",dyfi,losspager,moment-tensor,origin,phase-data,shakemap,",42.0,0.368,0.84,64.0,mwr,earthquake,"M 4.3 - 31 km NW of Waikawa, New Zealand",173.8099,-41.0451,72.906,us7000qsjm,2025-08-30 11:31:28.481000+00:00,2025,8,30,11,Faible,4.02535169073515,5.0,4.02535169073515
5.5,"53 km E of Onagawa Chō, Japan",1756484962449,1763589583040,,https://earthquake.usgs.gov/earthquakes/eventpage/us7000qrw3,https://earthquake.usgs.gov/fdsnws/event/1/query?eventid=us7000qrw3&format=geojson,25.0,4.4,4.115,green,reviewed,0,476,us,7000qrw3,",us7000qrw3,usauto7000qrw3,",",us,usauto,",",dyfi,internal-moment-tensor,losspager,moment-tensor,origin,phase-data,shakemap,",157.0,2.457,0.66,38.0,mww,earthquake,"M 5.5 - 53 km E of Onagawa Chō, Japan",142.0646,38.4534,51.698,us7000qrw3,2025-08-29 16:29:22.449000+00:00,2025,8,29,16,Faible,3.258096538021482,4.4,3.258096538021482
5.1,"260 km W of Adak, Alaska",1756458865405,1787304273684,,https://earthquake.usgs.gov/earthquakes/eventpage/us7000qru7,https://earthquake.usgs.gov/fdsnws/event/1/query?eventid=us7000qru7&format=geojson,,,3.936,green,reviewed,1,400,us,7000qru7,",us7000qru7,at00t1r0c2,usauto7000qru7,ak025b2pylgm,",",us,at,usauto,ak,",",event-sequence,impact-link,internal-moment-tensor,losspager,moment-tensor,oaf,origin,phase-data,shakemap,",220.0,0.189,0.6,65.0,mww,earthquake,"M 5.1 - 260 km W of Adak, Alaska",179.5965,51.7122,81.285,us7000qru7,2025-08-29 09:14:25.405000+00:00,2025,8,29,9,Faible,,4.1,2.5649493574615367
5.9,"237 km W of Adak, Alaska",1756379268125,1787224676536,,https://earthquake.usgs.gov/earthquakes/eventpage/us7000qrj0,https://earthquake.usgs.gov/fdsnws/event/1/query?eventid=us7000qrj0&format=geojson,2.0,1.0,4.297,green,reviewed,1,536,us,7000qrj0,",us7000qrj0,at00t1pax1,usauto7000qrj0,pt25240000,ak025b13knw9,",",us,at,usauto,pt,ak,",",dyfi,event-sequence,impact-link,internal-moment-tensor,internal-origin,losspager,moment-tensor,oaf,origin,phase-data,shakemap,",154.0,0.256,1.17,31.0,mww,earthquake,"M 5.9 - 237 km W of Adak, Alaska",179.9386,52.1251,130.0,us7000qrj0,2025-08-28 11:07:48.125000+00:00,2025,8,28,11,Faible,1.0986122886681098,1.0,1.0986122886681098
6.0,"92 km E of Severo-Kuril’sk, Russia",1756266590441,1763589580040,,https://earthquake.usgs.gov/earthquakes/eventpage/us7000qr8h,https://earthquake.usgs.gov/fdsnws/event/1/query?eventid=us7000qr8h&format=geojson,4.0,5.0,4.952,green,reviewed,0,556,us,7000qr8h,",us7000qr8h,usauto7000qr8h,pt25239000,",",us,usauto,pt,",",dyfi,ground-failure,internal-moment-tensor,internal-origin,losspager,moment-tensor,origin,phase-data,shakemap,",160.0,2.349,0.91,118.0,mww,earthquake,"M 6.0 - 92 km E of Severo-Kuril’sk, Russia",157.4273,50.7675,40.0,us7000qr8h,2025-08-27 03:49:50.441000+00:00,2025,8,27,3,Faible,1.6094379124341003,5.0,1.6094379124341003
5.4,"21 km ENE of Novokayakent, Russia",1756240418281,1762964745040,,https://earthquake.usgs.gov/earthquakes/eventpage/us7000qr6h,https://earthquake.usgs.gov/fdsnws/event/1/query?eventid=us7000qr6h&format=geojson,13.0,6.7,6.962,yellow,reviewed,0,659,us,7000qr6h,",us7000qr6h,usauto7000qr6h,",",us,usauto,",",dyfi,ground-failure,internal-moment-tensor,losspager,moment-tensor,origin,phase-data,shakemap,",119.0,1.918,0.74,24.0,mww,earthquake,"M 5.4 - 21 km ENE of Novokayakent, Russia",48.2426,42.443,66.28,us7000qr6h,2025-08-26 20:33:38.281000+00:00,2025,8,26,20,Modéré,2.6390573296152584,6.7,2.6390573296152584
5.6,"230 km E of Levuka, Fiji",1756171970378,1762964744040,,https://earthquake.usgs.gov/earthquakes/eventpage/us7000qqxt,https://earthquake.usgs.gov/fdsnws/event/1/query?eventid=us7000qqxt&format=geojson,,,1.46,green,reviewed,0,482,us,7000qqxt,",usauto7000qqxt,us7000qqxt,",",usauto,us,",",internal-moment-tensor,losspager,moment-tensor,origin,phase-data,shakemap,",234.0,2.414,0.83,55.0,mww,earthquake,"M 5.6 - 230 km E of Levuka, Fiji",-178.5196,-17.8109,614.102,us7000qqxt,2025-08-26 01:32:50.378000+00:00,2025,8,26,1,Faible,,4.1,2.5649493574615367
5.6,"174 km S of Severo-Kuril’sk, Russia",1756159991671,1762964744040,,https://earthquake.usgs.gov/earthquakes/eventpage/us7000qqx7,https://earthquake.usgs.gov/fdsnws/event/1/query?eventid=us7000qqx7&format=geojson,,,3.588,green,reviewed,0,482,us,7000qqx7,",usauto7000qqx7,us7000qqx7,",",usauto,us,",",internal-moment-tensor,losspager,moment-tensor,origin,phase-data,shakemap,",130.0,4.133,0.69,54.0,mww,earthquake,"M 5.6 - 174 km S of Severo-Kuril’sk, Russia",156.0996,49.1051,31.0,us7000qqx7,2025-08-25 22:13:11.671000+00:00,2025,8,25,22,Faible,,4.1,2.5649493574615367
6.1,east of the Kuril Islands,1756104514819,1762964741040,,https://earthquake.usgs.gov/earthquakes/eventpage/us6000r3l7,https://earthquake.usgs.gov/fdsnws/event/1/query?eventid=us6000r3l7&format=geojson,,,0.0,green,reviewed,0,572,us,6000r3l7,",usauto6000r3l7,at00t1jex0,pt25237000,us6000r3l7,",",usauto,at,pt,us,",",internal-moment-tensor,internal-origin,losspager,moment-tensor,origin,phase-data,shakemap,",175.0,3.759,0.77,46.0,mww,earthquake,M 6.1 - east of the Kuril Islands,160.0428,49.3726,9.0,us6000r3l7,2025-08-25 06:48:34.819000+00:00,2025,8,25,6,Faible,,4.1,2.5649493574615367
5.4,Fiji region,1756022464206,1762964740040,,https://earthquake.usgs.gov/earthquakes/eventpage/us6000r3g6,https://earthquake.usgs.gov/fdsnws/event/1/query?eventid=us6000r3g6&format=geojson,,,2.277,green,reviewed,0,449,us,6000r3g6,",usauto6000r3g6,us6000r3g6,",",usauto,us,",",internal-moment-tensor,losspager,origin,phase-data,shakemap,",61.0,4.003,0.98,69.0,mww,earthquake,M 5.4 - Fiji region,-177.1958,-18.7929,352.442,us6000r3g6,2025-08-24 08:01:04.206000+00:00,2025,8,24,8,Faible,,4.1,2.5649493574615367
5.2,"154 km SE of Petropavlovsk-Kamchatsky, Russia",1756005035996,1762964739040,,https://earthquake.usgs.gov/earthquakes/eventpage/us6000r3f5,https://earthquake.usgs.gov/fdsnws/event/1/query?eventid=us6000r3f5&format=geojson,,,3.407,green,reviewed,0,416,us,6000r3f5,",usauto6000r3f5,us6000r3f5,",",usauto,us,",",internal-moment-tensor,losspager,moment-tensor,origin,phase-data,shakemap,",96.0,1.355,1.0,124.0,mww,earthquake,"M 5.2 - 154 km SE of Petropavlovsk-Kamchatsky, Russia",160.3446,52.1491,10.0,us6000r3f5,2025-08-24 03:10:35.996000+00:00,2025,8,24,3,Faible,,4.1,2.5649493574615367
5.3,"147 km SE of Petropavlovsk-Kamchatsky, Russia",1755984575653,1762964739040,,https://earthquake.usgs.gov/earthquakes/eventpage/us6000r3dw,https://earthquake.usgs.gov/fdsnws/event/1/query?eventid=us6000r3dw&format=geojson,,,3.545,green,reviewed,0,432,us,6000r3dw,",usauto6000r3dw,pt25235003,us6000r3dw,",",usauto,pt,us,",",internal-moment-tensor,internal-origin,losspager,moment-tensor,origin,phase-data,shakemap,",119.0,1.293,0.72,107.0,mww,earthquake,"M 5.3 - 147 km SE of Petropavlovsk-Kamchatsky, Russia",160.3044,52.2154,35.0,us6000r3dw,2025-08-23 21:29:35.653000+00:00,2025,8,23,21,Faible,,4.1,2.5649493574615367
5.8,"57 km SSE of Sinabang, Indonesia",1755951893914,1762964738040,,https://earthquake.usgs.gov/earthquakes/eventpage/us6000r3bg,https://earthquake.usgs.gov/fdsnws/event/1/query?eventid=us6000r3bg&format=geojson,1.0,8.3,5.832,green,reviewed,0,518,us,6000r3bg,",us6000r3bg,usauto6000r3bg,pt25235002,",",us,usauto,pt,",",dyfi,ground-failure,internal-moment-tensor,internal-origin,losspager,moment-tensor,origin,phase-data,shakemap,",94.0,1.202,0.95,54.0,mww,earthquake,"M 5.8 - 57 km SSE of Sinabang, Indonesia",96.5997,2.0106,18.0,us6000r3bg,2025-08-23 12:24:53.914000+00:00,2025,8,23,12,Faible,0.6931471805599453,8.3,0.6931471805599453
6.0,"88 km SW of Acajutla, El Salvador",1755940462210,1762964738040,,https://earthquake.usgs.gov/earthquakes/eventpage/us6000r3at,https://earthquake.usgs.gov/fdsnws/event/1/query?eventid=us6000r3at&format=geojson,42.0,5.3,5.021,green,reviewed,0,576,us,6000r3at,",us6000r3at,usauto6000r3at,pt25235001,at00t1fwc3,",",us,usauto,pt,at,",",dyfi,ground-failure,internal-moment-tensor,internal-origin,losspager,moment-tensor,origin,phase-data,shakemap,",76.0,1.052,1.34,120.0,mww,earthquake,"M 6.0 - 88 km SW of Acajutla, El Salvador",-90.4343,13.0601,17.0,us6000r3at,2025-08-23 09:14:22.210000+00:00,2025,8,23,9,Faible,3.7612001156935624,5.3,3.7612001156935624
5.4,"85 km E of Severo-Kuril’sk, Russia",1755920653908,1762964738040,,https://earthquake.usgs.gov/earthquakes/eventpage/us6000r39a,https://earthquake.usgs.gov/fdsnws/event/1/query?eventid=us6000r39a&format=geojson,,,4.26,green,reviewed,0,449,us,6000r39a,",usauto6000r39a,us6000r39a,",",usauto,us,",",internal-moment-tensor,losspager,moment-tensor,origin,phase-data,shakemap,",118.0,2.36,1.04,76.0,mww,earthquake,"M 5.4 - 85 km E of Severo-Kuril’sk, Russia",157.3228,50.763,45.0,us6000r39a,2025-08-23 03:44:13.908000+00:00,2025,8,23,3,Faible,,4.1,2.5649493574615367
5.5,south of Tonga,1755907854678,1762964737040,,https://earthquake.usgs.gov/earthquakes/eventpage/us6000r385,https://earthquake.usgs.gov/fdsnws/event/1/query?eventid=us6000r385&format=geojson,,,0.0,green,reviewed,0,465,us,6000r385,",usauto6000r385,at00t1f76a,pt25235000,us6000r385,",",usauto,at,pt,us,",",internal-moment-tensor,internal-origin,losspager,moment-tensor,origin,phase-data,shakemap,",60.0,4.916,0.68,127.0,mww,earthquake,M 5.5 - south of Tonga,-175.8881,-24.6736,10.0,us6000r385,2025-08-23 00:10:54.678000+00:00,2025,8,23,0,Faible,,4.1,2.5649493574615367
5.4,"41 km ENE of Port-Vila, Vanuatu",1755867176154,1762964737040,,https://earthquake.usgs.gov/earthquakes/eventpage/us6000r30q,https://earthquake.usgs.gov/fdsnws/event/1/query?eventid=us6000r30q&format=geojson,,,3.179,green,reviewed,0,449,us,6000r30q,",us6000r30q,",",us,",",losspager,origin,phase-data,shakemap,",159.0,4.978,0.91,32.0,mww,earthquake,"M 5.4 - 41 km ENE of Port-Vila, Vanuatu",168.6842,-17.6286,213.944,us6000r30q,2025-08-22 12:52:56.154000+00:00,2025,8,22,12,Faible,,4.1,2.5649493574615367
7.5,2025 Southern Drake Passage Earthquake,1755828978246,1762964736040,,https://earthquake.usgs.gov/earthquakes/eventpage/us6000r2xq,https://earthquake.usgs.gov/fdsnws/event/1/query?eventid=us6000r2xq&format=geojson,15.0,7.2,4.669,green,reviewed,1,876,us,6000r2xq,",us6000r2xq,pt25234000,at00t1dib8,usauto6000r2xq,",",us,pt,at,usauto,",",dyfi,earthquake-name,general-text,impact-link,internal-moment-tensor,internal-origin,losspager,moment-tensor,origin,phase-data,shakemap,",101.0,4.579,1.02,64.0,mww,earthquake,M 7.5 - 2025 Southern Drake Passage Earthquake,-61.9221,-60.3187,10.0,us6000r2xq,2025-08-22 02:16:18.246000+00:00,2025,8,22,2,Faible,2.772588722239781,7.2,2.772588722239781
5.6,"62 km SE of Ōfunato, Japan",1755815684484,1762964736040,,https://earthquake.usgs.gov/earthquakes/eventpage/us6000r2uz,https://earthquake.usgs.gov/fdsnws/event/1/query?eventid=us6000r2uz&format=geojson,7.0,3.4,3.954,green,reviewed,0,485,us,6000r2uz,",us6000r2uz,usauto6000r2uz,pt25233001,",",us,usauto,pt,",",dyfi,internal-moment-tensor,internal-origin,losspager,moment-tensor,origin,phase-data,shakemap,",98.0,2.245,0.95,123.0,mww,earthquake,"M 5.6 - 62 km SE of Ōfunato, Japan",142.309,38.757,40.0,us6000r2uz,2025-08-21 22:34:44.484000+00:00,2025,8,21,22,Faible,2.0794415416798357,3.4,2.0794415416798357
5.8,"165 km SE of Vilyuchinsk, Russia",1755775263945,1762964736040,,https://earthquake.usgs.gov/earthquakes/eventpage/us6000r2s3,https://earthquake.usgs.gov/fdsnws/event/1/query?eventid=us6000r2s3&format=geojson,,,3.662,green,reviewed,0,518,us,6000r2s3,",usauto6000r2s3,at00t1ccv6,pt25233000,us6000r2s3,",",usauto,at,pt,us,",",internal-moment-tensor,internal-origin,losspager,moment-tensor,origin,phase-data,shakemap,",110.0,1.457,0.98,67.0,mww,earthquake,"M 5.8 - 165 km SE of Vilyuchinsk, Russia",160.125,51.8817,10.0,us6000r2s3,2025-08-21 11:21:03.945000+00:00,2025,8,21,11,Faible,,4.1,2.5649493574615367
5.4,Balleny Islands region,1755624794436,1762274641040,,https://earthquake.usgs.gov/earthquakes/eventpage/us6000r22u,https://earthquake.usgs.gov/fdsnws/event/1/query?eventid=us6000r22u&format=geojson,,,0.0,green,reviewed,0,449,us,6000r22u,",usauto6000r22u,us6000r22u,",",usauto,us,",",internal-moment-tensor,losspager,moment-tensor,origin,phase-data,shakemap,",53.0,8.22,0.5,41.0,mww,earthquake,M 5.4 - Balleny Islands region,164.6961,-62.122,10.0,us6000r22u,2025-08-19 17:33:14.436000+00:00,2025,8,19,17,Faible,,4.1,2.5649493574615367
5.4,south of Tonga,1755614232491,1762274641040,,https://earthquake.usgs.gov/earthquakes/eventpage/us6000r222,https://earthquake.usgs.gov/fdsnws/event/1/query?eventid=us6000r222&format=geojson,,,0.0,green,reviewed,0,449,us,6000r222,",us6000r222,",",us,",",losspager,origin,phase-data,shakemap,",95.0,7.635,0.87,74.0,mb,earthquake,M 5.4 - south of Tonga,-175.9875,-24.2547,10.0,us6000r222,2025-08-19 14:37:12.491000+00:00,2025,8,19,14,Faible,,4.1,2.5649493574615367
5.2,"267 km SSE of Ushuaia, Argentina",1755583721850,1762274639040,,https://earthquake.usgs.gov/earthquakes/eventpage/us6000r201,https://earthquake.usgs.gov/fdsnws/event/1/query?eventid=us6000r201&format=geojson,,,3.585,green,reviewed,0,416,us,6000r201,",usauto6000r201,at00t1892n,us6000r201,",",usauto,at,us,",",internal-moment-tensor,internal-origin,losspager,moment-tensor,origin,phase-data,shakemap,",156.0,2.225,0.67,61.0,mww,earthquake,"M 5.2 - 267 km SSE of Ushuaia, Argentina",-67.2466,-57.1412,10.0,us6000r201,2025-08-19 06:08:41.850000+00:00,2025,8,19,6,Faible,,4.1,2.5649493574615367
5.6,south of Tonga,1755558189204,1762274638040,,https://earthquake.usgs.gov/earthquakes/eventpage/us6000r1yq,https://earthquake.usgs.gov/fdsnws/event/1/query?eventid=us6000r1yq&format=geojson,,,0.0,green,reviewed,0,482,us,6000r1yq,",usauto6000r1yq,pt25230001,at00t17pdh,us6000r1yq,",",usauto,pt,at,us,",",internal-moment-tensor,internal-origin,losspager,moment-tensor,origin,phase-data,shakemap,",74.0,7.701,0.65,75.0,mww,earthquake,M 5.6 - south of Tonga,-175.9688,-24.3735,12.0,us6000r1yq,2025-08-18 23:03:09.204000+00:00,2025,8,18,23,Faible,,4.1,2.5649493574615367
5.2,"96 km NE of Hihifo, Tonga",1755503328029,1762274634040,,https://earthquake.usgs.gov/earthquakes/eventpage/us6000r1uh,https://earthquake.usgs.gov/fdsnws/event/1/query?eventid=us6000r1uh&format=geojson,3.0,2.7,4.007,green,reviewed,0,417,us,6000r1uh,",pt25230000,us6000r1uh,usauto6000r1uh,",",pt,us,usauto,",",dyfi,internal-moment-tensor,internal-origin,losspager,origin,phase-data,shakemap,",133.0,2.799,0.62,45.0,mww,earthquake,"M 5.2 - 96 km NE of Hihifo, Tonga",-173.2669,-15.2513,42.226,us6000r1uh,2025-08-18 07:48:48.029000+00:00,2025,8,18,7,Faible,1.3862943611198906,2.7,1.3862943611198906
5.6,"Off the coast of Aisen, Chile",1755501012806,1762274634040,,https://earthquake.usgs.gov/earthquakes/eventpage/us6000r1ud,https://earthquake.usgs.gov/fdsnws/event/1/query?eventid=us6000r1ud&format=geojson,1.0,1.0,0.0,green,reviewed,0,483,us,6000r1ud,",us6000r1ud,usauto6000r1ud,at00t16h8w,",",us,usauto,at,",",dyfi,internal-moment-tensor,internal-origin,losspager,moment-tensor,origin,phase-data,shakemap,",94.0,4.581,0.6,135.0,mww,earthquake,"M 5.6 - Off the coast of Aisen, Chile",-79.9408,-44.7541,10.0,us6000r1ud,2025-08-18 07:10:12.806000+00:00,2025,8,18,7,Faible,0.6931471805599453,1.0,0.6931471805599453
5.5,"109 km WNW of Tobelo, Indonesia",1755442992628,1762274631040,,https://earthquake.usgs.gov/earthquakes/eventpage/us6000r1qp,https://earthquake.usgs.gov/fdsnws/event/1/query?eventid=us6000r1qp&format=geojson,,,4.08,green,reviewed,0,465,us,6000r1qp,",usauto6000r1qp,us6000r1qp,",",usauto,us,",",internal-moment-tensor,losspager,moment-tensor,origin,phase-data,shakemap,",66.0,1.406,0.7,97.0,mww,earthquake,"M 5.5 - 109 km WNW of Tobelo, Indonesia",127.1307,2.1675,20.1,us6000r1qp,2025-08-17 15:03:12.628000+00:00,2025,8,17,15,Faible,,4.1,2.5649493574615367
5.4,"87 km SSW of Puerto San José, Guatemala",1755410391245,1762274630040,,https://earthquake.usgs.gov/earthquakes/eventpage/us6000r1p8,https://earthquake.usgs.gov/fdsnws/event/1/query?eventid=us6000r1p8&format=geojson,1.0,2.0,3.951,green,reviewed,0,449,us,6000r1p8,",us6000r1p8,usauto6000r1p8,",",us,usauto,",",dyfi,internal-moment-tensor,losspager,moment-tensor,origin,phase-data,shakemap,",68.0,1.43,0.98,150.0,mww,earthquake,"M 5.4 - 87 km SSW of Puerto San José, Guatemala",-91.1097,13.1891,10.0,us6000r1p8,2025-08-17 05:59:51.245000+00:00,2025,8,17,5,Faible,0.6931471805599453,2.0,0.6931471805599453
5.3,south of the Fiji Islands,1755384727212,1762274629040,,https://earthquake.usgs.gov/earthquakes/eventpage/us6000r1n6,https://earthquake.usgs.gov/fdsnws/event/1/query?eventid=us6000r1n6&format=geojson,,,0.0,green,reviewed,0,432,us,6000r1n6,",us6000r1n6,",",us,",",losspager,origin,phase-data,shakemap,",50.0,7.721,0.8,80.0,mww,earthquake,M 5.3 - south of the Fiji Islands,-176.0169,-24.3545,10.0,us6000r1n6,2025-08-16 22:52:07.212000+00:00,2025,8,16,22,Faible,,4.1,2.5649493574615367
5.8,"13 km NNW of Poso, Indonesia",1755383932030,1762274629040,,https://earthquake.usgs.gov/earthquakes/eventpage/us6000r1n3,https://earthquake.usgs.gov/fdsnws/event/1/query?eventid=us6000r1n3&format=geojson,28.0,8.8,8.917,yellow,reviewed,0,675,us,6000r1n3,",us6000r1n3,usauto6000r1n3,pt25228000,at00t13yww,",",us,usauto,pt,at,",",dyfi,ground-failure,impact-text,internal-moment-tensor,internal-origin,losspager,moment-tensor,origin,phase-data,shakemap,",107.0,1.327,1.09,21.0,mww,earthquake,"M 5.8 - 13 km NNW of Poso, Indonesia",120.7206,-1.2749,8.0,us6000r1n3,2025-08-16 22:38:52.030000+00:00,2025,8,16,22,Modéré,3.367295829986474,8.8,3.367295829986474
5.5,"32 km ESE of Takanabe, Japan",1755378794873,1762274629040,,https://earthquake.usgs.gov/earthquakes/eventpage/us6000r1mt,https://earthquake.usgs.gov/fdsnws/event/1/query?eventid=us6000r1mt&format=geojson,6.0,7.9,5.578,green,reviewed,0,470,us,6000r1mt,",us6000r1mt,usauto6000r1mt,",",us,usauto,",",dyfi,ground-failure,internal-moment-tensor,losspager,moment-tensor,origin,phase-data,shakemap,",155.0,1.261,0.85,47.0,mww,earthquake,"M 5.5 - 32 km ESE of Takanabe, Japan",131.811,32.0131,30.0,us6000r1mt,2025-08-16 21:13:14.873000+00:00,2025,8,16,21,Faible,1.9459101490553132,7.9,1.9459101490553132
5.6,southeast of the Loyalty Islands,1755346104075,1762274627040,,https://earthquake.usgs.gov/earthquakes/eventpage/us6000r1l5,https://earthquake.usgs.gov/fdsnws/event/1/query?eventid=us6000r1l5&format=geojson,,,0.0,green,reviewed,0,482,us,6000r1l5,",usauto6000r1l5,us6000r1l5,",",usauto,us,",",internal-moment-tensor,losspager,moment-tensor,origin,phase-data,shakemap,",72.0,3.151,0.66,83.0,mww,earthquake,M 5.6 - southeast of the Loyalty Islands,170.8077,-23.1833,11.0,us6000r1l5,2025-08-16 12:08:24.075000+00:00,2025,8,16,12,Faible,,4.1,2.5649493574615367
5.4,Mid-Indian Ridge,1755331536379,1762274636040,,https://earthquake.usgs.gov/earthquakes/eventpage/us6000r1vi,https://earthquake.usgs.gov/fdsnws/event/1/query?eventid=us6000r1vi&format=geojson,,,3.963,green,reviewed,0,449,us,6000r1vi,",us6000r1vi,",",us,",",losspager,moment-tensor,origin,phase-data,shakemap,",65.0,11.887,0.61,53.0,mww,earthquake,M 5.4 - Mid-Indian Ridge,78.0637,-38.8752,10.0,us6000r1vi,2025-08-16 08:05:36.379000+00:00,2025,8,16,8,Faible,,4.1,2.5649493574615367
5.7,"93 km ESE of Petropavlovsk-Kamchatsky, Russia",1755252712133,1762274623040,,https://earthquake.usgs.gov/earthquakes/eventpage/us6000r0yd,https://earthquake.usgs.gov/fdsnws/event/1/query?eventid=us6000r0yd&format=geojson,,,4.21,green,reviewed,0,500,us,6000r0yd,",usauto6000r0yd,pt25227000,us6000r0yd,",",usauto,pt,us,",",internal-moment-tensor,internal-origin,losspager,moment-tensor,origin,phase-data,shakemap,",239.0,0.818,0.79,25.0,mww,earthquake,"M 5.7 - 93 km ESE of Petropavlovsk-Kamchatsky, Russia",159.9421,52.7866,43.0,us6000r0yd,2025-08-15 10:11:52.133000+00:00,2025,8,15,10,Faible,,4.1,2.5649493574615367
5.4,Balleny Islands region,1755242070521,1763145571898,,https://earthquake.usgs.gov/earthquakes/eventpage/us6000r0y7,https://earthquake.usgs.gov/fdsnws/event/1/query?eventid=us6000r0y7&format=geojson,,,3.039,green,reviewed,0,449,us,6000r0y7,",usauto6000r0y7,us6000r0y7,",",usauto,us,",",internal-moment-tensor,losspager,origin,phase-data,shakemap,",34.0,13.341,0.57,112.0,mww,earthquake,M 5.4 - Balleny Islands region,177.8542,-65.0002,10.0,us6000r0y7,2025-08-15 07:14:30.521000+00:00,2025,8,15,7,Faible,,4.1,2.5649493574615367
6.3,"115 km SSE of Lata, Solomon Islands",1755188554235,1762274618040,,https://earthquake.usgs.gov/earthquakes/eventpage/us6000r0sa,https://earthquake.usgs.gov/fdsnws/event/1/query?eventid=us6000r0sa&format=geojson,1.0,5.7,5.063,green,reviewed,0,611,us,6000r0sa,",us6000r0sa,usauto6000r0sa,pt25226001,at00t0zs5o,",",us,usauto,pt,at,",",dyfi,ground-failure,internal-moment-tensor,internal-origin,losspager,moment-tensor,origin,phase-data,shakemap,",102.0,6.547,0.79,48.0,mww,earthquake,"M 6.3 - 115 km SSE of Lata, Solomon Islands",166.2048,-11.6933,44.99,us6000r0sa,2025-08-14 16:22:34.235000+00:00,2025,8,14,16,Faible,0.6931471805599453,5.7,0.6931471805599453
4.05,"6 km NW of The Geysers, CA",1755175684600,1762274617040,,https://earthquake.usgs.gov/earthquakes/eventpage/nc75223077,https://earthquake.usgs.gov/fdsnws/event/1/query?eventid=nc75223077&format=geojson,26.0,4.6,4.126,green,reviewed,0,264,nc,75223077,",ew1755175680,us6000r0r0,nc75223077,",",ew,us,nc,",",dyfi,focal-mechanism,losspager,moment-tensor,nearby-cities,origin,phase-data,scitech-link,shake-alert,shakemap,",127.0,0.01296,0.08,20.0,mw,earthquake,"M 4.1 - 6 km NW of The Geysers, CA",-122.8165,38.8005,3.38,nc75223077,2025-08-14 12:48:04.600000+00:00,2025,8,14,12,Faible,3.295836866004329,4.6,3.295836866004329
5.6,"151 km E of Neiafu, Tonga",1755146296447,1762274616040,,https://earthquake.usgs.gov/earthquakes/eventpage/us6000r0l4,https://earthquake.usgs.gov/fdsnws/event/1/query?eventid=us6000r0l4&format=geojson,1.0,2.2,3.409,green,reviewed,0,483,us,6000r0l4,",pt25226000,us6000r0l4,usauto6000r0l4,",",pt,us,usauto,",",dyfi,internal-moment-tensor,internal-origin,losspager,moment-tensor,origin,phase-data,shakemap,",87.0,2.591,0.69,32.0,mww,earthquake,"M 5.6 - 151 km E of Neiafu, Tonga",-172.5723,-18.4141,24.0,us6000r0l4,2025-08-14 04:38:16.447000+00:00,2025,8,14,4,Faible,0.6931471805599453,2.2,0.6931471805599453
4.6,"36 km SSE of Hastings, New Zealand",1755064390675,1762274611040,,https://earthquake.usgs.gov/earthquakes/eventpage/us6000r09q,https://earthquake.usgs.gov/fdsnws/event/1/query?eventid=us6000r09q&format=geojson,34.0,4.7,4.594,green,reviewed,0,342,us,6000r09q,",us6000r09q,",",us,",",dyfi,losspager,moment-tensor,origin,phase-data,shakemap,",56.0,0.122,0.97,106.0,mwr,earthquake,"M 4.6 - 36 km SSE of Hastings, New Zealand",176.9777,-39.9473,35.0,us6000r09q,2025-08-13 05:53:10.675000+00:00,2025,8,13,5,Faible,3.5553480614894135,4.7,3.5553480614894135
5.4,"190 km N of Dili, Timor Leste",1755015710662,1761399642040,,https://earthquake.usgs.gov/earthquakes/eventpage/us6000r04e,https://earthquake.usgs.gov/fdsnws/event/1/query?eventid=us6000r04e&format=geojson,,,1.483,green,reviewed,0,449,us,6000r04e,",usauto6000r04e,us6000r04e,",",usauto,us,",",internal-moment-tensor,losspager,moment-tensor,origin,phase-data,shakemap,",191.0,3.039,0.69,26.0,mww,earthquake,"M 5.4 - 190 km N of Dili, Timor Leste",125.2616,-6.8616,524.126,us6000r04e,2025-08-12 16:21:50.662000+00:00,2025,8,12,16,Faible,,4.1,2.5649493574615367
5.6,"93 km NNE of Hihifo, Tonga",1755006088882,1772652887906,,https://earthquake.usgs.gov/earthquakes/eventpage/us6000r03i,https://earthquake.usgs.gov/fdsnws/event/1/query?eventid=us6000r03i&format=geojson,4.0,2.7,3.804,green,reviewed,0,484,us,6000r03i,",us6000r03i,usauto6000r03i,",",us,usauto,",",dyfi,internal-moment-tensor,losspager,moment-tensor,origin,phase-data,shakemap,",122.0,2.849,0.81,50.0,mww,earthquake,"M 5.6 - 93 km NNE of Hihifo, Tonga",-173.3285,-15.2362,36.0,us6000r03i,2025-08-12 13:41:28.882000+00:00,2025,8,12,13,Faible,1.6094379124341003,2.7,1.6094379124341003
5.4,"82 km S of Akkeshi, Japan",1754989873041,1761399642040,,https://earthquake.usgs.gov/earthquakes/eventpage/us6000r02g,https://earthquake.usgs.gov/fdsnws/event/1/query?eventid=us6000r02g&format=geojson,3.0,3.4,4.074,green,reviewed,0,450,us,6000r02g,",us6000r02g,usauto6000r02g,",",us,usauto,",",dyfi,internal-moment-tensor,losspager,moment-tensor,origin,phase-data,shakemap,",209.0,1.246,0.6,58.0,mww,earthquake,"M 5.4 - 82 km S of Akkeshi, Japan",144.7893,42.2972,35.0,us6000r02g,2025-08-12 09:11:13.041000+00:00,2025,8,12,9,Faible,1.3862943611198906,3.4,1.3862943611198906
6.3,"195 km WNW of Abepura, Indonesia",1754987063409,1761399642040,,https://earthquake.usgs.gov/earthquakes/eventpage/us6000r01m,https://earthquake.usgs.gov/fdsnws/event/1/query?eventid=us6000r01m&format=geojson,14.0,7.8,7.695,green,reviewed,1,622,us,6000r01m,",us6000r01m,pt25224000,at00t0vgov,usauto6000r01m,",",us,pt,at,usauto,",",dyfi,ground-failure,impact-link,impact-text,internal-moment-tensor,internal-origin,losspager,moment-tensor,origin,phase-data,shakemap,",134.0,0.968,1.04,21.0,mww,earthquake,"M 6.3 - 195 km WNW of Abepura, Indonesia",138.966,-2.0302,14.0,us6000r01m,2025-08-12 08:24:23.409000+00:00,2025,8,12,8,Faible,2.70805020110221,7.8,2.70805020110221
5.8,"138 km SW of Manuel Ávila Camacho (Ponte Duro), Mexico",1754878859773,1761399639040,,https://earthquake.usgs.gov/earthquakes/eventpage/us6000qzqn,https://earthquake.usgs.gov/fdsnws/event/1/query?eventid=us6000qzqn&format=geojson,2.0,3.4,3.688,green,reviewed,0,518,us,6000qzqn,",us6000qzqn,usauto6000qzqn,pt25223000,at00t0t577,",",us,usauto,pt,at,",",dyfi,internal-moment-tensor,internal-origin,losspager,moment-tensor,origin,phase-data,shakemap,",222.0,2.608,0.64,88.0,mww,earthquake,"M 5.8 - 138 km SW of Manuel Ávila Camacho (Ponte Duro), Mexico",-94.3855,14.8228,9.0,us6000qzqn,2025-08-11 02:20:59.773000+00:00,2025,8,11,2,Faible,1.0986122886681098,3.4,1.0986122886681098
6.1,"10 km WSW of Bigadiç, Turkey",1754844827260,1786468953488,,https://earthquake.usgs.gov/earthquakes/eventpage/us6000qznb,https://earthquake.usgs.gov/fdsnws/event/1/query?eventid=us6000qznb&format=geojson,238.0,7.9,9.023,orange,reviewed,0,1188,us,6000qznb,",us6000qznb,usauto6000qznb,pt25222001,at00t0sexp,",",us,usauto,pt,at,",",dyfi,ground-failure,impact-text,internal-moment-tensor,internal-origin,losspager,moment-tensor,origin,phase-data,shakemap,",149.0,0.823,0.83,17.0,mww,earthquake,"M 6.1 - 10 km WSW of Bigadiç, Turkey",28.0168,39.3709,10.0,us6000qznb,2025-08-10 16:53:47.260000+00:00,2025,8,10,16,Sévère,5.476463551931511,7.9,5.476463551931511
5.2,"84 km ESE of Inarajan Village, Guam",1754805449362,1786342051936,,https://earthquake.usgs.gov/earthquakes/eventpage/us6000qzkp,https://earthquake.usgs.gov/fdsnws/event/1/query?eventid=us6000qzkp&format=geojson,10.0,3.1,3.645,green,reviewed,0,419,us,6000qzkp,",us6000qzkp,",",us,",",dyfi,event-sequence,losspager,moment-tensor,oaf,origin,phase-data,shakemap,",71.0,0.838,1.16,119.0,mww,earthquake,"M 5.2 - 84 km ESE of Inarajan Village, Guam",145.4727,12.9896,10.0,us6000qzkp,2025-08-10 05:57:29.362000+00:00,2025,8,10,5,Faible,2.3978952727983707,3.1,2.3978952727983707
5.9,"103 km ESE of Inarajan Village, Guam",1754801809867,1786338414175,,https://earthquake.usgs.gov/earthquakes/eventpage/us6000qzki,https://earthquake.usgs.gov/fdsnws/event/1/query?eventid=us6000qzki&format=geojson,52.0,4.4,3.764,green,reviewed,0,558,us,6000qzki,",pt25222000,us6000qzki,usauto6000qzki,at00t0rhqp,",",pt,us,usauto,at,",",dyfi,event-sequence,internal-moment-tensor,internal-origin,losspager,moment-tensor,oaf,origin,phase-data,shakemap,",102.0,0.986,1.24,75.0,mww,earthquake,"M 5.9 - 103 km ESE of Inarajan Village, Guam",145.6375,12.9438,16.0,us6000qzki,2025-08-10 04:56:49.867000+00:00,2025,8,10,4,Faible,3.970291913552122,4.4,3.970291913552122
5.9,"104 km SSW of Champerico, Guatemala",1754772057876,1761399636040,,https://earthquake.usgs.gov/earthquakes/eventpage/us6000qzin,https://earthquake.usgs.gov/fdsnws/event/1/query?eventid=us6000qzin&format=geojson,14.0,4.8,3.982,green,reviewed,0,542,us,6000qzin,",us6000qzin,usauto6000qzin,pt25221001,",",us,usauto,pt,",",dyfi,internal-moment-tensor,internal-origin,losspager,moment-tensor,origin,phase-data,shakemap,",128.0,1.35,0.99,86.0,mww,earthquake,"M 5.9 - 104 km SSW of Champerico, Guatemala",-92.3994,13.48,9.0,us6000qzin,2025-08-09 20:40:57.876000+00:00,2025,8,9,20,Faible,2.70805020110221,4.8,2.70805020110221
6.0,"265 km ESE of Severo-Kuril’sk, Russia",1754748247171,1761399635040,,https://earthquake.usgs.gov/earthquakes/eventpage/us6000qzh9,https://earthquake.usgs.gov/fdsnws/event/1/query?eventid=us6000qzh9&format=geojson,,,3.597,green,reviewed,0,554,us,6000qzh9,",us6000qzh9,usauto6000qzh9,at00t0qcew,pt25221000,",",us,usauto,at,pt,",",ground-failure,internal-moment-tensor,internal-origin,losspager,moment-tensor,origin,phase-data,shakemap,",147.0,3.032,0.71,28.0,mww,earthquake,"M 6.0 - 265 km ESE of Severo-Kuril’sk, Russia",159.7364,50.0723,11.0,us6000qzh9,2025-08-09 14:04:07.171000+00:00,2025,8,9,14,Faible,,4.1,2.5649493574615367
4.0,"13 km ESE of Ninilchik, Alaska",1754610324758,1761399631040,,https://earthquake.usgs.gov/earthquakes/eventpage/ak025a2kno5b,https://earthquake.usgs.gov/fdsnws/event/1/query?eventid=ak025a2kno5b&format=geojson,176.0,3.4,3.692,green,reviewed,1,306,ak,025a2kno5b,",us6000qyzr,ak025a2kno5b,at00t0ndzo,",",us,ak,at,",",dyfi,impact-link,losspager,origin,phase-data,shakemap,",,,0.84,,ml,earthquake,"M 4.0 - 13 km ESE of Ninilchik, Alaska",-151.4344,60.0238,46.8,ak025a2kno5b,2025-08-07 23:45:24.758000+00:00,2025,8,7,23,Faible,5.176149732573829,3.4,5.176149732573829
5.9,"74 km E of Kokopo, Papua New Guinea",1754584439672,1761399631040,,https://earthquake.usgs.gov/earthquakes/eventpage/us6000qywk,https://earthquake.usgs.gov/fdsnws/event/1/query?eventid=us6000qywk&format=geojson,3.0,4.6,6.793,green,reviewed,0,537,us,6000qywk,",us6000qywk,usauto6000qywk,pt25219000,at00t0mu0p,",",us,usauto,pt,at,",",dyfi,ground-failure,internal-moment-tensor,internal-origin,losspager,moment-tensor,origin,phase-data,shakemap,",110.0,0.762,0.96,32.0,mww,earthquake,"M 5.9 - 74 km E of Kokopo, Papua New Guinea",152.9274,-4.2241,19.0,us6000qywk,2025-08-07 16:33:59.672000+00:00,2025,8,7,16,Faible,1.3862943611198906,4.6,1.3862943611198906
5.5,"16 km NNW of Yonakuni, Japan",1754552705200,1761399630040,,https://earthquake.usgs.gov/earthquakes/eventpage/us6000qyt7,https://earthquake.usgs.gov/fdsnws/event/1/query?eventid=us6000qyt7&format=geojson,22.0,4.1,3.92,green,reviewed,0,474,us,6000qyt7,",us6000qyt7,",",us,",",dyfi,losspager,moment-tensor,origin,phase-data,shakemap,",154.0,0.151,0.9,22.0,mww,earthquake,"M 5.5 - 16 km NNW of Yonakuni, Japan",122.9664,24.6133,113.505,us6000qyt7,2025-08-07 07:45:05.200000+00:00,2025,8,7,7,Faible,3.1354942159291497,4.1,3.1354942159291497
4.6,"24 km WSW of Petersville, Alaska",1754505537109,1761399629040,,https://earthquake.usgs.gov/earthquakes/eventpage/ak025a0u3q2q,https://earthquake.usgs.gov/fdsnws/event/1/query?eventid=ak025a0u3q2q&format=geojson,224.0,3.6,3.753,green,reviewed,0,406,ak,025a0u3q2q,",ak025a0u3q2q,us6000qypk,",",ak,us,",",dyfi,losspager,moment-tensor,origin,phase-data,shakemap,",,,0.76,,mww,earthquake,"M 4.6 - 24 km WSW of Petersville, Alaska",-151.2161,62.4381,87.7,ak025a0u3q2q,2025-08-06 18:38:57.109000+00:00,2025,8,6,18,Faible,5.41610040220442,3.6,5.41610040220442
5.5,"189 km SSE of Vilyuchinsk, Russia",1754476991088,1761399628040,,https://earthquake.usgs.gov/earthquakes/eventpage/us6000qyki,https://earthquake.usgs.gov/fdsnws/event/1/query?eventid=us6000qyki&format=geojson,,,3.63,green,reviewed,0,465,us,6000qyki,",us6000qyki,",",us,",",losspager,moment-tensor,origin,phase-data,shakemap,",175.0,1.725,0.86,70.0,mww,earthquake,"M 5.5 - 189 km SSE of Vilyuchinsk, Russia",159.6929,51.4249,10.0,us6000qyki,2025-08-06 10:43:11.088000+00:00,2025,8,6,10,Faible,,4.1,2.5649493574615367
5.8,"167 km SSE of Vilyuchinsk, Russia",1754476508011,1761399628040,,https://earthquake.usgs.gov/earthquakes/eventpage/us6000qykf,https://earthquake.usgs.gov/fdsnws/event/1/query?eventid=us6000qykf&format=geojson,,,3.891,green,reviewed,0,518,us,6000qykf,",usauto6000qykf,pt25218000,us6000qykf,",",usauto,pt,us,",",internal-moment-tensor,internal-origin,losspager,moment-tensor,origin,phase-data,shakemap,",218.0,1.542,0.64,73.0,mww,earthquake,"M 5.8 - 167 km SSE of Vilyuchinsk, Russia",159.448,51.5638,16.0,us6000qykf,2025-08-06 10:35:08.011000+00:00,2025,8,6,10,Faible,,4.1,2.5649493574615367
5.6,"131 km SSE of Bam, Iran",1754370407092,1760741502040,,https://earthquake.usgs.gov/earthquakes/eventpage/us6000qy6g,https://earthquake.usgs.gov/fdsnws/event/1/query?eventid=us6000qy6g&format=geojson,4.0,3.1,4.302,green,reviewed,0,484,us,6000qy6g,",us6000qy6g,usauto6000qy6g,pt25217000,",",us,usauto,pt,",",dyfi,internal-moment-tensor,internal-origin,losspager,moment-tensor,origin,phase-data,shakemap,",146.0,4.002,0.83,34.0,mww,earthquake,"M 5.6 - 131 km SSE of Bam, Iran",59.0117,28.0709,76.745,us6000qy6g,2025-08-05 05:06:47.092000+00:00,2025,8,5,5,Faible,1.6094379124341003,3.1,1.6094379124341003
6.2,"202 km S of Severo-Kuril’sk, Russia",1754281254562,1760741502040,,https://earthquake.usgs.gov/earthquakes/eventpage/us6000qxzw,https://earthquake.usgs.gov/fdsnws/event/1/query?eventid=us6000qxzw&format=geojson,1.0,1.0,3.93,green,reviewed,0,591,us,6000qxzw,",us6000qxzw,usauto6000qxzw,pt25216000,at00t0gc2t,",",us,usauto,pt,at,",",dyfi,ground-failure,internal-moment-tensor,internal-origin,losspager,moment-tensor,origin,phase-data,shakemap,",127.0,4.338,0.98,86.0,mww,earthquake,"M 6.2 - 202 km S of Severo-Kuril’sk, Russia",156.3666,48.8586,16.0,us6000qxzw,2025-08-04 04:20:54.562000+00:00,2025,8,4,4,Faible,0.6931471805599453,1.0,0.6931471805599453
5.6,"151 km ESE of Petropavlovsk-Kamchatsky, Russia",1754244453204,1760741502040,,https://earthquake.usgs.gov/earthquakes/eventpage/us6000qxxc,https://earthquake.usgs.gov/fdsnws/event/1/query?eventid=us6000qxxc&format=geojson,,,3.634,green,reviewed,0,482,us,6000qxxc,",usauto6000qxxc,pt25215002,us6000qxxc,",",usauto,pt,us,",",internal-moment-tensor,internal-origin,losspager,moment-tensor,origin,phase-data,shakemap,",149.0,1.334,0.67,43.0,mww,earthquake,"M 5.6 - 151 km ESE of Petropavlovsk-Kamchatsky, Russia",160.6678,52.4978,9.0,us6000qxxc,2025-08-03 18:07:33.204000+00:00,2025,8,3,18,Faible,,4.1,2.5649493574615367
5.4,western Indian-Antarctic Ridge,1754236085438,1760741502040,,https://earthquake.usgs.gov/earthquakes/eventpage/us6000qxw9,https://earthquake.usgs.gov/fdsnws/event/1/query?eventid=us6000qxw9&format=geojson,,,0.0,green,reviewed,0,449,us,6000qxw9,",usauto6000qxw9,us6000qxw9,",",usauto,us,",",internal-moment-tensor,losspager,moment-tensor,origin,phase-data,shakemap,",91.0,18.689,0.65,58.0,mww,earthquake,M 5.4 - western Indian-Antarctic Ridge,115.9829,-47.7857,10.0,us6000qxw9,2025-08-03 15:48:05.438000+00:00,2025,8,3,15,Faible,,4.1,2.5649493574615367
5.6,"156 km ESE of Petropavlovsk-Kamchatsky, Russia",1754231205416,1760741502040,,https://earthquake.usgs.gov/earthquakes/eventpage/us6000qxvr,https://earthquake.usgs.gov/fdsnws/event/1/query?eventid=us6000qxvr&format=geojson,,,3.597,green,reviewed,0,482,us,6000qxvr,",usauto6000qxvr,us6000qxvr,",",usauto,us,",",internal-moment-tensor,losspager,moment-tensor,origin,phase-data,shakemap,",102.0,1.377,0.74,50.0,mww,earthquake,"M 5.6 - 156 km ESE of Petropavlovsk-Kamchatsky, Russia",160.6912,52.4283,10.0,us6000qxvr,2025-08-03 14:26:45.416000+00:00,2025,8,3,14,Faible,,4.1,2.5649493574615367
6.8,"123 km E of Severo-Kuril’sk, Russia",1754199475148,1760741502040,,https://earthquake.usgs.gov/earthquakes/eventpage/us6000qxt4,https://earthquake.usgs.gov/fdsnws/event/1/query?eventid=us6000qxt4&format=geojson,7.0,7.5,6.881,green,reviewed,1,717,us,6000qxt4,",us6000qxt4,pt25215001,at00t0ekz8,usauto6000qxt4,",",us,pt,at,usauto,",",dyfi,ground-failure,impact-link,internal-moment-tensor,internal-origin,losspager,moment-tensor,origin,phase-data,shakemap,",117.0,2.49,1.05,43.0,mww,earthquake,"M 6.8 - 123 km E of Severo-Kuril’sk, Russia",157.8643,50.5853,30.0,us6000qxt4,2025-08-03 05:37:55.148000+00:00,2025,8,3,5,Faible,2.0794415416798357,7.5,2.0794415416798357
6.3,Pacific-Antarctic Ridge,1754197030505,1760741502040,,https://earthquake.usgs.gov/earthquakes/eventpage/us6000qxsv,https://earthquake.usgs.gov/fdsnws/event/1/query?eventid=us6000qxsv&format=geojson,1.0,7.8,0.0,green,reviewed,0,611,us,6000qxsv,",us6000qxsv,usauto6000qxsv,at00t0ej3e,pt25215000,",",us,usauto,at,pt,",",dyfi,internal-moment-tensor,internal-origin,losspager,moment-tensor,origin,phase-data,shakemap,",67.0,30.434,0.82,34.0,mww,earthquake,M 6.3 - Pacific-Antarctic Ridge,-128.6508,-55.2284,10.0,us6000qxsv,2025-08-03 04:57:10.505000+00:00,2025,8,3,4,Faible,0.6931471805599453,7.8,0.6931471805599453
5.8,Pacific-Antarctic Ridge,1754187977530,1760741502040,,https://earthquake.usgs.gov/earthquakes/eventpage/us6000qxsd,https://earthquake.usgs.gov/fdsnws/event/1/query?eventid=us6000qxsd&format=geojson,,,0.0,green,reviewed,0,518,us,6000qxsd,",usauto6000qxsd,us6000qxsd,",",usauto,us,",",internal-moment-tensor,losspager,moment-tensor,origin,phase-data,shakemap,",31.0,32.522,1.17,65.0,mww,earthquake,M 5.8 - Pacific-Antarctic Ridge,-127.8359,-55.3641,10.0,us6000qxsd,2025-08-03 02:26:17.530000+00:00,2025,8,3,2,Faible,,4.1,2.5649493574615367
5.8,"4 km S of Xagacía, Mexico",1754157525419,1760741502040,,https://earthquake.usgs.gov/earthquakes/eventpage/us6000qxpd,https://earthquake.usgs.gov/fdsnws/event/1/query?eventid=us6000qxpd&format=geojson,62.0,6.3,4.896,green,reviewed,0,557,us,6000qxpd,",us6000qxpd,usauto6000qxpd,pt25214001,",",us,usauto,pt,",",dyfi,ground-failure,impact-text,internal-moment-tensor,internal-origin,losspager,moment-tensor,origin,phase-data,shakemap,",275.0,0.45,0.93,42.0,mww,earthquake,"M 5.8 - 4 km S of Xagacía, Mexico",-96.2645,17.1124,62.566,us6000qxpd,2025-08-02 17:58:45.419000+00:00,2025,8,2,17,Faible,4.143134726391533,6.3,4.143134726391533
5.0,"99 km SE of Severo-Kuril’sk, Russia",1754155226494,1760741502040,,https://earthquake.usgs.gov/earthquakes/eventpage/us6000qxp3,https://earthquake.usgs.gov/fdsnws/event/1/query?eventid=us6000qxp3&format=geojson,,,3.84,green,reviewed,0,385,us,6000qxp3,",us6000qxp3,",",us,",",losspager,origin,phase-data,shakemap,",187.0,2.949,0.6,62.0,mww,earthquake,"M 5.0 - 99 km SE of Severo-Kuril’sk, Russia",157.2812,50.1751,55.875,us6000qxp3,2025-08-02 17:20:26.494000+00:00,2025,8,2,17,Faible,,4.1,2.5649493574615367
6.0,"165 km SSE of Vilyuchinsk, Russia",1754144043328,1760741502040,,https://earthquake.usgs.gov/earthquakes/eventpage/us6000qxn6,https://earthquake.usgs.gov/fdsnws/event/1/query?eventid=us6000qxn6&format=geojson,,,4.058,green,reviewed,0,554,us,6000qxn6,",us6000qxn6,usauto6000qxn6,at00t0de7i,pt25214000,",",us,usauto,at,pt,",",ground-failure,internal-moment-tensor,internal-origin,losspager,moment-tensor,origin,phase-data,shakemap,",111.0,1.519,0.61,85.0,mww,earthquake,"M 6.0 - 165 km SSE of Vilyuchinsk, Russia",159.4631,51.5911,17.0,us6000qxn6,2025-08-02 14:14:03.328000+00:00,2025,8,2,14,Faible,,4.1,2.5649493574615367
5.4,"169 km SSE of Vilyuchinsk, Russia",1754132762190,1760741502040,,https://earthquake.usgs.gov/earthquakes/eventpage/us6000qxme,https://earthquake.usgs.gov/fdsnws/event/1/query?eventid=us6000qxme&format=geojson,,,3.672,green,reviewed,0,449,us,6000qxme,",usauto6000qxme,us6000qxme,",",usauto,us,",",internal-moment-tensor,losspager,moment-tensor,origin,phase-data,shakemap,",110.0,1.548,1.17,109.0,mww,earthquake,"M 5.4 - 169 km SSE of Vilyuchinsk, Russia",159.6045,51.5932,28.403,us6000qxme,2025-08-02 11:06:02.190000+00:00,2025,8,2,11,Faible,,4.1,2.5649493574615367
5.4,"96 km SE of Akkeshi, Japan",1754087257276,1760741502040,,https://earthquake.usgs.gov/earthquakes/eventpage/us6000qxja,https://earthquake.usgs.gov/fdsnws/event/1/query?eventid=us6000qxja&format=geojson,,,4.044,green,reviewed,0,449,us,6000qxja,",usauto6000qxja,us6000qxja,",",usauto,us,",",internal-moment-tensor,losspager,moment-tensor,origin,phase-data,shakemap,",103.0,1.783,0.84,93.0,mww,earthquake,"M 5.4 - 96 km SE of Akkeshi, Japan",145.5206,42.3163,25.169,us6000qxja,2025-08-01 22:27:37.276000+00:00,2025,8,1,22,Faible,,4.1,2.5649493574615367
5.4,"154 km SE of Petropavlovsk-Kamchatsky, Russia",1754085782263,1760741502040,,https://earthquake.usgs.gov/earthquakes/eventpage/us6000qxj2,https://earthquake.usgs.gov/fdsnws/event/1/query?eventid=us6000qxj2&format=geojson,,,3.457,green,reviewed,0,449,us,6000qxj2,",usauto6000qxj2,us6000qxj2,",",usauto,us,",",internal-moment-tensor,losspager,origin,phase-data,shakemap,",86.0,1.351,1.2,111.0,mww,earthquake,"M 5.4 - 154 km SE of Petropavlovsk-Kamchatsky, Russia",160.2698,52.1037,10.0,us6000qxj2,2025-08-01 22:03:02.263000+00:00,2025,8,1,22,Faible,,4.1,2.5649493574615367
5.6,"32 km SE of Severo-Kuril’sk, Russia",1754078892598,1760741502040,,https://earthquake.usgs.gov/earthquakes/eventpage/us6000qxi9,https://earthquake.usgs.gov/fdsnws/event/1/query?eventid=us6000qxi9&format=geojson,,,4.175,green,reviewed,0,482,us,6000qxi9,",us6000qxi9,",",us,",",losspager,origin,phase-data,shakemap,",184.0,2.791,0.64,43.0,mb,earthquake,"M 5.6 - 32 km SE of Severo-Kuril’sk, Russia",156.3974,50.4404,79.264,us6000qxi9,2025-08-01 20:08:12.598000+00:00,2025,8,1,20,Faible,,4.1,2.5649493574615367
5.4,"24 km SE of Severo-Kuril’sk, Russia",1754078877447,1760741502040,,https://earthquake.usgs.gov/earthquakes/eventpage/us6000qxhm,https://earthquake.usgs.gov/fdsnws/event/1/query?eventid=us6000qxhm&format=geojson,,,4.235,green,reviewed,0,449,us,6000qxhm,",usauto6000qxhm,us6000qxhm,",",usauto,us,",",internal-moment-tensor,losspager,origin,phase-data,shakemap,",216.0,2.751,0.83,44.0,mww,earthquake,"M 5.4 - 24 km SE of Severo-Kuril’sk, Russia",156.3237,50.4968,88.462,us6000qxhm,2025-08-01 20:07:57.447000+00:00,2025,8,1,20,Faible,,4.1,2.5649493574615367
5.5,"191 km E of Petropavlovsk-Kamchatsky, Russia",1754074390397,1760741502040,,https://earthquake.usgs.gov/earthquakes/eventpage/us6000qxgb,https://earthquake.usgs.gov/fdsnws/event/1/query?eventid=us6000qxgb&format=geojson,,,3.639,green,reviewed,0,465,us,6000qxgb,",us6000qxgb,",",us,",",losspager,origin,phase-data,shakemap,",194.0,1.704,0.77,56.0,mb,earthquake,"M 5.5 - 191 km E of Petropavlovsk-Kamchatsky, Russia",161.4392,52.7977,10.0,us6000qxgb,2025-08-01 18:53:10.397000+00:00,2025,8,1,18,Faible,,4.1,2.5649493574615367
6.1,"215 km ESE of Severo-Kuril’sk, Russia",1754072445177,1760741502040,,https://earthquake.usgs.gov/earthquakes/eventpage/us6000qxfn,https://earthquake.usgs.gov/fdsnws/event/1/query?eventid=us6000qxfn&format=geojson,,,3.769,green,reviewed,0,572,us,6000qxfn,",us6000qxfn,usauto6000qxfn,pt25213002,",",us,usauto,pt,",",ground-failure,internal-moment-tensor,internal-origin,losspager,moment-tensor,origin,phase-data,shakemap,",213.0,2.829,0.71,28.0,mww,earthquake,"M 6.1 - 215 km ESE of Severo-Kuril’sk, Russia",159.0659,50.2099,10.0,us6000qxfn,2025-08-01 18:20:45.177000+00:00,2025,8,1,18,Faible,,4.1,2.5649493574615367
5.6,"104 km S of Vilyuchinsk, Russia",1754055854297,1760741502040,,https://earthquake.usgs.gov/earthquakes/eventpage/us6000qxae,https://earthquake.usgs.gov/fdsnws/event/1/query?eventid=us6000qxae&format=geojson,,,4.716,green,reviewed,0,482,us,6000qxae,",usauto6000qxae,us6000qxae,",",usauto,us,",",internal-moment-tensor,losspager,moment-tensor,origin,phase-data,shakemap,",107.0,1.051,0.67,112.0,mww,earthquake,"M 5.6 - 104 km S of Vilyuchinsk, Russia",158.3749,51.9877,23.0,us6000qxae,2025-08-01 13:44:14.297000+00:00,2025,8,1,13,Faible,,4.1,2.5649493574615367
5.4,"158 km ESE of Petropavlovsk-Kamchatsky, Russia",1754049728871,1760741502040,,https://earthquake.usgs.gov/earthquakes/eventpage/us6000qx9t,https://earthquake.usgs.gov/fdsnws/event/1/query?eventid=us6000qx9t&format=geojson,,,3.626,green,reviewed,0,449,us,6000qx9t,",at00t0bdfj,us6000qx9t,",",at,us,",",internal-origin,losspager,origin,phase-data,shakemap,",113.0,1.395,0.79,84.0,mb,earthquake,"M 5.4 - 158 km ESE of Petropavlovsk-Kamchatsky, Russia",160.7463,52.4567,10.0,us6000qx9t,2025-08-01 12:02:08.871000+00:00,2025,8,1,12,Faible,,4.1,2.5649493574615367
5.9,"174 km SE of Vilyuchinsk, Russia",1754049443128,1760741502040,,https://earthquake.usgs.gov/earthquakes/eventpage/us6000qx9r,https://earthquake.usgs.gov/fdsnws/event/1/query?eventid=us6000qx9r&format=geojson,,,3.772,green,reviewed,0,536,us,6000qx9r,",usauto6000qx9r,at00t0bd7o,pt25213001,us6000qx9r,",",usauto,at,pt,us,",",internal-moment-tensor,internal-origin,losspager,moment-tensor,origin,phase-data,shakemap,",144.0,1.554,0.93,64.0,mww,earthquake,"M 5.9 - 174 km SE of Vilyuchinsk, Russia",160.0431,51.7269,19.0,us6000qx9r,2025-08-01 11:57:23.128000+00:00,2025,8,1,11,Faible,,4.1,2.5649493574615367
5.7,"122 km E of Severo-Kuril’sk, Russia",1754045698030,1760741502040,,https://earthquake.usgs.gov/earthquakes/eventpage/us6000qx98,https://earthquake.usgs.gov/fdsnws/event/1/query?eventid=us6000qx98&format=geojson,,,3.957,green,reviewed,0,500,us,6000qx98,",usauto6000qx98,us6000qx98,",",usauto,us,",",internal-moment-tensor,losspager,moment-tensor,origin,phase-data,shakemap,",175.0,2.549,0.62,113.0,mww,earthquake,"M 5.7 - 122 km E of Severo-Kuril’sk, Russia",157.8481,50.527,23.0,us6000qx98,2025-08-01 10:54:58.030000+00:00,2025,8,1,10,Faible,,4.1,2.5649493574615367
5.7,"106 km ESE of Petropavlovsk-Kamchatsky, Russia",1754037265369,1760741502040,,https://earthquake.usgs.gov/earthquakes/eventpage/us6000qx8k,https://earthquake.usgs.gov/fdsnws/event/1/query?eventid=us6000qx8k&format=geojson,,,4.268,green,reviewed,0,500,us,6000qx8k,",usauto6000qx8k,us6000qx8k,",",usauto,us,",",internal-moment-tensor,losspager,moment-tensor,origin,phase-data,shakemap,",113.0,0.932,1.33,85.0,mww,earthquake,"M 5.7 - 106 km ESE of Petropavlovsk-Kamchatsky, Russia",160.146,52.8059,28.0,us6000qx8k,2025-08-01 08:34:25.369000+00:00,2025,8,1,8,Faible,,4.1,2.5649493574615367
5.4,"187 km E of Petropavlovsk-Kamchatsky, Russia",1754012197158,1760741502040,,https://earthquake.usgs.gov/earthquakes/eventpage/us6000qx6a,https://earthquake.usgs.gov/fdsnws/event/1/query?eventid=us6000qx6a&format=geojson,,,3.565,green,reviewed,0,449,us,6000qx6a,",usauto6000qx6a,pt25213000,us6000qx6a,",",usauto,pt,us,",",internal-moment-tensor,internal-origin,losspager,origin,phase-data,shakemap,",111.0,1.668,1.16,98.0,mww,earthquake,"M 5.4 - 187 km E of Petropavlovsk-Kamchatsky, Russia",161.3826,52.811,10.0,us6000qx6a,2025-08-01 01:36:37.158000+00:00,2025,8,1,1,Faible,,4.1,2.5649493574615367
5.7,"167 km ESE of Petropavlovsk-Kamchatsky, Russia",1753994163253,1760741502040,,https://earthquake.usgs.gov/earthquakes/eventpage/us6000qx2r,https://earthquake.usgs.gov/fdsnws/event/1/query?eventid=us6000qx2r&format=geojson,1.0,1.0,3.691,green,reviewed,0,500,us,6000qx2r,",us6000qx2r,usauto6000qx2r,",",us,usauto,",",dyfi,internal-moment-tensor,losspager,moment-tensor,origin,phase-data,shakemap,",135.0,1.481,0.94,78.0,mww,earthquake,"M 5.7 - 167 km ESE of Petropavlovsk-Kamchatsky, Russia",160.9806,52.5859,14.0,us6000qx2r,2025-07-31 20:36:03.253000+00:00,2025,7,31,20,Faible,0.6931471805599453,1.0,0.6931471805599453
4.37238430493943,"6 km NW of Rialto, CA",1753979544200,1785516150765,,https://earthquake.usgs.gov/earthquakes/eventpage/ci41249496,https://earthquake.usgs.gov/fdsnws/event/1/query?eventid=ci41249496&format=geojson,8298.0,5.6,4.481,green,reviewed,0,854,ci,41249496,",ew1753979540,ci41249496,us6000qwzb,",",ew,ci,us,",",dyfi,event-sequence,focal-mechanism,losspager,moment-tensor,nearby-cities,oaf,origin,phase-data,scitech-link,shake-alert,shakemap,",159.0,0.0458,0.23,16.0,mw,earthquake,"M 4.4 - 6 km NW of Rialto, CA",-117.4143333,34.148,5.26,ci41249496,2025-07-31 16:32:24.200000+00:00,2025,7,31,16,Faible,9.023890304598448,5.6,9.023890304598448
5.2,"178 km SSE of Vilyuchinsk, Russia",1753972491979,1760741502040,,https://earthquake.usgs.gov/earthquakes/eventpage/us6000qwy7,https://earthquake.usgs.gov/fdsnws/event/1/query?eventid=us6000qwy7&format=geojson,,,3.55,green,reviewed,0,416,us,6000qwy7,",usauto6000qwy7,us6000qwy7,",",usauto,us,",",internal-moment-tensor,losspager,origin,phase-data,shakemap,",171.0,1.611,0.86,98.0,mww,earthquake,"M 5.2 - 178 km SSE of Vilyuchinsk, Russia",159.8294,51.587,10.0,us6000qwy7,2025-07-31 14:34:51.979000+00:00,2025,7,31,14,Faible,,4.1,2.5649493574615367
5.4,"158 km ESE of Petropavlovsk-Kamchatsky, Russia",1753969147577,1760741502040,,https://earthquake.usgs.gov/earthquakes/eventpage/us6000qwxr,https://earthquake.usgs.gov/fdsnws/event/1/query?eventid=us6000qwxr&format=geojson,,,3.532,green,reviewed,0,449,us,6000qwxr,",usauto6000qwxr,us6000qwxr,",",usauto,us,",",internal-moment-tensor,losspager,origin,phase-data,shakemap,",91.0,1.391,0.81,113.0,mb,earthquake,"M 5.4 - 158 km ESE of Petropavlovsk-Kamchatsky, Russia",160.6254,52.3254,10.0,us6000qwxr,2025-07-31 13:39:07.577000+00:00,2025,7,31,13,Faible,,4.1,2.5649493574615367
5.5,"131 km SE of Severo-Kuril’sk, Russia",1753947762827,1760741502040,,https://earthquake.usgs.gov/earthquakes/eventpage/us6000qwvb,https://earthquake.usgs.gov/fdsnws/event/1/query?eventid=us6000qwvb&format=geojson,,,3.661,green,reviewed,0,465,us,6000qwvb,",us6000qwvb,",",us,",",losspager,origin,phase-data,shakemap,",147.0,3.242,0.93,58.0,mb,earthquake,"M 5.5 - 131 km SE of Severo-Kuril’sk, Russia",157.4706,49.871,43.871,us6000qwvb,2025-07-31 07:42:42.827000+00:00,2025,7,31,7,Faible,,4.1,2.5649493574615367
5.4,"100 km SSE of Severo-Kuril’sk, Russia",1753944697683,1760741502040,,https://earthquake.usgs.gov/earthquakes/eventpage/us6000qwuv,https://earthquake.usgs.gov/fdsnws/event/1/query?eventid=us6000qwuv&format=geojson,,,3.968,green,reviewed,0,449,us,6000qwuv,",us6000qwuv,",",us,",",losspager,origin,phase-data,shakemap,",80.0,3.403,0.86,101.0,mb,earthquake,"M 5.4 - 100 km SSE of Severo-Kuril’sk, Russia",156.4616,49.7989,36.975,us6000qwuv,2025-07-31 06:51:37.683000+00:00,2025,7,31,6,Faible,,4.1,2.5649493574615367
6.2,"222 km SE of Severo-Kuril’sk, Russia",1753939634789,1760741502040,,https://earthquake.usgs.gov/earthquakes/eventpage/us6000qwuh,https://earthquake.usgs.gov/fdsnws/event/1/query?eventid=us6000qwuh&format=geojson,2.0,0.0,3.756,green,reviewed,0,591,us,6000qwuh,",us6000qwuh,usauto6000qwuh,pt25212000,",",us,usauto,pt,",",dyfi,ground-failure,internal-moment-tensor,internal-origin,losspager,moment-tensor,origin,phase-data,shakemap,",268.0,3.528,0.57,38.0,mww,earthquake,"M 6.2 - 222 km SE of Severo-Kuril’sk, Russia",158.6499,49.5,15.0,us6000qwuh,2025-07-31 05:27:14.789000+00:00,2025,7,31,5,Faible,1.0986122886681098,0.0,1.0986122886681098
5.8,"161 km ESE of Petropavlovsk-Kamchatsky, Russia",1753917330093,1760741502040,,https://earthquake.usgs.gov/earthquakes/eventpage/us6000qwrs,https://earthquake.usgs.gov/fdsnws/event/1/query?eventid=us6000qwrs&format=geojson,,,3.763,green,reviewed,0,518,us,6000qwrs,",us6000qwrs,",",us,",",losspager,moment-tensor,origin,phase-data,shakemap,",234.0,1.427,0.9,30.0,mwb,earthquake,"M 5.8 - 161 km ESE of Petropavlovsk-Kamchatsky, Russia",160.7681,52.4118,10.0,us6000qwrs,2025-07-30 23:15:30.093000+00:00,2025,7,30,23,Faible,,4.1,2.5649493574615367
5.7,"144 km SE of Petropavlovsk-Kamchatsky, Russia",1753912271837,1760741502040,,https://earthquake.usgs.gov/earthquakes/eventpage/us6000qwr5,https://earthquake.usgs.gov/fdsnws/event/1/query?eventid=us6000qwr5&format=geojson,,,3.672,green,reviewed,0,500,us,6000qwr5,",us6000qwr5,",",us,",",losspager,moment-tensor,origin,phase-data,shakemap,",232.0,1.264,0.69,100.0,mwb,earthquake,"M 5.7 - 144 km SE of Petropavlovsk-Kamchatsky, Russia",160.2649,52.2321,17.0,us6000qwr5,2025-07-30 21:51:11.837000+00:00,2025,7,30,21,Faible,,4.1,2.5649493574615367
5.1,"172 km ESE of Petropavlovsk-Kamchatsky, Russia",1753912236174,1760741502040,,https://earthquake.usgs.gov/earthquakes/eventpage/us6000qwqx,https://earthquake.usgs.gov/fdsnws/event/1/query?eventid=us6000qwqx&format=geojson,,,3.589,green,reviewed,0,400,us,6000qwqx,",us6000qwqx,",",us,",",losspager,origin,phase-data,shakemap,",162.0,1.525,0.77,128.0,mb,earthquake,"M 5.1 - 172 km ESE of Petropavlovsk-Kamchatsky, Russia",160.998,52.4865,25.289,us6000qwqx,2025-07-30 21:50:36.174000+00:00,2025,7,30,21,Faible,,4.1,2.5649493574615367
5.3,"121 km SE of Severo-Kuril’sk, Russia",1753910082256,1760741502040,,https://earthquake.usgs.gov/earthquakes/eventpage/us6000qwqs,https://earthquake.usgs.gov/fdsnws/event/1/query?eventid=us6000qwqs&format=geojson,,,3.621,green,reviewed,0,432,us,6000qwqs,",us6000qwqs,",",us,",",losspager,origin,phase-data,shakemap,",106.0,3.073,0.69,136.0,mb,earthquake,"M 5.3 - 121 km SE of Severo-Kuril’sk, Russia",157.5188,50.0368,33.667,us6000qwqs,2025-07-30 21:14:42.256000+00:00,2025,7,30,21,Faible,,4.1,2.5649493574615367
5.6,"223 km SE of Severo-Kuril’sk, Russia",1753909981237,1760741502040,,https://earthquake.usgs.gov/earthquakes/eventpage/us6000qwqm,https://earthquake.usgs.gov/fdsnws/event/1/query?eventid=us6000qwqm&format=geojson,,,3.179,green,reviewed,0,482,us,6000qwqm,",us6000qwqm,",",us,",",losspager,moment-tensor,origin,phase-data,shakemap,",338.0,3.531,0.51,31.0,mww,earthquake,"M 5.6 - 223 km SE of Severo-Kuril’sk, Russia",158.6625,49.4969,10.0,us6000qwqm,2025-07-30 21:13:01.237000+00:00,2025,7,30,21,Faible,,4.1,2.5649493574615367
5.6,"134 km SE of Severo-Kuril’sk, Russia",1753894654771,1760741502040,,https://earthquake.usgs.gov/earthquakes/eventpage/us6000qwle,https://earthquake.usgs.gov/fdsnws/event/1/query?eventid=us6000qwle&format=geojson,,,3.498,green,reviewed,0,482,us,6000qwle,",us6000qwle,",",us,",",losspager,origin,phase-data,shakemap,",196.0,3.204,0.71,79.0,mb,earthquake,"M 5.6 - 134 km SE of Severo-Kuril’sk, Russia",157.5715,49.8958,10.0,us6000qwle,2025-07-30 16:57:34.771000+00:00,2025,7,30,16,Faible,,4.1,2.5649493574615367
5.7,"256 km ESE of Ozernovskiy, Russia",1753894032839,1760741502040,,https://earthquake.usgs.gov/earthquakes/eventpage/us6000qwlc,https://earthquake.usgs.gov/fdsnws/event/1/query?eventid=us6000qwlc&format=geojson,,,3.424,green,reviewed,0,500,us,6000qwlc,",us6000qwlc,",",us,",",losspager,origin,phase-data,shakemap,",244.0,2.691,0.89,44.0,mb,earthquake,"M 5.7 - 256 km ESE of Ozernovskiy, Russia",159.7368,50.4224,10.0,us6000qwlc,2025-07-30 16:47:12.839000+00:00,2025,7,30,16,Faible,,4.1,2.5649493574615367
6.0,"138 km SE of Severo-Kuril’sk, Russia",1753891666668,1760741502040,,https://earthquake.usgs.gov/earthquakes/eventpage/us6000qwk1,https://earthquake.usgs.gov/fdsnws/event/1/query?eventid=us6000qwk1&format=geojson,,,3.864,green,reviewed,0,554,us,6000qwk1,",us6000qwk1,",",us,",",ground-failure,losspager,moment-tensor,origin,phase-data,shakemap,",187.0,3.454,0.75,72.0,mwb,earthquake,"M 6.0 - 138 km SE of Severo-Kuril’sk, Russia",157.2746,49.6696,35.0,us6000qwk1,2025-07-30 16:07:46.668000+00:00,2025,7,30,16,Faible,,4.1,2.5649493574615367
5.9,"135 km ESE of Severo-Kuril’sk, Russia",1753886863816,1760741502040,,https://earthquake.usgs.gov/earthquakes/eventpage/us6000qwiq,https://earthquake.usgs.gov/fdsnws/event/1/query?eventid=us6000qwiq&format=geojson,2.0,7.0,3.788,green,reviewed,0,537,us,6000qwiq,",us6000qwiq,",",us,",",dyfi,ground-failure,losspager,moment-tensor,origin,phase-data,shakemap,",226.0,3.011,1.26,35.0,mwb,earthquake,"M 5.9 - 135 km ESE of Severo-Kuril’sk, Russia",157.7699,50.0671,23.309,us6000qwiq,2025-07-30 14:47:43.816000+00:00,2025,7,30,14,Faible,1.0986122886681098,7.0,1.0986122886681098
5.4,"199 km SSE of Vilyuchinsk, Russia",1753869447860,1760741502040,,https://earthquake.usgs.gov/earthquakes/eventpage/us6000r1cz,https://earthquake.usgs.gov/fdsnws/event/1/query?eventid=us6000r1cz&format=geojson,,,3.534,green,reviewed,0,449,us,6000r1cz,",us6000r1cz,",",us,",",losspager,origin,phase-data,shakemap,",26.0,1.825,0.69,217.0,mb,earthquake,"M 5.4 - 199 km SSE of Vilyuchinsk, Russia",159.6768,51.3138,35.0,us6000r1cz,2025-07-30 09:57:27.860000+00:00,2025,7,30,9,Faible,,4.1,2.5649493574615367
6.1,"183 km SE of Vilyuchinsk, Russia",1753869373780,1760741502040,,https://earthquake.usgs.gov/earthquakes/eventpage/us6000qwfe,https://earthquake.usgs.gov/fdsnws/event/1/query?eventid=us6000qwfe&format=geojson,,,3.898,green,reviewed,0,572,us,6000qwfe,",us6000qwfe,",",us,",",ground-failure,losspager,moment-tensor,origin,phase-data,shakemap,",301.0,1.646,0.71,52.0,mwb,earthquake,"M 6.1 - 183 km SE of Vilyuchinsk, Russia",160.0013,51.6041,10.445,us6000qwfe,2025-07-30 09:56:13.780000+00:00,2025,7,30,9,Faible,,4.1,2.5649493574615367
5.5,South Sandwich Islands region,1753867479757,1760741502040,,https://earthquake.usgs.gov/earthquakes/eventpage/us6000qwex,https://earthquake.usgs.gov/fdsnws/event/1/query?eventid=us6000qwex&format=geojson,,,3.312,green,reviewed,0,465,us,6000qwex,",us6000qwex,",",us,",",losspager,origin,phase-data,shakemap,",121.0,7.335,0.56,38.0,mb,earthquake,M 5.5 - South Sandwich Islands region,-26.2034,-58.926,126.3,us6000qwex,2025-07-30 09:24:39.757000+00:00,2025,7,30,9,Faible,,4.1,2.5649493574615367
5.6,"202 km S of Severo-Kuril’sk, Russia",1753860882923,1760741502040,,https://earthquake.usgs.gov/earthquakes/eventpage/us6000qwd7,https://earthquake.usgs.gov/fdsnws/event/1/query?eventid=us6000qwd7&format=geojson,,,3.369,green,reviewed,0,482,us,6000qwd7,",us6000qwd7,",",us,",",losspager,origin,phase-data,shakemap,",114.0,4.343,0.94,54.0,mb,earthquake,"M 5.6 - 202 km S of Severo-Kuril’sk, Russia",156.301,48.8612,10.0,us6000qwd7,2025-07-30 07:34:42.923000+00:00,2025,7,30,7,Faible,,4.1,2.5649493574615367
5.4,"193 km SSE of Vilyuchinsk, Russia",1753853421775,1760741502040,,https://earthquake.usgs.gov/earthquakes/eventpage/us6000qwbi,https://earthquake.usgs.gov/fdsnws/event/1/query?eventid=us6000qwbi&format=geojson,,,3.517,green,reviewed,0,449,us,6000qwbi,",us6000qwbi,",",us,",",losspager,origin,phase-data,shakemap,",90.0,1.768,1.16,87.0,mb,earthquake,"M 5.4 - 193 km SSE of Vilyuchinsk, Russia",159.6812,51.376,10.0,us6000qwbi,2025-07-30 05:30:21.775000+00:00,2025,7,30,5,Faible,,4.1,2.5649493574615367
4.9,"4 km SSW of Turangi, New Zealand",1753853242887,1760741502040,,https://earthquake.usgs.gov/earthquakes/eventpage/us6000qwbf,https://earthquake.usgs.gov/fdsnws/event/1/query?eventid=us6000qwbf&format=geojson,,,3.086,green,reviewed,0,369,us,6000qwbf,",us6000qwbf,",",us,",",losspager,origin,phase-data,shakemap,",36.0,0.041,1.15,63.0,mb,earthquake,"M 4.9 - 4 km SSW of Turangi, New Zealand",175.7827,-39.0242,125.573,us6000qwbf,2025-07-30 05:27:22.887000+00:00,2025,7,30,5,Faible,,4.1,2.5649493574615367
5.4,"155 km E of Ozernovskiy, Russia",1753852771235,1760741502040,,https://earthquake.usgs.gov/earthquakes/eventpage/us6000qwbb,https://earthquake.usgs.gov/fdsnws/event/1/query?eventid=us6000qwbb&format=geojson,,,4.088,green,reviewed,0,449,us,6000qwbb,",us6000qwbb,",",us,",",losspager,origin,phase-data,shakemap,",109.0,1.608,0.8,60.0,mb,earthquake,"M 5.4 - 155 km E of Ozernovskiy, Russia",158.7366,51.4188,10.0,us6000qwbb,2025-07-30 05:19:31.235000+00:00,2025,7,30,5,Faible,,4.1,2.5649493574615367
5.6,"122 km E of Severo-Kuril’sk, Russia",1753851915426,1760741502040,,https://earthquake.usgs.gov/earthquakes/eventpage/us6000qwb4,https://earthquake.usgs.gov/fdsnws/event/1/query?eventid=us6000qwb4&format=geojson,,,3.992,green,reviewed,0,482,us,6000qwb4,",us6000qwb4,",",us,",",losspager,origin,phase-data,shakemap,",119.0,2.341,0.68,119.0,mb,earthquake,"M 5.6 - 122 km E of Severo-Kuril’sk, Russia",157.8617,50.7377,61.759,us6000qwb4,2025-07-30 05:05:15.426000+00:00,2025,7,30,5,Faible,,4.1,2.5649493574615367
5.6,"152 km S of Severo-Kuril’sk, Russia",1753849514790,1760741502040,,https://earthquake.usgs.gov/earthquakes/eventpage/us6000qwah,https://earthquake.usgs.gov/fdsnws/event/1/query?eventid=us6000qwah&format=geojson,,,3.585,green,reviewed,0,482,us,6000qwah,",us6000qwah,",",us,",",losspager,origin,phase-data,shakemap,",168.0,3.854,0.9,74.0,mb,earthquake,"M 5.6 - 152 km S of Severo-Kuril’sk, Russia",156.5319,49.3297,35.0,us6000qwah,2025-07-30 04:25:14.790000+00:00,2025,7,30,4,Faible,,4.1,2.5649493574615367
5.4,"154 km ESE of Petropavlovsk-Kamchatsky, Russia",1753848224884,1760741502040,,https://earthquake.usgs.gov/earthquakes/eventpage/us6000qw9z,https://earthquake.usgs.gov/fdsnws/event/1/query?eventid=us6000qw9z&format=geojson,,,3.637,green,reviewed,0,449,us,6000qw9z,",us6000qw9z,",",us,",",losspager,origin,phase-data,shakemap,",144.0,1.366,0.93,108.0,mb,earthquake,"M 5.4 - 154 km ESE of Petropavlovsk-Kamchatsky, Russia",160.7237,52.497,10.0,us6000qw9z,2025-07-30 04:03:44.884000+00:00,2025,7,30,4,Faible,,4.1,2.5649493574615367
5.5,"132 km SSE of Vilyuchinsk, Russia",1753845954468,1760741502040,,https://earthquake.usgs.gov/earthquakes/eventpage/us6000qw94,https://earthquake.usgs.gov/fdsnws/event/1/query?eventid=us6000qw94&format=geojson,,,4.116,green,reviewed,0,465,us,6000qw94,",us6000qw94,",",us,",",losspager,origin,phase-data,shakemap,",123.0,1.23,0.87,94.0,mb,earthquake,"M 5.5 - 132 km SSE of Vilyuchinsk, Russia",159.1797,51.8385,35.0,us6000qw94,2025-07-30 03:25:54.468000+00:00,2025,7,30,3,Faible,,4.1,2.5649493574615367
5.4,"139 km SE of Severo-Kuril’sk, Russia",1753845565126,1760741502040,,https://earthquake.usgs.gov/earthquakes/eventpage/us6000qw8v,https://earthquake.usgs.gov/fdsnws/event/1/query?eventid=us6000qw8v&format=geojson,,,3.428,green,reviewed,0,449,us,6000qw8v,",us6000qw8v,",",us,",",losspager,origin,phase-data,shakemap,",128.0,3.439,0.89,79.0,mb,earthquake,"M 5.4 - 139 km SE of Severo-Kuril’sk, Russia",157.3207,49.6826,10.0,us6000qw8v,2025-07-30 03:19:25.126000+00:00,2025,7,30,3,Faible,,4.1,2.5649493574615367
5.3,"155 km ESE of Petropavlovsk-Kamchatsky, Russia",1753845388679,1760741502040,,https://earthquake.usgs.gov/earthquakes/eventpage/us6000qw92,https://earthquake.usgs.gov/fdsnws/event/1/query?eventid=us6000qw92&format=geojson,,,3.912,green,reviewed,0,432,us,6000qw92,",us6000qw92,",",us,",",losspager,origin,phase-data,shakemap,",113.0,1.377,0.73,160.0,mb,earthquake,"M 5.3 - 155 km ESE of Petropavlovsk-Kamchatsky, Russia",160.8644,52.7151,10.0,us6000qw92,2025-07-30 03:16:28.679000+00:00,2025,7,30,3,Faible,,4.1,2.5649493574615367
5.5,"152 km E of Petropavlovsk-Kamchatsky, Russia",1753845236616,1760741502040,,https://earthquake.usgs.gov/earthquakes/eventpage/us6000r1gk,https://earthquake.usgs.gov/fdsnws/event/1/query?eventid=us6000r1gk&format=geojson,,,3.973,green,reviewed,0,465,us,6000r1gk,",us6000r1gk,",",us,",",losspager,origin,phase-data,shakemap,",61.0,8.015,0.79,107.0,mb,earthquake,"M 5.5 - 152 km E of Petropavlovsk-Kamchatsky, Russia",160.8815,52.8756,24.949,us6000r1gk,2025-07-30 03:13:56.616000+00:00,2025,7,30,3,Faible,,4.1,2.5649493574615367
5.5,"146 km SSE of Vilyuchinsk, Russia",1753845205319,1760741502040,,https://earthquake.usgs.gov/earthquakes/eventpage/us6000qw8r,https://earthquake.usgs.gov/fdsnws/event/1/query?eventid=us6000qw8r&format=geojson,,,3.958,green,reviewed,0,465,us,6000qw8r,",us6000qw8r,",",us,",",losspager,origin,phase-data,shakemap,",146.0,1.355,0.75,111.0,mb,earthquake,"M 5.5 - 146 km SSE of Vilyuchinsk, Russia",159.309,51.7321,35.0,us6000qw8r,2025-07-30 03:13:25.319000+00:00,2025,7,30,3,Faible,,4.1,2.5649493574615367
5.3,"158 km E of Petropavlovsk-Kamchatsky, Russia",1753845082761,1760741502040,,https://earthquake.usgs.gov/earthquakes/eventpage/us6000qw8p,https://earthquake.usgs.gov/fdsnws/event/1/query?eventid=us6000qw8p&format=geojson,,,3.888,green,reviewed,0,432,us,6000qw8p,",us6000qw8p,",",us,",",losspager,origin,phase-data,shakemap,",99.0,1.409,0.88,132.0,mb,earthquake,"M 5.3 - 158 km E of Petropavlovsk-Kamchatsky, Russia",160.9578,52.8384,27.95,us6000qw8p,2025-07-30 03:11:22.761000+00:00,2025,7,30,3,Faible,,4.1,2.5649493574615367
5.9,"93 km E of Severo-Kuril’sk, Russia",1753842640490,1760668480040,,https://earthquake.usgs.gov/earthquakes/eventpage/us6000qw87,https://earthquake.usgs.gov/fdsnws/event/1/query?eventid=us6000qw87&format=geojson,,,4.337,green,reviewed,0,536,us,6000qw87,",us6000qw87,",",us,",",losspager,origin,phase-data,shakemap,",148.0,2.461,0.81,74.0,mb,earthquake,"M 5.9 - 93 km E of Severo-Kuril’sk, Russia",157.4441,50.6541,37.52,us6000qw87,2025-07-30 02:30:40.490000+00:00,2025,7,30,2,Faible,,4.1,2.5649493574615367
5.7,"256 km ESE of Petropavlovsk-Kamchatsky, Russia",1753842450416,1760668478040,,https://earthquake.usgs.gov/earthquakes/eventpage/us6000qw86,https://earthquake.usgs.gov/fdsnws/event/1/query?eventid=us6000qw86&format=geojson,,,3.413,green,reviewed,0,500,us,6000qw86,",us6000qw86,",",us,",",losspager,origin,phase-data,shakemap,",107.0,2.283,0.55,106.0,mb,earthquake,"M 5.7 - 256 km ESE of Petropavlovsk-Kamchatsky, Russia",162.0791,52.1134,10.0,us6000qw86,2025-07-30 02:27:30.416000+00:00,2025,7,30,2,Faible,,4.1,2.5649493574615367
5.3,"151 km SSE of Vilyuchinsk, Russia",1753840331436,1760668453040,,https://earthquake.usgs.gov/earthquakes/eventpage/us6000qw7l,https://earthquake.usgs.gov/fdsnws/event/1/query?eventid=us6000qw7l&format=geojson,,,3.841,green,reviewed,0,432,us,6000qw7l,",us6000qw7l,",",us,",",losspager,origin,phase-data,shakemap,",143.0,1.402,0.79,114.0,mb,earthquake,"M 5.3 - 151 km SSE of Vilyuchinsk, Russia",159.3075,51.6833,35.0,us6000qw7l,2025-07-30 01:52:11.436000+00:00,2025,7,30,1,Faible,,4.1,2.5649493574615367
5.5,"99 km ESE of Severo-Kuril’sk, Russia",1753840012665,1760668449040,,https://earthquake.usgs.gov/earthquakes/eventpage/us6000qw7h,https://earthquake.usgs.gov/fdsnws/event/1/query?eventid=us6000qw7h&format=geojson,,,3.957,green,reviewed,0,465,us,6000qw7h,",us6000qw7h,",",us,",",losspager,origin,phase-data,shakemap,",113.0,2.935,0.78,77.0,mb,earthquake,"M 5.5 - 99 km ESE of Severo-Kuril’sk, Russia",157.2929,50.1868,35.0,us6000qw7h,2025-07-30 01:46:52.665000+00:00,2025,7,30,1,Faible,,4.1,2.5649493574615367
5.4,"178 km SE of Petropavlovsk-Kamchatsky, Russia",1753839604205,1760668447040,,https://earthquake.usgs.gov/earthquakes/eventpage/us6000qw7g,https://earthquake.usgs.gov/fdsnws/event/1/query?eventid=us6000qw7g&format=geojson,,,3.313,green,reviewed,0,449,us,6000qw7g,",us6000qw7g,",",us,",",losspager,origin,phase-data,shakemap,",137.0,1.573,0.87,125.0,mb,earthquake,"M 5.4 - 178 km SE of Petropavlovsk-Kamchatsky, Russia",160.593,51.9929,10.0,us6000qw7g,2025-07-30 01:40:04.205000+00:00,2025,7,30,1,Faible,,4.1,2.5649493574615367
5.6,"136 km ESE of Ozernovskiy, Russia",1753839496776,1760668446040,,https://earthquake.usgs.gov/earthquakes/eventpage/us6000qw7f,https://earthquake.usgs.gov/fdsnws/event/1/query?eventid=us6000qw7f&format=geojson,,,3.936,green,reviewed,0,482,us,6000qw7f,",us6000qw7f,",",us,",",losspager,origin,phase-data,shakemap,",158.0,2.021,0.78,76.0,mb,earthquake,"M 5.6 - 136 km ESE of Ozernovskiy, Russia",158.3088,51.0169,35.0,us6000qw7f,2025-07-30 01:38:16.776000+00:00,2025,7,30,1,Faible,,4.1,2.5649493574615367
5.4,"141 km ESE of Petropavlovsk-Kamchatsky, Russia",1753838435630,1760668432040,,https://earthquake.usgs.gov/earthquakes/eventpage/us6000qw7d,https://earthquake.usgs.gov/fdsnws/event/1/query?eventid=us6000qw7d&format=geojson,,,3.782,green,reviewed,0,449,us,6000qw7d,",us6000qw7d,",",us,",",losspager,origin,phase-data,shakemap,",195.0,1.249,0.85,114.0,mb,earthquake,"M 5.4 - 141 km ESE of Petropavlovsk-Kamchatsky, Russia",160.5659,52.5706,10.0,us6000qw7d,2025-07-30 01:20:35.630000+00:00,2025,7,30,1,Faible,,4.1,2.5649493574615367
5.3,"128 km SE of Petropavlovsk-Kamchatsky, Russia",1753837890575,1760668424040,,https://earthquake.usgs.gov/earthquakes/eventpage/us6000qw7b,https://earthquake.usgs.gov/fdsnws/event/1/query?eventid=us6000qw7b&format=geojson,,,3.671,green,reviewed,0,432,us,6000qw7b,",us6000qw7b,",",us,",",losspager,origin,phase-data,shakemap,",104.0,1.117,0.81,110.0,mb,earthquake,"M 5.3 - 128 km SE of Petropavlovsk-Kamchatsky, Russia",160.0971,52.338,35.0,us6000qw7b,2025-07-30 01:11:30.575000+00:00,2025,7,30,1,Faible,,4.1,2.5649493574615367
5.7,"144 km S of Vilyuchinsk, Russia",1753837402907,1760668416040,,https://earthquake.usgs.gov/earthquakes/eventpage/us6000qw75,https://earthquake.usgs.gov/fdsnws/event/1/query?eventid=us6000qw75&format=geojson,,,4.119,green,reviewed,0,500,us,6000qw75,",us6000qw75,",",us,",",losspager,origin,phase-data,shakemap,",92.0,1.371,1.04,109.0,mb,earthquake,"M 5.7 - 144 km S of Vilyuchinsk, Russia",158.8083,51.6577,35.0,us6000qw75,2025-07-30 01:03:22.907000+00:00,2025,7,30,1,Faible,,4.1,2.5649493574615367
5.7,"181 km SSE of Vilyuchinsk, Russia",1753837118149,1760668413040,,https://earthquake.usgs.gov/earthquakes/eventpage/us6000qw74,https://earthquake.usgs.gov/fdsnws/event/1/query?eventid=us6000qw74&format=geojson,,,3.558,green,reviewed,0,500,us,6000qw74,",us6000qw74,",",us,",",losspager,origin,phase-data,shakemap,",75.0,1.632,0.98,60.0,mb,earthquake,"M 5.7 - 181 km SSE of Vilyuchinsk, Russia",159.8996,51.585,10.0,us6000qw74,2025-07-30 00:58:38.149000+00:00,2025,7,30,0,Faible,,4.1,2.5649493574615367
5.1,"161 km SSE of Vilyuchinsk, Russia",1753836902822,1760668409040,,https://earthquake.usgs.gov/earthquakes/eventpage/us6000qw73,https://earthquake.usgs.gov/fdsnws/event/1/query?eventid=us6000qw73&format=geojson,,,3.643,green,reviewed,0,400,us,6000qw73,",us6000qw73,",",us,",",losspager,origin,phase-data,shakemap,",33.0,1.504,0.9,135.0,mb,earthquake,"M 5.1 - 161 km SSE of Vilyuchinsk, Russia",159.1846,51.5583,38.813,us6000qw73,2025-07-30 00:55:02.822000+00:00,2025,7,30,0,Faible,,4.1,2.5649493574615367
5.7,"127 km SSE of Vilyuchinsk, Russia",1753835726004,1760668400040,,https://earthquake.usgs.gov/earthquakes/eventpage/us6000qw6z,https://earthquake.usgs.gov/fdsnws/event/1/query?eventid=us6000qw6z&format=geojson,,,4.059,green,reviewed,0,500,us,6000qw6z,",us6000qw6z,",",us,",",losspager,origin,phase-data,shakemap,",68.0,1.172,0.68,92.0,mb,earthquake,"M 5.7 - 127 km SSE of Vilyuchinsk, Russia",159.255,51.9131,35.0,us6000qw6z,2025-07-30 00:35:26.004000+00:00,2025,7,30,0,Faible,,4.1,2.5649493574615367
5.4,"131 km SE of Petropavlovsk-Kamchatsky, Russia",1753835475562,1760668396040,,https://earthquake.usgs.gov/earthquakes/eventpage/us6000qw6y,https://earthquake.usgs.gov/fdsnws/event/1/query?eventid=us6000qw6y&format=geojson,,,3.727,green,reviewed,0,449,us,6000qw6y,",us6000qw6y,",",us,",",losspager,origin,phase-data,shakemap,",37.0,1.144,0.9,123.0,mb,earthquake,"M 5.4 - 131 km SE of Petropavlovsk-Kamchatsky, Russia",160.1487,52.3338,35.0,us6000qw6y,2025-07-30 00:31:15.562000+00:00,2025,7,30,0,Faible,,4.1,2.5649493574615367
5.4,"161 km ESE of Ozernovskiy, Russia",1753835165940,1760668389040,,https://earthquake.usgs.gov/earthquakes/eventpage/us6000r1d7,https://earthquake.usgs.gov/fdsnws/event/1/query?eventid=us6000r1d7&format=geojson,,,3.789,green,reviewed,0,449,us,6000r1d7,",us6000r1d7,",",us,",",losspager,origin,phase-data,shakemap,",61.0,2.042,0.57,81.0,mb,earthquake,"M 5.4 - 161 km ESE of Ozernovskiy, Russia",158.6593,50.9849,35.0,us6000r1d7,2025-07-30 00:26:05.940000+00:00,2025,7,30,0,Faible,,4.1,2.5649493574615367
6.2,"126 km SE of Vilyuchinsk, Russia",1753834566520,1760668382040,,https://earthquake.usgs.gov/earthquakes/eventpage/us6000qw6s,https://earthquake.usgs.gov/fdsnws/event/1/query?eventid=us6000qw6s&format=geojson,,,4.282,green,reviewed,0,591,us,6000qw6s,",us6000qw6s,",",us,",",ground-failure,losspager,origin,phase-data,shakemap,",113.0,1.119,0.97,36.0,mb,earthquake,"M 6.2 - 126 km SE of Vilyuchinsk, Russia",159.692,52.1048,35.0,us6000qw6s,2025-07-30 00:16:06.520000+00:00,2025,7,30,0,Faible,,4.1,2.5649493574615367
5.8,"159 km SE of Vilyuchinsk, Russia",1753834340745,1760668380040,,https://earthquake.usgs.gov/earthquakes/eventpage/us6000r1em,https://earthquake.usgs.gov/fdsnws/event/1/query?eventid=us6000r1em&format=geojson,,,3.809,green,reviewed,0,518,us,6000r1em,",us6000r1em,",",us,",",losspager,origin,phase-data,shakemap,",44.0,1.433,0.63,60.0,mb,earthquake,"M 5.8 - 159 km SE of Vilyuchinsk, Russia",159.8227,51.7857,25.681,us6000r1em,2025-07-30 00:12:20.745000+00:00,2025,7,30,0,Faible,,4.1,2.5649493574615367
6.9,"125 km SE of Petropavlovsk-Kamchatsky, Russia",1753834198961,1760668378040,,https://earthquake.usgs.gov/earthquakes/eventpage/us6000qw6q,https://earthquake.usgs.gov/fdsnws/event/1/query?eventid=us6000qw6q&format=geojson,5.0,6.6,6.246,yellow,reviewed,0,736,us,6000qw6q,",us6000qw6q,",",us,",",dyfi,ground-failure,losspager,origin,phase-data,shakemap,",82.0,1.087,0.95,68.0,mww,earthquake,"M 6.9 - 125 km SE of Petropavlovsk-Kamchatsky, Russia",159.8008,52.1946,36.622,us6000qw6q,2025-07-30 00:09:58.961000+00:00,2025,7,30,0,Modéré,1.791759469228055,6.6,1.791759469228055
5.7,"177 km ESE of Ozernovskiy, Russia",1753833298717,1760216276040,,https://earthquake.usgs.gov/earthquakes/eventpage/us6000r0pw,https://earthquake.usgs.gov/fdsnws/event/1/query?eventid=us6000r0pw&format=geojson,,,3.729,green,reviewed,0,500,us,6000r0pw,",us6000r0pw,",",us,",",losspager,origin,phase-data,shakemap,",45.0,2.223,0.7,131.0,mb,earthquake,"M 5.7 - 177 km ESE of Ozernovskiy, Russia",158.7836,50.8049,10.0,us6000r0pw,2025-07-29 23:54:58.717000+00:00,2025,7,29,23,Faible,,4.1,2.5649493574615367
5.4,"117 km ESE of Petropavlovsk-Kamchatsky, Russia",1753832956697,1760216256040,,https://earthquake.usgs.gov/earthquakes/eventpage/us6000qw6m,https://earthquake.usgs.gov/fdsnws/event/1/query?eventid=us6000qw6m&format=geojson,,,3.973,green,reviewed,0,449,us,6000qw6m,",us6000qw6m,",",us,",",losspager,origin,phase-data,shakemap,",37.0,1.034,0.89,118.0,mb,earthquake,"M 5.4 - 117 km ESE of Petropavlovsk-Kamchatsky, Russia",160.2382,52.6478,35.0,us6000qw6m,2025-07-29 23:49:16.697000+00:00,2025,7,29,23,Faible,,4.1,2.5649493574615367
5.6,"176 km SE of Vilyuchinsk, Russia",1753832897525,1760216256040,,https://earthquake.usgs.gov/earthquakes/eventpage/us6000qw6g,https://earthquake.usgs.gov/fdsnws/event/1/query?eventid=us6000qw6g&format=geojson,,,3.425,green,reviewed,0,482,us,6000qw6g,",us6000qw6g,",",us,",",losspager,origin,phase-data,shakemap,",50.0,1.567,0.64,122.0,mb,earthquake,"M 5.6 - 176 km SE of Vilyuchinsk, Russia",160.1586,51.7599,10.0,us6000qw6g,2025-07-29 23:48:17.525000+00:00,2025,7,29,23,Faible,,4.1,2.5649493574615367
5.7,"138 km S of Severo-Kuril’sk, Russia",1753832797801,1760216256040,,https://earthquake.usgs.gov/earthquakes/eventpage/us6000qwi3,https://earthquake.usgs.gov/fdsnws/event/1/query?eventid=us6000qwi3&format=geojson,,,3.862,green,reviewed,0,500,us,6000qwi3,",us6000qwi3,",",us,",",losspager,origin,phase-data,shakemap,",86.0,3.811,0.53,112.0,mb,earthquake,"M 5.7 - 138 km S of Severo-Kuril’sk, Russia",156.1591,49.4264,35.0,us6000qwi3,2025-07-29 23:46:37.801000+00:00,2025,7,29,23,Faible,,4.1,2.5649493574615367
5.4,"166 km SSE of Vilyuchinsk, Russia",1753832728076,1760216277040,,https://earthquake.usgs.gov/earthquakes/eventpage/us6000r0qb,https://earthquake.usgs.gov/fdsnws/event/1/query?eventid=us6000r0qb&format=geojson,,,3.658,green,reviewed,0,449,us,6000r0qb,",us6000r0qb,",",us,",",losspager,origin,phase-data,shakemap,",40.0,1.515,0.46,127.0,mb,earthquake,"M 5.4 - 166 km SSE of Vilyuchinsk, Russia",159.6054,51.6288,10.0,us6000r0qb,2025-07-29 23:45:28.076000+00:00,2025,7,29,23,Faible,,4.1,2.5649493574615367
5.4,"113 km E of Severo-Kuril’sk, Russia",1753832694409,1760216275040,,https://earthquake.usgs.gov/earthquakes/eventpage/us6000r0pv,https://earthquake.usgs.gov/fdsnws/event/1/query?eventid=us6000r0pv&format=geojson,,,4.091,green,reviewed,0,449,us,6000r0pv,",us6000r0pv,",",us,",",losspager,origin,phase-data,shakemap,",36.0,2.295,0.62,184.0,mb,earthquake,"M 5.4 - 113 km E of Severo-Kuril’sk, Russia",157.7211,50.8173,39.461,us6000r0pv,2025-07-29 23:44:54.409000+00:00,2025,7,29,23,Faible,,4.1,2.5649493574615367
5.7,"155 km S of Severo-Kuril’sk, Russia",1753832427004,1760216256040,,https://earthquake.usgs.gov/earthquakes/eventpage/us6000qwhh,https://earthquake.usgs.gov/fdsnws/event/1/query?eventid=us6000qwhh&format=geojson,,,3.626,green,reviewed,0,500,us,6000qwhh,",us6000qwhh,",",us,",",losspager,origin,phase-data,shakemap,",52.0,3.886,0.74,86.0,mb,earthquake,"M 5.7 - 155 km S of Severo-Kuril’sk, Russia",156.5191,49.2988,10.0,us6000qwhh,2025-07-29 23:40:27.004000+00:00,2025,7,29,23,Faible,,4.1,2.5649493574615367
5.8,"184 km ESE of Ozernovskiy, Russia",1753832336675,1760216277040,,https://earthquake.usgs.gov/earthquakes/eventpage/us6000r0qg,https://earthquake.usgs.gov/fdsnws/event/1/query?eventid=us6000r0qg&format=geojson,,,3.805,green,reviewed,0,518,us,6000r0qg,",us6000r0qg,",",us,",",losspager,origin,phase-data,shakemap,",66.0,1.981,0.83,68.0,mb,earthquake,"M 5.8 - 184 km ESE of Ozernovskiy, Russia",159.0547,51.0614,10.0,us6000r0qg,2025-07-29 23:38:56.675000+00:00,2025,7,29,23,Faible,,4.1,2.5649493574615367
5.7,"103 km SE of Vilyuchinsk, Russia",1753832308604,1760216277040,,https://earthquake.usgs.gov/earthquakes/eventpage/us6000r0ql,https://earthquake.usgs.gov/fdsnws/event/1/query?eventid=us6000r0ql&format=geojson,,,3.95,green,reviewed,0,500,us,6000r0ql,",us6000r0ql,",",us,",",losspager,origin,phase-data,shakemap,",39.0,0.893,0.98,58.0,mb,earthquake,"M 5.7 - 103 km SE of Vilyuchinsk, Russia",159.5397,52.3144,35.0,us6000r0ql,2025-07-29 23:38:28.604000+00:00,2025,7,29,23,Faible,,4.1,2.5649493574615367
6.0,"165 km SSE of Vilyuchinsk, Russia",1753832254403,1760216256040,,https://earthquake.usgs.gov/earthquakes/eventpage/us6000qwhj,https://earthquake.usgs.gov/fdsnws/event/1/query?eventid=us6000qwhj&format=geojson,,,4.184,green,reviewed,0,554,us,6000qwhj,",us6000qwhj,",",us,",",ground-failure,losspager,origin,phase-data,shakemap,",83.0,1.545,0.83,53.0,mb,earthquake,"M 6.0 - 165 km SSE of Vilyuchinsk, Russia",159.126,51.5092,35.0,us6000qwhj,2025-07-29 23:37:34.403000+00:00,2025,7,29,23,Faible,,4.1,2.5649493574615367
6.0,"124 km ENE of Ozernovskiy, Russia",1753832161341,1760216277040,,https://earthquake.usgs.gov/earthquakes/eventpage/us6000r0qc,https://earthquake.usgs.gov/fdsnws/event/1/query?eventid=us6000r0qc&format=geojson,,,5.39,green,reviewed,0,554,us,6000r0qc,",us6000r0qc,",",us,",",losspager,origin,phase-data,shakemap,",79.0,1.295,0.75,84.0,mb,earthquake,"M 6.0 - 124 km ENE of Ozernovskiy, Russia",158.2503,51.7541,35.0,us6000r0qc,2025-07-29 23:36:01.341000+00:00,2025,7,29,23,Faible,,4.1,2.5649493574615367
5.9,"128 km SSE of Vilyuchinsk, Russia",1753832093625,1760216276040,,https://earthquake.usgs.gov/earthquakes/eventpage/us6000r0q2,https://earthquake.usgs.gov/fdsnws/event/1/query?eventid=us6000r0q2&format=geojson,,,4.242,green,reviewed,0,536,us,6000r0q2,",us6000r0q2,",",us,",",losspager,origin,phase-data,shakemap,",87.0,1.201,0.57,66.0,mb,earthquake,"M 5.9 - 128 km SSE of Vilyuchinsk, Russia",159.121,51.8593,35.0,us6000r0q2,2025-07-29 23:34:53.625000+00:00,2025,7,29,23,Faible,,4.1,2.5649493574615367
5.9,"137 km ENE of Petropavlovsk-Kamchatsky, Russia",1753831885020,1760216278040,,https://earthquake.usgs.gov/earthquakes/eventpage/us6000r0xt,https://earthquake.usgs.gov/fdsnws/event/1/query?eventid=us6000r0xt&format=geojson,,,4.528,green,reviewed,0,536,us,6000r0xt,",us6000r0xt,",",us,",",losspager,origin,phase-data,shakemap,",61.0,1.247,0.96,86.0,mb,earthquake,"M 5.9 - 137 km ENE of Petropavlovsk-Kamchatsky, Russia",160.4312,53.665,42.734,us6000r0xt,2025-07-29 23:31:25.020000+00:00,2025,7,29,23,Faible,,4.1,2.5649493574615367
6.1,"78 km SE of Petropavlovsk-Kamchatsky, Russia",1753831844566,1760216278040,,https://earthquake.usgs.gov/earthquakes/eventpage/us6000r0xw,https://earthquake.usgs.gov/fdsnws/event/1/query?eventid=us6000r0xw&format=geojson,,,4.712,green,reviewed,0,572,us,6000r0xw,",us6000r0xw,",",us,",",ground-failure,losspager,origin,phase-data,shakemap,",57.0,0.676,0.7,67.0,mb,earthquake,"M 6.1 - 78 km SE of Petropavlovsk-Kamchatsky, Russia",159.5787,52.6498,25.423,us6000r0xw,2025-07-29 23:30:44.566000+00:00,2025,7,29,23,Faible,,4.1,2.5649493574615367
6.3,"94 km SE of Petropavlovsk-Kamchatsky, Russia",1753831803032,1760216278040,,https://earthquake.usgs.gov/earthquakes/eventpage/us6000r0y5,https://earthquake.usgs.gov/fdsnws/event/1/query?eventid=us6000r0y5&format=geojson,,,4.783,green,reviewed,0,611,us,6000r0y5,",us6000r0y5,",",us,",",ground-failure,losspager,origin,phase-data,shakemap,",29.0,0.815,0.67,121.0,mb,earthquake,"M 6.3 - 94 km SE of Petropavlovsk-Kamchatsky, Russia",159.7031,52.5195,16.375,us6000r0y5,2025-07-29 23:30:03.032000+00:00,2025,7,29,23,Faible,,4.1,2.5649493574615367
8.8,"2025 Kamchatka Peninsula, Russia Earthquake",1753831492483,1785514567061,,https://earthquake.usgs.gov/earthquakes/eventpage/us6000qw60,https://earthquake.usgs.gov/fdsnws/event/1/query?eventid=us6000qw60&format=geojson,125.0,9.1,8.529,red,reviewed,1,2114,us,6000qw60,",at00t06p1k,us6000qw60,pt25210002,usauto6000qw60,",",at,us,pt,usauto,",",dyfi,earthquake-name,event-sequence,finite-fault,general-link,general-text,ground-failure,impact-link,impact-text,internal-moment-tensor,internal-origin,losspager,moment-tensor,oaf,origin,phase-data,shakemap,",251.0,1.102,0.73,30.0,mww,earthquake,"M 8.8 - 2025 Kamchatka Peninsula, Russia Earthquake",160.2395,52.4948,35.0,us6000qw60,2025-07-29 23:24:52.483000+00:00,2025,7,29,23,Sévère,4.836281906951478,9.1,4.836281906951478
4.51,"74 km WNW of Ferndale, CA",1753831098760,1785367708627,,https://earthquake.usgs.gov/earthquakes/eventpage/nc75216737,https://earthquake.usgs.gov/fdsnws/event/1/query?eventid=nc75216737&format=geojson,123.0,3.4,2.676,green,reviewed,0,355,nc,75216737,",ew1753831110,nc75216737,us6000qw5z,",",ew,nc,us,",",dyfi,event-sequence,focal-mechanism,losspager,moment-tensor,nearby-cities,oaf,origin,phase-data,scitech-link,shake-alert,shakemap,",178.0,0.6139,0.2,228.0,mw,earthquake,"M 4.5 - 74 km WNW of Ferndale, CA",-125.106333333333,40.768,9.22,nc75216737,2025-07-29 23:18:18.760000+00:00,2025,7,29,23,Faible,4.820281565605037,3.4,4.820281565605037
5.2,"9 km SE of Comapa, Guatemala",1753830321056,1760216255040,,https://earthquake.usgs.gov/earthquakes/eventpage/us6000qw5x,https://earthquake.usgs.gov/fdsnws/event/1/query?eventid=us6000qw5x&format=geojson,5.0,6.4,6.094,green,reviewed,0,419,us,6000qw5x,",us6000qw5x,usauto6000qw5x,",",us,usauto,",",dyfi,ground-failure,internal-moment-tensor,losspager,moment-tensor,origin,phase-data,shakemap,",99.0,0.167,0.65,60.0,mww,earthquake,"M 5.2 - 9 km SE of Comapa, Guatemala",-89.8537,14.0537,10.0,us6000qw5x,2025-07-29 23:05:21.056000+00:00,2025,7,29,23,Faible,1.791759469228055,6.4,1.791759469228055
5.7,"6 km SE of Comapa, Guatemala",1753824323916,1760216254040,,https://earthquake.usgs.gov/earthquakes/eventpage/us6000qw59,https://earthquake.usgs.gov/fdsnws/event/1/query?eventid=us6000qw59&format=geojson,12.0,5.4,6.804,yellow,reviewed,0,656,us,6000qw59,",us6000qw59,",",us,",",dyfi,ground-failure,impact-text,losspager,moment-tensor,origin,phase-data,shakemap,",126.0,0.186,0.81,38.0,mww,earthquake,"M 5.7 - 6 km SE of Comapa, Guatemala",-89.8711,14.0663,10.0,us6000qw59,2025-07-29 21:25:23.916000+00:00,2025,7,29,21,Modéré,2.5649493574615367,5.4,2.5649493574615367
5.6,"4 km WNW of Jerez, Guatemala",1753824107885,1760216254040,,https://earthquake.usgs.gov/earthquakes/eventpage/us6000qw58,https://earthquake.usgs.gov/fdsnws/event/1/query?eventid=us6000qw58&format=geojson,59.0,8.6,6.693,yellow,reviewed,0,701,us,6000qw58,",us6000qw58,usauto6000qw58,pt25210001,",",us,usauto,pt,",",dyfi,ground-failure,impact-text,internal-moment-tensor,internal-origin,losspager,moment-tensor,origin,phase-data,shakemap,",110.0,0.196,0.55,61.0,mww,earthquake,"M 5.6 - 4 km WNW of Jerez, Guatemala",-89.791,14.0993,11.913,us6000qw58,2025-07-29 21:21:47.885000+00:00,2025,7,29,21,Modéré,4.0943445622221,8.6,4.0943445622221
6.6,south of the Fiji Islands,1753811620918,1760216253040,,https://earthquake.usgs.gov/earthquakes/eventpage/us6000qw1a,https://earthquake.usgs.gov/fdsnws/event/1/query?eventid=us6000qw1a&format=geojson,,,2.301,green,reviewed,1,670,us,6000qw1a,",us6000qw1a,pt25210000,at00t069pg,",",us,pt,at,",",ground-failure,impact-link,internal-origin,losspager,moment-tensor,origin,phase-data,shakemap,",156.0,5.726,0.83,17.0,mww,earthquake,M 6.6 - south of the Fiji Islands,178.858,-23.4497,553.0,us6000qw1a,2025-07-29 17:53:40.918000+00:00,2025,7,29,17,Faible,,4.1,2.5649493574615367
5.8,south of the Fiji Islands,1753811197267,1760216253040,,https://earthquake.usgs.gov/earthquakes/eventpage/us6000qw18,https://earthquake.usgs.gov/fdsnws/event/1/query?eventid=us6000qw18&format=geojson,,,1.16,green,reviewed,0,518,us,6000qw18,",usauto6000qw18,us6000qw18,",",usauto,us,",",internal-moment-tensor,losspager,moment-tensor,origin,phase-data,shakemap,",168.0,5.798,0.81,25.0,mww,earthquake,M 5.8 - south of the Fiji Islands,178.9624,-23.5094,550.0,us6000qw18,2025-07-29 17:46:37.267000+00:00,2025,7,29,17,Faible,,4.1,2.5649493574615367
5.4,Macquarie Island region,1753748476655,1760216249040,,https://earthquake.usgs.gov/earthquakes/eventpage/us6000qvup,https://earthquake.usgs.gov/fdsnws/event/1/query?eventid=us6000qvup&format=geojson,,,0.0,green,reviewed,0,449,us,6000qvup,",us6000qvup,",",us,",",losspager,origin,phase-data,shakemap,",87.0,3.471,0.36,44.0,mb,earthquake,M 5.4 - Macquarie Island region,157.8263,-57.9045,33.218,us6000qvup,2025-07-29 00:21:16.655000+00:00,2025,7,29,0,Faible,,4.1,2.5649493574615367
5.3,Macquarie Island region,1753741241377,1760216249040,,https://earthquake.usgs.gov/earthquakes/eventpage/us6000qvsl,https://earthquake.usgs.gov/fdsnws/event/1/query?eventid=us6000qvsl&format=geojson,,,0.0,green,reviewed,0,432,us,6000qvsl,",us6000qvsl,",",us,",",losspager,origin,phase-data,shakemap,",55.0,3.386,0.62,47.0,mb,earthquake,M 5.3 - Macquarie Island region,157.7149,-57.8059,34.854,us6000qvsl,2025-07-28 22:20:41.377000+00:00,2025,7,28,22,Faible,,4.1,2.5649493574615367
5.8,Macquarie Island region,1753740920890,1760216250040,,https://earthquake.usgs.gov/earthquakes/eventpage/us6000qvvp,https://earthquake.usgs.gov/fdsnws/event/1/query?eventid=us6000qvvp&format=geojson,,,0.0,green,reviewed,0,518,us,6000qvvp,",us6000qvvp,",",us,",",losspager,origin,phase-data,shakemap,",45.0,3.496,0.37,100.0,mb,earthquake,M 5.8 - Macquarie Island region,157.6187,-57.9072,10.0,us6000qvvp,2025-07-28 22:15:20.890000+00:00,2025,7,28,22,Faible,,4.1,2.5649493574615367
7.0,Macquarie Island region,1753740635109,1760216249040,,https://earthquake.usgs.gov/earthquakes/eventpage/us6000qvsf,https://earthquake.usgs.gov/fdsnws/event/1/query?eventid=us6000qvsf&format=geojson,,,3.791,green,reviewed,1,754,us,6000qvsf,",us6000qvsf,pt25209001,at00t04qxl,",",us,pt,at,",",ground-failure,impact-link,internal-origin,losspager,moment-tensor,origin,phase-data,shakemap,",128.0,3.292,0.82,21.0,mww,earthquake,M 7.0 - Macquarie Island region,157.0388,-57.605,31.0,us6000qvsf,2025-07-28 22:10:35.109000+00:00,2025,7,28,22,Faible,,4.1,2.5649493574615367
6.4,"264 km WNW of Sabang, Indonesia",1753728110299,1760216248040,,https://earthquake.usgs.gov/earthquakes/eventpage/us6000qvpp,https://earthquake.usgs.gov/fdsnws/event/1/query?eventid=us6000qvpp&format=geojson,24.0,3.4,4.757,green,reviewed,0,638,us,6000qvpp,",us6000qvpp,usauto6000qvpp,pt25209000,",",us,usauto,pt,",",dyfi,ground-failure,internal-moment-tensor,internal-origin,losspager,moment-tensor,origin,phase-data,shakemap,",124.0,4.126,0.57,62.0,mww,earthquake,"M 6.4 - 264 km WNW of Sabang, Indonesia",93.0637,6.6907,21.0,us6000qvpp,2025-07-28 18:41:50.299000+00:00,2025,7,28,18,Faible,3.2188758248682006,3.4,3.2188758248682006
5.3,"23 km N of Dutch Harbor, Alaska",1753656425173,1785193030029,,https://earthquake.usgs.gov/earthquakes/eventpage/us6000qvj2,https://earthquake.usgs.gov/fdsnws/event/1/query?eventid=us6000qvj2&format=geojson,30.0,4.8,4.148,green,reviewed,1,447,us,6000qvj2,",at00t02xyh,us6000qvj2,usauto6000qvj2,ak0259kd5t6d,",",at,us,usauto,ak,",",dyfi,event-sequence,impact-link,internal-moment-tensor,losspager,moment-tensor,oaf,origin,phase-data,shakemap,",148.0,0.137,0.97,45.0,mww,earthquake,"M 5.3 - 23 km N of Dutch Harbor, Alaska",-166.602,54.0969,83.0,us6000qvj2,2025-07-27 22:47:05.173000+00:00,2025,7,27,22,Faible,3.4339872044851463,4.8,3.4339872044851463
4.2,"89 km WNW of Petrolia, CA",1753599029330,1760216241040,,https://earthquake.usgs.gov/earthquakes/eventpage/nc75215702,https://earthquake.usgs.gov/fdsnws/event/1/query?eventid=nc75215702&format=geojson,,,1.746,green,reviewed,0,271,nc,75215702,",us6000qvg2,nc75215702,",",us,nc,",",losspager,moment-tensor,nearby-cities,origin,phase-data,scitech-link,shakemap,",135.0,0.7598,0.34,239.0,mw,earthquake,"M 4.2 - 89 km WNW of Petrolia, CA",-125.333333333333,40.403,10.0,nc75215702,2025-07-27 06:50:29.330000+00:00,2025,7,27,6,Faible,,4.1,2.5649493574615367
6.2,Macquarie Island region,1753546504546,1760216238040,,https://earthquake.usgs.gov/earthquakes/eventpage/us6000qvbw,https://earthquake.usgs.gov/fdsnws/event/1/query?eventid=us6000qvbw&format=geojson,1.0,0.0,0.0,green,reviewed,1,591,us,6000qvbw,",us6000qvbw,pt25207001,at00t00l58,usauto6000qvbw,",",us,pt,at,usauto,",",dyfi,impact-link,internal-moment-tensor,internal-origin,losspager,moment-tensor,origin,phase-data,shakemap,",280.0,3.351,0.64,14.0,mww,earthquake,M 6.2 - Macquarie Island region,157.7252,-57.7718,17.0,us6000qvbw,2025-07-26 16:15:04.546000+00:00,2025,7,26,16,Faible,0.6931471805599453,0.0,0.6931471805599453
5.6,"61 km NNE of Sorong, Indonesia",1753507906303,1760216236040,,https://earthquake.usgs.gov/earthquakes/eventpage/us6000qv9l,https://earthquake.usgs.gov/fdsnws/event/1/query?eventid=us6000qv9l&format=geojson,1.0,2.0,4.997,green,reviewed,0,483,us,6000qv9l,",us6000qv9l,usauto6000qv9l,pt25207000,",",us,usauto,pt,",",dyfi,internal-moment-tensor,internal-origin,losspager,moment-tensor,origin,phase-data,shakemap,",185.0,2.606,0.64,39.0,mww,earthquake,"M 5.6 - 61 km NNE of Sorong, Indonesia",131.5362,-0.3955,10.0,us6000qv9l,2025-07-26 05:31:46.303000+00:00,2025,7,26,5,Faible,0.6931471805599453,2.0,0.6931471805599453
5.3,"Rat Islands, Aleutian Islands, Alaska",1753506233539,1785042837182,,https://earthquake.usgs.gov/earthquakes/eventpage/us6000qv9g,https://earthquake.usgs.gov/fdsnws/event/1/query?eventid=us6000qv9g&format=geojson,,,3.849,green,reviewed,1,432,us,6000qv9g,",us6000qv9g,at00szzq2g,usauto6000qv9g,ak0259if8ro3,",",us,at,usauto,ak,",",event-sequence,impact-link,internal-moment-tensor,losspager,moment-tensor,oaf,origin,phase-data,shakemap,",143.0,0.281,0.64,57.0,mww,earthquake,"M 5.3 - Rat Islands, Aleutian Islands, Alaska",178.3992,51.6717,89.851,us6000qv9g,2025-07-26 05:03:53.539000+00:00,2025,7,26,5,Faible,,4.1,2.5649493574615367
5.8,"130 km WNW of Tobelo, Indonesia",1753478998920,1760216235040,,https://earthquake.usgs.gov/earthquakes/eventpage/us6000qv7n,https://earthquake.usgs.gov/fdsnws/event/1/query?eventid=us6000qv7n&format=geojson,3.0,2.7,3.958,green,reviewed,0,518,us,6000qv7n,",us6000qv7n,usauto6000qv7n,pt25206001,",",us,usauto,pt,",",dyfi,internal-moment-tensor,internal-origin,losspager,moment-tensor,origin,phase-data,shakemap,",115.0,2.112,0.96,38.0,mww,earthquake,"M 5.8 - 130 km WNW of Tobelo, Indonesia",126.873,2.0241,80.0,us6000qv7n,2025-07-25 21:29:58.920000+00:00,2025,7,25,21,Faible,1.3862943611198906,2.7,1.3862943611198906
5.7,west of Macquarie Island,1753447555345,1760216233040,,https://earthquake.usgs.gov/earthquakes/eventpage/us6000qv3y,https://earthquake.usgs.gov/fdsnws/event/1/query?eventid=us6000qv3y&format=geojson,1.0,2.0,0.0,green,reviewed,0,500,us,6000qv3y,",us6000qv3y,usauto6000qv3y,",",us,usauto,",",dyfi,internal-moment-tensor,losspager,moment-tensor,origin,phase-data,shakemap,",69.0,7.257,0.49,53.0,mww,earthquake,M 5.7 - west of Macquarie Island,146.4375,-55.3251,10.0,us6000qv3y,2025-07-25 12:45:55.345000+00:00,2025,7,25,12,Faible,0.6931471805599453,2.0,0.6931471805599453
6.2,west of Macquarie Island,1753442522292,1760216233040,,https://earthquake.usgs.gov/earthquakes/eventpage/us6000qv1b,https://earthquake.usgs.gov/fdsnws/event/1/query?eventid=us6000qv1b&format=geojson,1.0,7.8,0.0,green,reviewed,0,592,us,6000qv1b,",us6000qv1b,usauto6000qv1b,at00szycwr,pt25206000,",",us,usauto,at,pt,",",dyfi,internal-moment-tensor,internal-origin,losspager,moment-tensor,origin,phase-data,shakemap,",87.0,7.175,0.75,46.0,mww,earthquake,M 6.2 - west of Macquarie Island,146.5854,-55.4066,10.0,us6000qv1b,2025-07-25 11:22:02.292000+00:00,2025,7,25,11,Faible,0.6931471805599453,7.8,0.6931471805599453
3.6,"4 km WSW of Diamond Ridge, Alaska",1753441730124,1760216233040,,https://earthquake.usgs.gov/earthquakes/eventpage/ak0259gvb2cb,https://earthquake.usgs.gov/fdsnws/event/1/query?eventid=ak0259gvb2cb&format=geojson,25.0,4.3,3.154,green,reviewed,0,210,ak,0259gvb2cb,",us6000qv18,ak0259gvb2cb,",",us,ak,",",dyfi,impact-text,losspager,origin,phase-data,shakemap,",,,0.85,,ml,earthquake,"M 3.6 - 4 km WSW of Diamond Ridge, Alaska",-151.6329,59.6676,61.4,ak0259gvb2cb,2025-07-25 11:08:50.124000+00:00,2025,7,25,11,Faible,3.258096538021482,4.3,3.258096538021482
4.9,"58 km NE of Wainui, New Zealand",1753417053294,1760216231040,,https://earthquake.usgs.gov/earthquakes/eventpage/us6000quzf,https://earthquake.usgs.gov/fdsnws/event/1/query?eventid=us6000quzf&format=geojson,5.0,4.1,3.906,green,reviewed,0,371,us,6000quzf,",us6000quzf,",",us,",",dyfi,losspager,origin,phase-data,shakemap,",24.0,0.838,0.74,196.0,mb,earthquake,"M 4.9 - 58 km NE of Wainui, New Zealand",178.6045,-38.3677,10.0,us6000quzf,2025-07-25 04:17:33.294000+00:00,2025,7,25,4,Faible,1.791759469228055,4.1,1.791759469228055
5.5,Azores-Cape St. Vincent Ridge,1753406942957,1760216230040,,https://earthquake.usgs.gov/earthquakes/eventpage/us6000quyn,https://earthquake.usgs.gov/fdsnws/event/1/query?eventid=us6000quyn&format=geojson,9.0,2.8,0.0,green,reviewed,0,468,us,6000quyn,",us6000quyn,",",us,",",dyfi,losspager,moment-tensor,origin,phase-data,shakemap,",183.0,4.927,0.5,27.0,mww,earthquake,M 5.5 - Azores-Cape St. Vincent Ridge,-18.008,37.7163,10.0,us6000quyn,2025-07-25 01:29:02.957000+00:00,2025,7,25,1,Faible,2.302585092994046,2.8,2.302585092994046
6.6,"187 km SSE of Mata-Utu, Wallis and Futuna",1753400276601,1760216230040,,https://earthquake.usgs.gov/earthquakes/eventpage/us6000quy1,https://earthquake.usgs.gov/fdsnws/event/1/query?eventid=us6000quy1&format=geojson,,,3.592,green,reviewed,1,670,us,6000quy1,",us6000quy1,pt25205003,at00szxgb7,usauto6000quy1,",",us,pt,at,usauto,",",ground-failure,impact-link,internal-moment-tensor,internal-origin,losspager,moment-tensor,origin,phase-data,shakemap,",102.0,3.925,0.94,30.0,mww,earthquake,"M 6.6 - 187 km SSE of Mata-Utu, Wallis and Futuna",-175.7016,-14.9093,314.151,us6000quy1,2025-07-24 23:37:56.601000+00:00,2025,7,24,23,Faible,,4.1,2.5649493574615367
5.8,"165 km E of Petropavlovsk-Kamchatsky, Russia",1753396764305,1760216229040,,https://earthquake.usgs.gov/earthquakes/eventpage/us6000quxr,https://earthquake.usgs.gov/fdsnws/event/1/query?eventid=us6000quxr&format=geojson,,,3.958,green,reviewed,0,518,us,6000quxr,",us6000quxr,",",us,",",losspager,origin,phase-data,shakemap,",91.0,1.474,1.06,106.0,mb,earthquake,"M 5.8 - 165 km E of Petropavlovsk-Kamchatsky, Russia",161.0863,52.9584,10.0,us6000quxr,2025-07-24 22:39:24.305000+00:00,2025,7,24,22,Faible,,4.1,2.5649493574615367
6.0,"163 km E of Petropavlovsk-Kamchatsky, Russia",1753396647147,1760216229040,,https://earthquake.usgs.gov/earthquakes/eventpage/us6000quxn,https://earthquake.usgs.gov/fdsnws/event/1/query?eventid=us6000quxn&format=geojson,,,4.177,green,reviewed,0,554,us,6000quxn,",us6000quxn,usauto6000quxn,pt25205002,",",us,usauto,pt,",",ground-failure,internal-moment-tensor,internal-origin,losspager,moment-tensor,origin,phase-data,shakemap,",132.0,1.457,0.95,53.0,mww,earthquake,"M 6.0 - 163 km E of Petropavlovsk-Kamchatsky, Russia",161.0626,53.0151,14.0,us6000quxn,2025-07-24 22:37:27.147000+00:00,2025,7,24,22,Faible,,4.1,2.5649493574615367
5.4,"Pagan region, Northern Mariana Islands",1753384959525,1784921564880,,https://earthquake.usgs.gov/earthquakes/eventpage/us6000quqk,https://earthquake.usgs.gov/fdsnws/event/1/query?eventid=us6000quqk&format=geojson,1.0,2.7,3.502,green,reviewed,0,449,us,6000quqk,",us6000quqk,usauto6000quqk,",",us,usauto,",",dyfi,event-sequence,internal-moment-tensor,losspager,moment-tensor,oaf,origin,phase-data,shakemap,",117.0,2.938,0.95,24.0,mww,earthquake,"M 5.4 - Pagan region, Northern Mariana Islands",145.684,18.1939,144.0,us6000quqk,2025-07-24 19:22:39.525000+00:00,2025,7,24,19,Faible,0.6931471805599453,2.7,0.6931471805599453
5.7,"38 km WSW of Angoram, Papua New Guinea",1753375038726,1760216228040,,https://earthquake.usgs.gov/earthquakes/eventpage/us6000qun0,https://earthquake.usgs.gov/fdsnws/event/1/query?eventid=us6000qun0&format=geojson,4.0,5.0,3.927,green,reviewed,0,502,us,6000qun0,",us6000qun0,usauto6000qun0,pt25205000,",",us,usauto,pt,",",dyfi,internal-moment-tensor,internal-origin,losspager,moment-tensor,origin,phase-data,shakemap,",99.0,3.477,0.81,48.0,mww,earthquake,"M 5.7 - 38 km WSW of Angoram, Papua New Guinea",143.7515,-4.2084,108.0,us6000qun0,2025-07-24 16:37:18.726000+00:00,2025,7,24,16,Faible,1.6094379124341003,5.0,1.6094379124341003
3.7,"79 km NW of Yakutat, Alaska",1753373516910,1760216228040,,https://earthquake.usgs.gov/earthquakes/eventpage/ak0259fark6t,https://earthquake.usgs.gov/fdsnws/event/1/query?eventid=ak0259fark6t&format=geojson,,,3.817,green,reviewed,0,211,ak,0259fark6t,",us6000quma,ak0259fark6t,",",us,ak,",",losspager,moment-tensor,origin,phase-data,shakemap,",,,0.88,,ml,earthquake,"M 3.7 - 79 km NW of Yakutat, Alaska",-140.7727,60.0224,13.0,ak0259fark6t,2025-07-24 16:11:56.910000+00:00,2025,7,24,16,Faible,,4.1,2.5649493574615367
5.6,"69 km NNE of Masamba, Indonesia",1753362496319,1760216227040,,https://earthquake.usgs.gov/earthquakes/eventpage/us6000qulk,https://earthquake.usgs.gov/fdsnws/event/1/query?eventid=us6000qulk&format=geojson,1.0,2.2,7.023,green,reviewed,0,483,us,6000qulk,",us6000qulk,",",us,",",dyfi,ground-failure,losspager,origin,phase-data,shakemap,",47.0,0.634,0.66,68.0,mww,earthquake,"M 5.6 - 69 km NNE of Masamba, Indonesia",120.66,-2.0235,10.0,us6000qulk,2025-07-24 13:08:16.319000+00:00,2025,7,24,13,Faible,0.6931471805599453,2.2,0.6931471805599453
5.5,"64 km S of Poso, Indonesia",1753362417472,1760216227040,,https://earthquake.usgs.gov/earthquakes/eventpage/us6000qulb,https://earthquake.usgs.gov/fdsnws/event/1/query?eventid=us6000qulb&format=geojson,2.0,6.7,6.845,green,reviewed,0,467,us,6000qulb,",us6000qulb,usauto6000qulb,",",us,usauto,",",dyfi,ground-failure,impact-text,internal-moment-tensor,losspager,moment-tensor,origin,phase-data,shakemap,",78.0,0.664,0.63,72.0,mww,earthquake,"M 5.5 - 64 km S of Poso, Indonesia",120.7566,-1.9763,10.0,us6000qulb,2025-07-24 13:06:57.472000+00:00,2025,7,24,13,Faible,1.0986122886681098,6.7,1.0986122886681098
6.3,"109 km W of Gorontalo, Indonesia",1753303843792,1760216224040,,https://earthquake.usgs.gov/earthquakes/eventpage/us6000qugg,https://earthquake.usgs.gov/fdsnws/event/1/query?eventid=us6000qugg&format=geojson,5.0,4.6,4.484,green,reviewed,0,613,us,6000qugg,",us6000qugg,usauto6000qugg,at00szvdwl,pt25204001,",",us,usauto,at,pt,",",dyfi,ground-failure,internal-moment-tensor,internal-origin,losspager,moment-tensor,origin,phase-data,shakemap,",171.0,1.465,0.92,15.0,mww,earthquake,"M 6.3 - 109 km W of Gorontalo, Indonesia",122.0874,0.4411,142.0,us6000qugg,2025-07-23 20:50:43.792000+00:00,2025,7,23,20,Faible,1.791759469228055,4.6,1.791759469228055
5.2,"148 km ENE of Masohi, Indonesia",1753259129283,1760216221040,,https://earthquake.usgs.gov/earthquakes/eventpage/us6000qubl,https://earthquake.usgs.gov/fdsnws/event/1/query?eventid=us6000qubl&format=geojson,,,4.88,green,reviewed,0,416,us,6000qubl,",us6000qubl,usauto6000qubl,",",us,usauto,",",ground-failure,internal-moment-tensor,losspager,origin,phase-data,shakemap,",101.0,1.568,0.79,36.0,mww,earthquake,"M 5.2 - 148 km ENE of Masohi, Indonesia",130.2673,-2.9867,10.0,us6000qubl,2025-07-23 08:25:29.283000+00:00,2025,7,23,8,Faible,,4.1,2.5649493574615367
5.6,south of the Fiji Islands,1753241040770,1760216220040,,https://earthquake.usgs.gov/earthquakes/eventpage/us6000quaf,https://earthquake.usgs.gov/fdsnws/event/1/query?eventid=us6000quaf&format=geojson,,,1.0,green,reviewed,0,482,us,6000quaf,",usauto6000quaf,us6000quaf,",",usauto,us,",",internal-moment-tensor,losspager,moment-tensor,origin,phase-data,shakemap,",116.0,5.994,0.84,20.0,mww,earthquake,M 5.6 - south of the Fiji Islands,-179.9105,-23.4563,532.691,us6000quaf,2025-07-23 03:24:00.770000+00:00,2025,7,23,3,Faible,,4.1,2.5649493574615367
5.4,"149 km E of Petropavlovsk-Kamchatsky, Russia",1753228708346,1759516891040,,https://earthquake.usgs.gov/earthquakes/eventpage/us6000qu9h,https://earthquake.usgs.gov/fdsnws/event/1/query?eventid=us6000qu9h&format=geojson,1.0,2.7,3.923,green,reviewed,0,449,us,6000qu9h,",us6000qu9h,usauto6000qu9h,pt25204000,",",us,usauto,pt,",",dyfi,internal-moment-tensor,internal-origin,losspager,moment-tensor,origin,phase-data,shakemap,",116.0,1.324,0.84,80.0,mww,earthquake,"M 5.4 - 149 km E of Petropavlovsk-Kamchatsky, Russia",160.816,52.8406,28.0,us6000qu9h,2025-07-22 23:58:28.346000+00:00,2025,7,22,23,Faible,0.6931471805599453,2.7,0.6931471805599453
3.5,"13 km E of Fox River, Alaska",1753198914936,1759516890040,,https://earthquake.usgs.gov/earthquakes/eventpage/ak0259bz9uv1,https://earthquake.usgs.gov/fdsnws/event/1/query?eventid=ak0259bz9uv1&format=geojson,11.0,2.8,2.974,green,reviewed,0,192,ak,0259bz9uv1,",us6000qu5p,ak0259bz9uv1,",",us,ak,",",dyfi,impact-text,losspager,origin,phase-data,shakemap,",,,0.89,,ml,earthquake,"M 3.5 - 13 km E of Fox River, Alaska",-150.7171,59.8388,36.1,ak0259bz9uv1,2025-07-22 15:41:54.936000+00:00,2025,7,22,15,Faible,2.4849066497880004,2.8,2.4849066497880004
5.5,Chagos Archipelago region,1753160648123,1759516886040,,https://earthquake.usgs.gov/earthquakes/eventpage/us6000qu2u,https://earthquake.usgs.gov/fdsnws/event/1/query?eventid=us6000qu2u&format=geojson,,,0.0,green,reviewed,0,465,us,6000qu2u,",usauto6000qu2u,us6000qu2u,",",usauto,us,",",internal-moment-tensor,losspager,origin,phase-data,shakemap,",75.0,4.449,0.78,42.0,mww,earthquake,M 5.5 - Chagos Archipelago region,68.7987,-4.827,10.0,us6000qu2u,2025-07-22 05:04:08.123000+00:00,2025,7,22,5,Faible,,4.1,2.5649493574615367
6.0,"154 km ESE of Petropavlovsk-Kamchatsky, Russia",1753149568404,1759516886040,,https://earthquake.usgs.gov/earthquakes/eventpage/us6000qu2r,https://earthquake.usgs.gov/fdsnws/event/1/query?eventid=us6000qu2r&format=geojson,,,3.979,green,reviewed,0,554,us,6000qu2r,",us6000qu2r,usauto6000qu2r,",",us,usauto,",",ground-failure,internal-moment-tensor,losspager,moment-tensor,origin,phase-data,shakemap,",338.0,1.359,0.49,16.0,mww,earthquake,"M 6.0 - 154 km ESE of Petropavlovsk-Kamchatsky, Russia",160.6453,52.4133,12.308,us6000qu2r,2025-07-22 01:59:28.404000+00:00,2025,7,22,1,Faible,,4.1,2.5649493574615367
5.3,"156 km ESE of Petropavlovsk-Kamchatsky, Russia",1753149537357,1759516884040,,https://earthquake.usgs.gov/earthquakes/eventpage/us6000qu1q,https://earthquake.usgs.gov/fdsnws/event/1/query?eventid=us6000qu1q&format=geojson,,,3.583,green,reviewed,0,432,us,6000qu1q,",us6000qu1q,usauto6000qu1q,",",us,usauto,",",ground-failure,internal-moment-tensor,losspager,origin,phase-data,shakemap,",207.0,1.385,0.61,88.0,mb,earthquake,"M 5.3 - 156 km ESE of Petropavlovsk-Kamchatsky, Russia",160.7864,52.5395,10.0,us6000qu1q,2025-07-22 01:58:57.357000+00:00,2025,7,22,1,Faible,,4.1,2.5649493574615367
5.8,"94 km ENE of Kainantu, Papua New Guinea",1753116067858,1759516882040,,https://earthquake.usgs.gov/earthquakes/eventpage/us6000qtxh,https://earthquake.usgs.gov/fdsnws/event/1/query?eventid=us6000qtxh&format=geojson,16.0,5.0,4.219,green,reviewed,0,526,us,6000qtxh,",us6000qtxh,usauto6000qtxh,pt25202000,",",us,usauto,pt,",",dyfi,internal-moment-tensor,internal-origin,losspager,moment-tensor,origin,phase-data,shakemap,",137.0,3.562,0.72,25.0,mww,earthquake,"M 5.8 - 94 km ENE of Kainantu, Papua New Guinea",146.6039,-5.8623,94.0,us6000qtxh,2025-07-21 16:41:07.858000+00:00,2025,7,21,16,Faible,2.833213344056216,5.0,2.833213344056216
6.2,"91 km SSE of Sand Point, Alaska",1753050480041,1762294974921,,https://earthquake.usgs.gov/earthquakes/eventpage/us7000qe51,https://earthquake.usgs.gov/fdsnws/event/1/query?eventid=us7000qe51&format=geojson,25.0,5.4,5.088,green,reviewed,1,605,us,7000qe51,",at00szpyen,us7000qe51,usauto7000qe51,pt25201004,ak02598saaqj,",",at,us,usauto,pt,ak,",",dyfi,ground-failure,impact-link,internal-moment-tensor,internal-origin,losspager,moment-tensor,origin,phase-data,shakemap,",144.0,0.268,0.64,36.0,mww,earthquake,"M 6.2 - 91 km SSE of Sand Point, Alaska",-159.8382,54.6051,40.0,us7000qe51,2025-07-20 22:28:00.041000+00:00,2025,7,20,22,Faible,3.258096538021482,5.4,3.258096538021482
5.9,"163 km E of Petropavlovsk-Kamchatsky, Russia",1752996377432,1759516977040,,https://earthquake.usgs.gov/earthquakes/eventpage/us7000qdz8,https://earthquake.usgs.gov/fdsnws/event/1/query?eventid=us7000qdz8&format=geojson,,,4.075,green,reviewed,0,536,us,7000qdz8,",us7000qdz8,",",us,",",ground-failure,losspager,origin,phase-data,shakemap,",108.0,1.458,0.71,107.0,mb,earthquake,"M 5.9 - 163 km E of Petropavlovsk-Kamchatsky, Russia",161.0597,52.9657,10.0,us7000qdz8,2025-07-20 07:26:17.432000+00:00,2025,7,20,7,Faible,,4.1,2.5649493574615367
6.5,"143 km E of Petropavlovsk-Kamchatsky, Russia",1752996182065,1759516976040,,https://earthquake.usgs.gov/earthquakes/eventpage/us7000qdz2,https://earthquake.usgs.gov/fdsnws/event/1/query?eventid=us7000qdz2&format=geojson,1.0,4.7,5.224,green,reviewed,0,650,us,7000qdz2,",us7000qdz2,",",us,",",dyfi,ground-failure,losspager,moment-tensor,origin,phase-data,shakemap,",172.0,1.275,0.63,71.0,mww,earthquake,"M 6.5 - 143 km E of Petropavlovsk-Kamchatsky, Russia",160.7461,52.8915,34.991,us7000qdz2,2025-07-20 07:23:02.065000+00:00,2025,7,20,7,Faible,0.6931471805599453,4.7,0.6931471805599453
5.7,"162 km ESE of Petropavlovsk-Kamchatsky, Russia",1752995578030,1759516976040,,https://earthquake.usgs.gov/earthquakes/eventpage/us7000qdz0,https://earthquake.usgs.gov/fdsnws/event/1/query?eventid=us7000qdz0&format=geojson,,,3.771,green,reviewed,0,500,us,7000qdz0,",us7000qdz0,",",us,",",losspager,origin,phase-data,shakemap,",101.0,1.443,0.76,100.0,mb,earthquake,"M 5.7 - 162 km ESE of Petropavlovsk-Kamchatsky, Russia",160.9824,52.7333,10.0,us7000qdz0,2025-07-20 07:12:58.030000+00:00,2025,7,20,7,Faible,,4.1,2.5649493574615367
5.6,"162 km E of Petropavlovsk-Kamchatsky, Russia",1752995387134,1759516977040,,https://earthquake.usgs.gov/earthquakes/eventpage/us7000qdzf,https://earthquake.usgs.gov/fdsnws/event/1/query?eventid=us7000qdzf&format=geojson,,,3.748,green,reviewed,0,482,us,7000qdzf,",us7000qdzf,",",us,",",losspager,origin,phase-data,shakemap,",57.0,1.445,0.96,148.0,mb,earthquake,"M 5.6 - 162 km E of Petropavlovsk-Kamchatsky, Russia",161.0175,52.8415,10.0,us7000qdzf,2025-07-20 07:09:47.134000+00:00,2025,7,20,7,Faible,,4.1,2.5649493574615367
6.6,"153 km ESE of Petropavlovsk-Kamchatsky, Russia",1752995262573,1759516976040,,https://earthquake.usgs.gov/earthquakes/eventpage/us7000qdyw,https://earthquake.usgs.gov/fdsnws/event/1/query?eventid=us7000qdyw&format=geojson,1.0,5.4,4.804,green,reviewed,0,671,us,7000qdyw,",us7000qdyw,",",us,",",dyfi,ground-failure,losspager,moment-tensor,origin,phase-data,shakemap,",172.0,1.363,0.78,75.0,mww,earthquake,"M 6.6 - 153 km ESE of Petropavlovsk-Kamchatsky, Russia",160.8332,52.6981,10.0,us7000qdyw,2025-07-20 07:07:42.573000+00:00,2025,7,20,7,Faible,0.6931471805599453,5.4,0.6931471805599453
5.6,"150 km ESE of Petropavlovsk-Kamchatsky, Russia",1752994563710,1759516904040,,https://earthquake.usgs.gov/earthquakes/eventpage/us6000qxca,https://earthquake.usgs.gov/fdsnws/event/1/query?eventid=us6000qxca&format=geojson,,,3.737,green,reviewed,0,482,us,6000qxca,",us6000qxca,",",us,",",losspager,origin,phase-data,shakemap,",106.0,1.327,0.89,120.0,mb,earthquake,"M 5.6 - 150 km ESE of Petropavlovsk-Kamchatsky, Russia",160.7552,52.6641,10.0,us6000qxca,2025-07-20 06:56:03.710000+00:00,2025,7,20,6,Faible,,4.1,2.5649493574615367
7.4,"2025 Eastern Kamchatka, Russia Earthquake",1752994144327,1759516976040,,https://earthquake.usgs.gov/earthquakes/eventpage/us7000qdyl,https://earthquake.usgs.gov/fdsnws/event/1/query?eventid=us7000qdyl&format=geojson,24.0,7.7,7.578,red,reviewed,1,2018,us,7000qdyl,",at00szoqxu,us7000qdyl,pt25201001,",",at,us,pt,",",dyfi,earthquake-name,finite-fault,general-text,ground-failure,impact-link,impact-text,losspager,moment-tensor,origin,phase-data,shakemap,",170.0,1.245,0.77,32.0,mww,earthquake,"M 7.4 - 2025 Eastern Kamchatka, Russia Earthquake",160.6816,52.8301,34.0,us7000qdyl,2025-07-20 06:49:04.327000+00:00,2025,7,20,6,Sévère,3.2188758248682006,7.7,3.2188758248682006
6.6,"134 km E of Petropavlovsk-Kamchatsky, Russia",1752992897860,1759516975040,,https://earthquake.usgs.gov/earthquakes/eventpage/us7000qdye,https://earthquake.usgs.gov/fdsnws/event/1/query?eventid=us7000qdye&format=geojson,1.0,3.8,5.393,green,reviewed,1,671,us,7000qdye,",us7000qdye,pt25201000,at00szopz9,usauto7000qdye,",",us,pt,at,usauto,",",dyfi,ground-failure,impact-link,internal-moment-tensor,internal-origin,losspager,moment-tensor,origin,phase-data,shakemap,",161.0,1.197,0.86,73.0,mww,earthquake,"M 6.6 - 134 km E of Petropavlovsk-Kamchatsky, Russia",160.6233,52.9286,23.0,us7000qdye,2025-07-20 06:28:17.860000+00:00,2025,7,20,6,Faible,0.6931471805599453,3.8,0.6931471805599453
5.5,"100 km SSW of Basco, Philippines",1752990333448,1759516975040,,https://earthquake.usgs.gov/earthquakes/eventpage/us7000qdxz,https://earthquake.usgs.gov/fdsnws/event/1/query?eventid=us7000qdxz&format=geojson,1.0,5.8,4.381,green,reviewed,0,466,us,7000qdxz,",us7000qdxz,usauto7000qdxz,",",us,usauto,",",dyfi,internal-moment-tensor,losspager,moment-tensor,origin,phase-data,shakemap,",146.0,3.177,0.79,32.0,mww,earthquake,"M 5.5 - 100 km SSW of Basco, Philippines",121.5052,19.6495,45.853,us7000qdxz,2025-07-20 05:45:33.448000+00:00,2025,7,20,5,Faible,0.6931471805599453,5.8,0.6931471805599453
5.1,"30 km E of Qarnābād, Iran",1752961067538,1759516973040,,https://earthquake.usgs.gov/earthquakes/eventpage/us7000qdwb,https://earthquake.usgs.gov/fdsnws/event/1/query?eventid=us7000qdwb&format=geojson,10.0,5.4,6.525,green,reviewed,0,406,us,7000qdwb,",us7000qdwb,usauto7000qdwb,pt25200002,",",us,usauto,pt,",",dyfi,ground-failure,internal-moment-tensor,internal-origin,losspager,origin,phase-data,shakemap,",99.0,5.158,0.96,48.0,mww,earthquake,"M 5.1 - 30 km E of Qarnābād, Iran",54.9294,36.821,10.0,us7000qdwb,2025-07-19 21:37:47.538000+00:00,2025,7,19,21,Faible,2.3978952727983707,5.4,2.3978952727983707
5.4,"127 km ENE of Kinablangan, Philippines",1752942320575,1759516972040,,https://earthquake.usgs.gov/earthquakes/eventpage/us7000qduj,https://earthquake.usgs.gov/fdsnws/event/1/query?eventid=us7000qduj&format=geojson,,,3.42,green,reviewed,0,449,us,7000qduj,",usauto7000qduj,pt25200001,us7000qduj,",",usauto,pt,us,",",internal-moment-tensor,internal-origin,losspager,moment-tensor,origin,phase-data,shakemap,",240.0,2.287,0.67,14.0,mww,earthquake,"M 5.4 - 127 km ENE of Kinablangan, Philippines",127.5937,8.1924,10.0,us7000qduj,2025-07-19 16:25:20.575000+00:00,2025,7,19,16,Faible,,4.1,2.5649493574615367
5.6,northern East Pacific Rise,1752940507768,1759516972040,,https://earthquake.usgs.gov/earthquakes/eventpage/us7000qdue,https://earthquake.usgs.gov/fdsnws/event/1/query?eventid=us7000qdue&format=geojson,,,0.0,green,reviewed,0,482,us,7000qdue,",usauto7000qdue,pt25200000,us7000qdue,",",usauto,pt,us,",",internal-moment-tensor,internal-origin,losspager,moment-tensor,origin,phase-data,shakemap,",293.0,10.133,0.69,33.0,mww,earthquake,M 5.6 - northern East Pacific Rise,-103.0158,8.3465,10.0,us7000qdue,2025-07-19 15:55:07.768000+00:00,2025,7,19,15,Faible,,4.1,2.5649493574615367
5.4,northern East Pacific Rise,1752938925340,1759516972040,,https://earthquake.usgs.gov/earthquakes/eventpage/us7000qdu5,https://earthquake.usgs.gov/fdsnws/event/1/query?eventid=us7000qdu5&format=geojson,,,0.0,green,reviewed,0,449,us,7000qdu5,",usauto7000qdu5,us7000qdu5,",",usauto,us,",",internal-moment-tensor,losspager,moment-tensor,origin,phase-data,shakemap,",299.0,9.907,0.64,36.0,mww,earthquake,M 5.4 - northern East Pacific Rise,-102.8357,8.515,10.0,us7000qdu5,2025-07-19 15:28:45.340000+00:00,2025,7,19,15,Faible,,4.1,2.5649493574615367
5.1,"28 km ENE of Shwebo, Burma (Myanmar)",1752831003349,1759516953040,,https://earthquake.usgs.gov/earthquakes/eventpage/us7000qddu,https://earthquake.usgs.gov/fdsnws/event/1/query?eventid=us7000qddu&format=geojson,4.0,4.3,6.768,yellow,reviewed,0,652,us,7000qddu,",us7000qddu,usauto7000qddu,",",us,usauto,",",dyfi,ground-failure,internal-moment-tensor,losspager,moment-tensor,origin,phase-data,shakemap,",111.0,1.749,0.83,58.0,mww,earthquake,"M 5.1 - 28 km ENE of Shwebo, Burma (Myanmar)",95.9569,22.6707,10.0,us7000qddu,2025-07-18 09:30:03.349000+00:00,2025,7,18,9,Modéré,1.6094379124341003,4.3,1.6094379124341003
5.6,"76 km S of Tambolaka, Indonesia",1752743065461,1759516948040,,https://earthquake.usgs.gov/earthquakes/eventpage/us7000qd6b,https://earthquake.usgs.gov/fdsnws/event/1/query?eventid=us7000qd6b&format=geojson,2.0,5.5,4.22,green,reviewed,0,484,us,7000qd6b,",us7000qd6b,usauto7000qd6b,",",us,usauto,",",dyfi,internal-moment-tensor,losspager,moment-tensor,origin,phase-data,shakemap,",87.0,1.177,1.02,44.0,mww,earthquake,"M 5.6 - 76 km S of Tambolaka, Indonesia",119.1925,-10.1195,24.0,us7000qd6b,2025-07-17 09:04:25.461000+00:00,2025,7,17,9,Faible,1.0986122886681098,5.5,1.0986122886681098
5.6,"96 km SSE of Sand Point, Alaska",1752726637038,1759516946040,,https://earthquake.usgs.gov/earthquakes/eventpage/us7000qd4n,https://earthquake.usgs.gov/fdsnws/event/1/query?eventid=us7000qd4n&format=geojson,,,3.929,green,reviewed,1,482,us,7000qd4n,",at00szj0iz,us7000qd4n,usauto7000qd4n,ak02593iyyhc,",",at,us,usauto,ak,",",impact-link,impact-text,internal-moment-tensor,losspager,moment-tensor,origin,phase-data,shakemap,",163.0,0.451,0.98,122.0,mww,earthquake,"M 5.6 - 96 km SSE of Sand Point, Alaska",-160.1181,54.5012,35.0,us7000qd4n,2025-07-17 04:30:37.038000+00:00,2025,7,17,4,Faible,,4.1,2.5649493574615367
5.4,"93 km SSE of Sand Point, Alaska",1752698535037,1759516946040,,https://earthquake.usgs.gov/earthquakes/eventpage/us7000qd56,https://earthquake.usgs.gov/fdsnws/event/1/query?eventid=us7000qd56&format=geojson,,,4.048,green,reviewed,0,449,us,7000qd56,",us7000qd56,ak02592512kp,",",us,ak,",",losspager,origin,phase-data,shakemap,",62.0,0.266,0.79,122.0,mb,earthquake,"M 5.4 - 93 km SSE of Sand Point, Alaska",-159.8086,54.5973,43.905,us7000qd56,2025-07-16 20:42:15.037000+00:00,2025,7,16,20,Faible,,4.1,2.5649493574615367
7.3,"2025 Sand Point, Alaska Earthquake",1752698261667,1784234874969,,https://earthquake.usgs.gov/earthquakes/eventpage/us7000qd1y,https://earthquake.usgs.gov/fdsnws/event/1/query?eventid=us7000qd1y&format=geojson,192.0,7.4,6.694,green,reviewed,1,962,us,7000qd1y,",at00sziems,us7000qd1y,pt25197050,usauto7000qd1y,ak025925029r,",",at,us,pt,usauto,ak,",",dyfi,earthquake-name,event-sequence,finite-fault,general-text,ground-failure,impact-link,impact-text,internal-moment-tensor,losspager,moment-tensor,oaf,origin,phase-data,shakemap,",180.0,0.576,0.75,21.0,mww,earthquake,"M 7.3 - 2025 Sand Point, Alaska Earthquake",-160.4689,54.5652,38.0,us7000qd1y,2025-07-16 20:37:41.667000+00:00,2025,7,16,20,Faible,5.262690188904886,7.4,5.262690188904886
5.0,"57 km E of Atka, Alaska",1752675712330,1784212321977,,https://earthquake.usgs.gov/earthquakes/eventpage/us7000qd00,https://earthquake.usgs.gov/fdsnws/event/1/query?eventid=us7000qd00&format=geojson,4.0,3.4,4.275,green,reviewed,1,386,us,7000qd00,",us7000qd00,at00szhx8g,usauto7000qd00,ak025921c1tg,",",us,at,usauto,ak,",",dyfi,event-sequence,impact-link,internal-moment-tensor,losspager,moment-tensor,oaf,origin,phase-data,shakemap,",306.0,0.453,0.77,72.0,mww,earthquake,"M 5.0 - 57 km E of Atka, Alaska",-173.3679,52.1732,69.829,us7000qd00,2025-07-16 14:21:52.330000+00:00,2025,7,16,14,Faible,1.6094379124341003,3.4,1.6094379124341003
5.8,near the north coast of Greenland,1752599755394,1764364911685,,https://earthquake.usgs.gov/earthquakes/eventpage/us7000qctd,https://earthquake.usgs.gov/fdsnws/event/1/query?eventid=us7000qctd&format=geojson,,,7.517,green,reviewed,0,518,us,7000qctd,",us7000qctd,usauto7000qctd,pt25196001,",",us,usauto,pt,",",earthquake-name,ground-failure,internal-moment-tensor,internal-origin,losspager,moment-tensor,origin,phase-data,shakemap,",118.0,2.736,1.09,24.0,mww,earthquake,M 5.8 - near the north coast of Greenland,-33.136,83.2703,8.0,us7000qctd,2025-07-15 17:15:55.394000+00:00,2025,7,15,17,Faible,,4.1,2.5649493574615367
5.7,"Kermadec Islands, New Zealand",1752573301981,1764364776228,,https://earthquake.usgs.gov/earthquakes/eventpage/us7000qcrv,https://earthquake.usgs.gov/fdsnws/event/1/query?eventid=us7000qcrv&format=geojson,1.0,2.0,4.184,green,reviewed,0,500,us,7000qcrv,",us7000qcrv,usauto7000qcrv,pt25196000,",",us,usauto,pt,",",dyfi,earthquake-name,ground-failure,internal-moment-tensor,internal-origin,losspager,moment-tensor,origin,phase-data,shakemap,",191.0,0.818,0.66,52.0,mww,earthquake,"M 5.7 - Kermadec Islands, New Zealand",-177.9432,-30.0661,48.15,us7000qcrv,2025-07-15 09:55:01.981000+00:00,2025,7,15,9,Faible,0.6931471805599453,2.0,0.6931471805599453
5.4,"2 km SW of Piddig, Philippines",1752547099611,1764364613569,,https://earthquake.usgs.gov/earthquakes/eventpage/us7000qcqe,https://earthquake.usgs.gov/fdsnws/event/1/query?eventid=us7000qcqe&format=geojson,10.0,5.8,5.44,green,reviewed,0,454,us,7000qcqe,",us7000qcqe,usauto7000qcqe,",",us,usauto,",",dyfi,earthquake-name,ground-failure,internal-moment-tensor,losspager,moment-tensor,origin,phase-data,shakemap,",147.0,4.659,0.85,40.0,mww,earthquake,"M 5.4 - 2 km SW of Piddig, Philippines",120.6989,18.1482,50.0,us7000qcqe,2025-07-15 02:38:19.611000+00:00,2025,7,15,2,Faible,2.3978952727983707,5.8,2.3978952727983707
5.8,Kuril Islands,1752529079420,1764364542080,,https://earthquake.usgs.gov/earthquakes/eventpage/us7000qcp2,https://earthquake.usgs.gov/fdsnws/event/1/query?eventid=us7000qcp2&format=geojson,,,4.229,green,reviewed,0,518,us,7000qcp2,",us7000qcp2,usauto7000qcp2,pt25195002,",",us,usauto,pt,",",earthquake-name,internal-moment-tensor,internal-origin,losspager,moment-tensor,origin,phase-data,shakemap,",136.0,5.972,0.8,46.0,mww,earthquake,M 5.8 - Kuril Islands,151.4305,46.5459,74.0,us7000qcp2,2025-07-14 21:37:59.420000+00:00,2025,7,14,21,Faible,,4.1,2.5649493574615367
6.2,"206 km S of Burica, Panama",1752513409051,1764364451510,,https://earthquake.usgs.gov/earthquakes/eventpage/us7000qclp,https://earthquake.usgs.gov/fdsnws/event/1/query?eventid=us7000qclp&format=geojson,3.0,2.2,3.985,green,reviewed,1,592,us,7000qclp,",at00szeg02,us7000qclp,pt25195001,usauto7000qclp,",",at,us,pt,usauto,",",dyfi,earthquake-name,ground-failure,impact-link,internal-moment-tensor,internal-origin,losspager,moment-tensor,origin,phase-data,shakemap,",108.0,3.113,0.72,84.0,mww,earthquake,"M 6.2 - 206 km S of Burica, Panama",-82.7372,6.1706,10.0,us7000qclp,2025-07-14 17:16:49.051000+00:00,2025,7,14,17,Faible,1.3862943611198906,2.2,1.3862943611198906
6.7,"180 km WSW of Tual, Indonesia",1752472198119,1764364223200,,https://earthquake.usgs.gov/earthquakes/eventpage/us7000qcik,https://earthquake.usgs.gov/fdsnws/event/1/query?eventid=us7000qcik&format=geojson,50.0,4.9,5.748,green,reviewed,1,715,us,7000qcik,",pt25195000,at00szdk79,us7000qcik,usauto7000qcik,",",pt,at,us,usauto,",",dyfi,earthquake-name,ground-failure,impact-link,impact-text,internal-moment-tensor,internal-origin,losspager,moment-tensor,origin,phase-data,shakemap,trump-origin,",149.0,2.143,0.63,19.0,mww,earthquake,"M 6.7 - 180 km WSW of Tual, Indonesia",131.2331,-6.2201,70.687,us7000qcik,2025-07-14 05:49:58.119000+00:00,2025,7,14,5,Faible,3.9318256327243257,4.9,3.9318256327243257
5.2,"285 km SSE of Port Blair, India",1752412480966,1764363979552,,https://earthquake.usgs.gov/earthquakes/eventpage/us7000qcet,https://earthquake.usgs.gov/fdsnws/event/1/query?eventid=us7000qcet&format=geojson,,,3.347,green,reviewed,0,416,us,7000qcet,",us7000qcet,usauto7000qcet,",",us,usauto,",",earthquake-name,internal-moment-tensor,losspager,moment-tensor,origin,phase-data,shakemap,",110.0,5.699,0.73,29.0,mww,earthquake,"M 5.2 - 285 km SSE of Port Blair, India",93.8813,9.3388,10.771,us7000qcet,2025-07-13 13:14:40.966000+00:00,2025,7,13,13,Faible,,4.1,2.5649493574615367
4.4,"34 km ESE of Susitna North, Alaska",1752323793978,1758407311040,,https://earthquake.usgs.gov/earthquakes/eventpage/ak0258ve2yvm,https://earthquake.usgs.gov/fdsnws/event/1/query?eventid=ak0258ve2yvm&format=geojson,81.0,3.8,3.349,green,reviewed,0,329,ak,0258ve2yvm,",ak0258ve2yvm,us7000qc94,",",ak,us,",",dyfi,losspager,moment-tensor,origin,phase-data,shakemap,",,,0.85,,mwr,earthquake,"M 4.4 - 34 km ESE of Susitna North, Alaska",-149.2123,62.0798,34.1,ak0258ve2yvm,2025-07-12 12:36:33.978000+00:00,2025,7,12,12,Faible,4.406719247264253,3.8,4.406719247264253
4.34,"12 km WNW of Calipatria, CA",1752227742860,1783764348228,,https://earthquake.usgs.gov/earthquakes/eventpage/ci41019687,https://earthquake.usgs.gov/fdsnws/event/1/query?eventid=ci41019687&format=geojson,46.0,5.3,4.874,green,reviewed,0,314,ci,41019687,",ci41019687,us7000qbzv,",",ci,us,",",dyfi,event-sequence,focal-mechanism,losspager,moment-tensor,nearby-cities,oaf,origin,phase-data,scitech-link,shakemap,",79.0,0.02421,0.25,41.0,mw,earthquake,"M 4.3 - 12 km WNW of Calipatria, CA",-115.6366667,33.1608333,11.21,ci41019687,2025-07-11 09:55:42.860000+00:00,2025,7,11,9,Faible,3.8501476017100584,5.3,3.8501476017100584
5.1,"107 km SSW of Bandar Lampung, Indonesia",1752018642065,1757694192040,,https://earthquake.usgs.gov/earthquakes/eventpage/us7000qbgp,https://earthquake.usgs.gov/fdsnws/event/1/query?eventid=us7000qbgp&format=geojson,7.0,4.4,4.261,green,reviewed,0,403,us,7000qbgp,",us7000qbgp,usauto7000qbgp,",",us,usauto,",",dyfi,internal-moment-tensor,losspager,origin,phase-data,shakemap,",122.0,1.609,0.7,51.0,mww,earthquake,"M 5.1 - 107 km SSW of Bandar Lampung, Indonesia",104.7897,-6.2841,79.767,us7000qbgp,2025-07-08 23:50:42.065000+00:00,2025,7,8,23,Faible,2.0794415416798357,4.4,2.0794415416798357
5.7,"3 km SSW of Amatitlán, Guatemala",1752010891063,1784601475736,,https://earthquake.usgs.gov/earthquakes/eventpage/us7000qbfv,https://earthquake.usgs.gov/fdsnws/event/1/query?eventid=us7000qbfv&format=geojson,159.0,7.4,6.941,yellow,reviewed,0,768,us,7000qbfv,",us7000qbfv,usauto7000qbfv,pt25189000,",",us,usauto,pt,",",dyfi,ground-failure,impact-text,internal-moment-tensor,internal-origin,losspager,moment-tensor,origin,phase-data,shakemap,",124.0,0.167,0.55,39.0,mww,earthquake,"M 5.7 - 3 km SSW of Amatitlán, Guatemala",-90.6483,14.4503,10.0,us7000qbfv,2025-07-08 21:41:31.063000+00:00,2025,7,8,21,Modéré,5.075173815233827,7.4,5.075173815233827
6.2,"213 km WSW of Riverton, New Zealand",1751892824013,1757694191040,,https://earthquake.usgs.gov/earthquakes/eventpage/us7000qb4s,https://earthquake.usgs.gov/fdsnws/event/1/query?eventid=us7000qb4s&format=geojson,23.0,5.3,4.601,green,reviewed,0,604,us,7000qb4s,",us7000qb4s,usauto7000qb4s,at00sz155i,pt25188000,",",us,usauto,at,pt,",",dyfi,ground-failure,internal-moment-tensor,internal-origin,losspager,moment-tensor,origin,phase-data,shakemap,",65.0,1.296,0.8,64.0,mww,earthquake,"M 6.2 - 213 km WSW of Riverton, New Zealand",165.4962,-47.1735,22.0,us7000qb4s,2025-07-07 12:53:44.013000+00:00,2025,7,7,12,Faible,3.1780538303479458,5.3,3.1780538303479458
5.5,"77 km NE of ‘Ohonua, Tonga",1751833902999,1757694190040,,https://earthquake.usgs.gov/earthquakes/eventpage/us7000qb20,https://earthquake.usgs.gov/fdsnws/event/1/query?eventid=us7000qb20&format=geojson,,,4.067,green,reviewed,0,465,us,7000qb20,",usauto7000qb20,at00syzvp0,pt25187001,us7000qb20,",",usauto,at,pt,us,",",internal-moment-tensor,internal-origin,losspager,moment-tensor,origin,phase-data,shakemap,",72.0,7.405,1.06,57.0,mww,earthquake,"M 5.5 - 77 km NE of ‘Ohonua, Tonga",-174.3501,-20.9353,10.0,us7000qb20,2025-07-06 20:31:42.999000+00:00,2025,7,6,20,Faible,,4.1,2.5649493574615367
5.1,"53 km N of Moyobamba, Peru",1751801263745,1757694189040,,https://earthquake.usgs.gov/earthquakes/eventpage/us7000qazs,https://earthquake.usgs.gov/fdsnws/event/1/query?eventid=us7000qazs&format=geojson,2.0,4.3,6.555,green,reviewed,0,401,us,7000qazs,",us7000qazs,usauto7000qazs,",",us,usauto,",",dyfi,ground-failure,internal-moment-tensor,losspager,origin,phase-data,shakemap,",138.0,3.794,0.73,55.0,mww,earthquake,"M 5.1 - 53 km N of Moyobamba, Peru",-77.0114,-5.5489,10.0,us7000qazs,2025-07-06 11:27:43.745000+00:00,2025,7,6,11,Faible,1.0986122886681098,4.3,1.0986122886681098
5.5,"103 km N of Tatsugō, Japan",1751778422820,1757694189040,,https://earthquake.usgs.gov/earthquakes/eventpage/us7000qayf,https://earthquake.usgs.gov/fdsnws/event/1/query?eventid=us7000qayf&format=geojson,,,5.356,green,reviewed,0,465,us,7000qayf,",us7000qayf,usauto7000qayf,pt25187000,",",us,usauto,pt,",",ground-failure,internal-moment-tensor,internal-origin,losspager,moment-tensor,origin,phase-data,shakemap,",102.0,2.262,1.02,82.0,mww,earthquake,"M 5.5 - 103 km N of Tatsugō, Japan",129.5412,29.3813,10.0,us7000qayf,2025-07-06 05:07:02.820000+00:00,2025,7,6,5,Faible,,4.1,2.5649493574615367
5.5,"50 km NNW of Sabang, Indonesia",1751744540755,1757694189040,,https://earthquake.usgs.gov/earthquakes/eventpage/us7000qavc,https://earthquake.usgs.gov/fdsnws/event/1/query?eventid=us7000qavc&format=geojson,,,4.146,green,reviewed,0,465,us,7000qavc,",usauto7000qavc,us7000qavc,",",usauto,us,",",internal-moment-tensor,losspager,moment-tensor,origin,phase-data,shakemap,",104.0,2.126,0.93,40.0,mww,earthquake,"M 5.5 - 50 km NNW of Sabang, Indonesia",95.0881,6.2844,10.0,us7000qavc,2025-07-05 19:42:20.755000+00:00,2025,7,5,19,Faible,,4.1,2.5649493574615367
5.4,"107 km NNW of Tatsugō, Japan",1751664579130,1757694188040,,https://earthquake.usgs.gov/earthquakes/eventpage/us7000qarl,https://earthquake.usgs.gov/fdsnws/event/1/query?eventid=us7000qarl&format=geojson,2.0,1.0,4.318,green,reviewed,0,449,us,7000qarl,",us7000qarl,usauto7000qarl,",",us,usauto,",",dyfi,internal-moment-tensor,losspager,moment-tensor,origin,phase-data,shakemap,",103.0,2.331,0.71,49.0,mww,earthquake,"M 5.4 - 107 km NNW of Tatsugō, Japan",129.3214,29.3862,10.0,us7000qarl,2025-07-04 21:29:39.130000+00:00,2025,7,4,21,Faible,1.0986122886681098,1.0,1.0986122886681098
5.6,"256 km SSE of Ushuaia, Argentina",1751644065649,1757694187040,,https://earthquake.usgs.gov/earthquakes/eventpage/us7000qamr,https://earthquake.usgs.gov/fdsnws/event/1/query?eventid=us7000qamr&format=geojson,1.0,1.0,3.535,green,reviewed,0,483,us,7000qamr,",us7000qamr,usauto7000qamr,pt25185000,",",us,usauto,pt,",",dyfi,internal-moment-tensor,internal-origin,losspager,moment-tensor,origin,phase-data,shakemap,",91.0,2.131,0.66,53.0,mww,earthquake,"M 5.6 - 256 km SSE of Ushuaia, Argentina",-67.4161,-57.0542,10.0,us7000qamr,2025-07-04 15:47:45.649000+00:00,2025,7,4,15,Faible,0.6931471805599453,1.0,0.6931471805599453
4.4,"25 km SW of Skwentna, Alaska",1751582412802,1757694186040,,https://earthquake.usgs.gov/earthquakes/eventpage/ak0258go7zsl,https://earthquake.usgs.gov/fdsnws/event/1/query?eventid=ak0258go7zsl&format=geojson,83.0,3.1,3.415,green,reviewed,0,324,ak,0258go7zsl,",ak0258go7zsl,us7000qajj,",",ak,us,",",dyfi,losspager,moment-tensor,origin,phase-data,shakemap,",,,0.77,,mb,earthquake,"M 4.4 - 25 km SW of Skwentna, Alaska",-151.7713,61.8432,99.9,ak0258go7zsl,2025-07-03 22:40:12.802000+00:00,2025,7,3,22,Faible,4.430816798843313,3.1,4.430816798843313
3.9,"28 km SSE of Port Graham, Alaska",1751563186340,1757694186040,,https://earthquake.usgs.gov/earthquakes/eventpage/ak0258gl4e9k,https://earthquake.usgs.gov/fdsnws/event/1/query?eventid=ak0258gl4e9k&format=geojson,13.0,3.1,3.288,green,reviewed,0,238,ak,0258gl4e9k,",us7000qai7,ak0258gl4e9k,",",us,ak,",",dyfi,losspager,moment-tensor,origin,phase-data,shakemap,",,,0.89,,ml,earthquake,"M 3.9 - 28 km SSE of Port Graham, Alaska",-151.5708,59.1356,57.4,ak0258gl4e9k,2025-07-03 17:19:46.340000+00:00,2025,7,3,17,Faible,2.6390573296152584,3.1,2.6390573296152584
5.4,Pacific-Antarctic Ridge,1751539164085,1757694186040,,https://earthquake.usgs.gov/earthquakes/eventpage/us7000qaeh,https://earthquake.usgs.gov/fdsnws/event/1/query?eventid=us7000qaeh&format=geojson,,,0.0,green,reviewed,0,449,us,7000qaeh,",usauto7000qaeh,us7000qaeh,",",usauto,us,",",internal-moment-tensor,losspager,moment-tensor,origin,phase-data,shakemap,",67.0,18.777,0.89,39.0,mww,earthquake,M 5.4 - Pacific-Antarctic Ridge,-158.8092,-62.5065,10.0,us7000qaeh,2025-07-03 10:39:24.085000+00:00,2025,7,3,10,Faible,,4.1,2.5649493574615367
5.5,"104 km N of Tatsugō, Japan",1751526780356,1757694186040,,https://earthquake.usgs.gov/earthquakes/eventpage/us7000qadp,https://earthquake.usgs.gov/fdsnws/event/1/query?eventid=us7000qadp&format=geojson,,,4.454,green,reviewed,0,465,us,7000qadp,",usauto7000qadp,us7000qadp,",",usauto,us,",",internal-moment-tensor,losspager,moment-tensor,origin,phase-data,shakemap,",129.0,2.305,0.45,82.0,mww,earthquake,"M 5.5 - 104 km N of Tatsugō, Japan",129.4093,29.3808,10.0,us7000qadp,2025-07-03 07:13:00.356000+00:00,2025,7,3,7,Faible,,4.1,2.5649493574615367
5.4,"100 km E of Ollagüe, Chile",1751521303206,1757694186040,,https://earthquake.usgs.gov/earthquakes/eventpage/us7000qad7,https://earthquake.usgs.gov/fdsnws/event/1/query?eventid=us7000qad7&format=geojson,5.0,2.5,3.542,green,reviewed,0,450,us,7000qad7,",us7000qad7,usauto7000qad7,",",us,usauto,",",dyfi,internal-moment-tensor,losspager,moment-tensor,origin,phase-data,shakemap,",121.0,1.786,1.11,44.0,mww,earthquake,"M 5.4 - 100 km E of Ollagüe, Chile",-67.2971,-21.3567,194.757,us7000qad7,2025-07-03 05:41:43.206000+00:00,2025,7,3,5,Faible,1.791759469228055,2.5,1.791759469228055
5.6,"189 km ENE of Levuka, Fiji",1751440526742,1757694184040,,https://earthquake.usgs.gov/earthquakes/eventpage/us7000qa5h,https://earthquake.usgs.gov/fdsnws/event/1/query?eventid=us7000qa5h&format=geojson,,,1.851,green,reviewed,0,482,us,7000qa5h,",usauto7000qa5h,us7000qa5h,",",usauto,us,",",internal-moment-tensor,losspager,moment-tensor,origin,phase-data,shakemap,",121.0,1.991,0.82,23.0,mww,earthquake,"M 5.6 - 189 km ENE of Levuka, Fiji",-178.9462,-17.6546,526.92,us7000qa5h,2025-07-02 07:15:26.742000+00:00,2025,7,2,7,Faible,,4.1,2.5649493574615367
5.6,"98 km NNW of Tatsugō, Japan",1751437608945,1757694184040,,https://earthquake.usgs.gov/earthquakes/eventpage/us7000qa5e,https://earthquake.usgs.gov/fdsnws/event/1/query?eventid=us7000qa5e&format=geojson,1.0,2.2,5.921,green,reviewed,0,483,us,7000qa5e,",us7000qa5e,usauto7000qa5e,pt25183000,at00syrdwv,",",us,usauto,pt,at,",",dyfi,ground-failure,internal-moment-tensor,internal-origin,losspager,moment-tensor,origin,phase-data,shakemap,",103.0,2.509,1.2,49.0,mww,earthquake,"M 5.6 - 98 km NNW of Tatsugō, Japan",129.1665,29.2518,10.0,us7000qa5e,2025-07-02 06:26:48.945000+00:00,2025,7,2,6,Faible,0.6931471805599453,2.2,0.6931471805599453
5.4,south of the Fiji Islands,1751425037022,1757694184040,,https://earthquake.usgs.gov/earthquakes/eventpage/us7000qa4b,https://earthquake.usgs.gov/fdsnws/event/1/query?eventid=us7000qa4b&format=geojson,,,0.0,green,reviewed,0,449,us,7000qa4b,",usauto7000qa4b,us7000qa4b,",",usauto,us,",",internal-moment-tensor,losspager,moment-tensor,origin,phase-data,shakemap,",83.0,2.751,0.77,127.0,mww,earthquake,M 5.4 - south of the Fiji Islands,-176.3594,-26.8607,10.0,us7000qa4b,2025-07-02 02:57:17.022000+00:00,2025,7,2,2,Faible,,4.1,2.5649493574615367
5.5,"88 km W of San Antonio, Chile",1751420379205,1757694184040,,https://earthquake.usgs.gov/earthquakes/eventpage/us7000qa3y,https://earthquake.usgs.gov/fdsnws/event/1/query?eventid=us7000qa3y&format=geojson,4.0,2.5,4.052,green,reviewed,0,466,us,7000qa3y,",us7000qa3y,usauto7000qa3y,",",us,usauto,",",dyfi,internal-moment-tensor,losspager,moment-tensor,origin,phase-data,shakemap,",91.0,0.793,1.09,132.0,mww,earthquake,"M 5.5 - 88 km W of San Antonio, Chile",-72.5628,-33.6025,10.0,us7000qa3y,2025-07-02 01:39:39.205000+00:00,2025,7,2,1,Faible,1.6094379124341003,2.5,1.6094379124341003
